,id,svid,constellation,cn0,agc,azimuth_deg,elevation_deg,fileName,CONUS,fileId
0,1,10,Glonass,28.3,5.94,0.0,0.0,TORGI-GNSS-20180911T085412.382Z.gpkg,0,Control-15
1,2,9,Glonass,34.8,5.94,0.0,0.0,TORGI-GNSS-20180911T085412.382Z.gpkg,0,Control-15
2,3,11,Glonass,31.4,5.94,0.0,0.0,TORGI-GNSS-20180911T085412.382Z.gpkg,0,Control-15
3,4,5,Glonass,37.5,5.94,0.0,0.0,TORGI-GNSS-20180911T085412.382Z.gpkg,0,Control-15
4,5,20,Glonass,37.6,5.94,0.0,0.0,TORGI-GNSS-20180911T085412.382Z.gpkg,0,Control-15
5,6,19,Glonass,34.0,5.94,0.0,0.0,TORGI-GNSS-20180911T085412.382Z.gpkg,0,Control-15
6,7,21,Glonass,30.8,5.94,0.0,0.0,TORGI-GNSS-20180911T085412.382Z.gpkg,0,Control-15
7,8,4,Glonass,38.9,5.94,0.0,0.0,TORGI-GNSS-20180911T085412.382Z.gpkg,0,Control-15
8,9,10,GPS,35.4,-3.15,0.0,0.0,TORGI-GNSS-20180911T085412.382Z.gpkg,0,Control-15
9,10,13,GPS,34.3,-3.15,0.0,0.0,TORGI-GNSS-20180911T085412.382Z.gpkg,0,Control-15
10,11,15,GPS,41.0,-3.15,0.0,0.0,TORGI-GNSS-20180911T085412.382Z.gpkg,0,Control-15
11,12,16,GPS,41.6,-3.15,0.0,0.0,TORGI-GNSS-20180911T085412.382Z.gpkg,0,Control-15
12,13,20,GPS,41.3,-3.15,0.0,0.0,TORGI-GNSS-20180911T085412.382Z.gpkg,0,Control-15
13,14,21,GPS,40.1,-3.15,0.0,0.0,TORGI-GNSS-20180911T085412.382Z.gpkg,0,Control-15
14,15,26,GPS,45.0,-3.15,0.0,0.0,TORGI-GNSS-20180911T085412.382Z.gpkg,0,Control-15
15,16,27,GPS,31.5,-3.15,0.0,0.0,TORGI-GNSS-20180911T085412.382Z.gpkg,0,Control-15
16,17,29,GPS,40.4,-3.15,0.0,0.0,TORGI-GNSS-20180911T085412.382Z.gpkg,0,Control-15
17,18,10,Glonass,35.5,5.94,265.0,16.0,TORGI-GNSS-20180911T085412.382Z.gpkg,0,Control-15
18,19,9,Glonass,33.3,5.94,219.0,4.0,TORGI-GNSS-20180911T085412.382Z.gpkg,0,Control-15
19,20,5,Glonass,35.7,5.94,150.0,60.0,TORGI-GNSS-20180911T085412.382Z.gpkg,0,Control-15
20,21,20,Glonass,38.3,5.94,345.0,46.0,TORGI-GNSS-20180911T085412.382Z.gpkg,0,Control-15
21,22,19,Glonass,33.2,5.94,74.0,40.0,TORGI-GNSS-20180911T085412.382Z.gpkg,0,Control-15
22,23,4,Glonass,34.3,5.94,47.0,47.0,TORGI-GNSS-20180911T085412.382Z.gpkg,0,Control-15
23,24,10,GPS,40.4,-3.15,213.0,51.0,TORGI-GNSS-20180911T085412.382Z.gpkg,0,Control-15
24,25,13,GPS,32.9,-3.15,45.0,7.0,TORGI-GNSS-20180911T085412.382Z.gpkg,0,Control-15
25,26,15,GPS,38.8,-3.15,78.0,28.0,TORGI-GNSS-20180911T085412.382Z.gpkg,0,Control-15
26,27,16,GPS,37.4,-3.15,282.0,42.0,TORGI-GNSS-20180911T085412.382Z.gpkg,0,Control-15
27,28,20,GPS,42.6,-3.15,213.0,81.0,TORGI-GNSS-20180911T085412.382Z.gpkg,0,Control-15
28,29,21,GPS,40.2,-3.15,22.0,61.0,TORGI-GNSS-20180911T085412.382Z.gpkg,0,Control-15
29,30,26,GPS,44.1,-3.15,241.0,42.0,TORGI-GNSS-20180911T085412.382Z.gpkg,0,Control-15
30,31,27,GPS,37.6,-3.15,314.0,22.0,TORGI-GNSS-20180911T085412.382Z.gpkg,0,Control-15
31,32,29,GPS,42.0,-3.15,120.0,30.0,TORGI-GNSS-20180911T085412.382Z.gpkg,0,Control-15
32,33,32,GPS,34.7,-3.15,0.0,0.0,TORGI-GNSS-20180911T085412.382Z.gpkg,0,Control-15
33,34,10,Glonass,29.0,5.94,265.0,16.0,TORGI-GNSS-20180911T085412.382Z.gpkg,0,Control-15
34,35,18,Glonass,31.8,5.94,106.0,2.0,TORGI-GNSS-20180911T085412.382Z.gpkg,0,Control-15
35,36,20,Glonass,36.5,5.94,345.0,46.0,TORGI-GNSS-20180911T085412.382Z.gpkg,0,Control-15
36,37,19,Glonass,31.1,5.94,74.0,40.0,TORGI-GNSS-20180911T085412.382Z.gpkg,0,Control-15
37,38,4,Glonass,37.0,5.94,47.0,47.0,TORGI-GNSS-20180911T085412.382Z.gpkg,0,Control-15
38,39,10,GPS,39.9,-3.15,213.0,51.0,TORGI-GNSS-20180911T085412.382Z.gpkg,0,Control-15
39,40,13,GPS,34.2,-3.15,45.0,7.0,TORGI-GNSS-20180911T085412.382Z.gpkg,0,Control-15
40,41,15,GPS,37.8,-3.15,78.0,28.0,TORGI-GNSS-20180911T085412.382Z.gpkg,0,Control-15
41,42,16,GPS,41.7,-3.15,282.0,42.0,TORGI-GNSS-20180911T085412.382Z.gpkg,0,Control-15
42,43,20,GPS,40.1,-3.15,213.0,81.0,TORGI-GNSS-20180911T085412.382Z.gpkg,0,Control-15
43,44,21,GPS,34.6,-3.15,22.0,61.0,TORGI-GNSS-20180911T085412.382Z.gpkg,0,Control-15
44,45,26,GPS,42.7,-3.15,241.0,42.0,TORGI-GNSS-20180911T085412.382Z.gpkg,0,Control-15
45,46,27,GPS,42.1,-3.15,314.0,22.0,TORGI-GNSS-20180911T085412.382Z.gpkg,0,Control-15
46,47,29,GPS,40.3,-3.15,120.0,30.0,TORGI-GNSS-20180911T085412.382Z.gpkg,0,Control-15
47,48,32,GPS,31.6,-3.15,0.0,0.0,TORGI-GNSS-20180911T085412.382Z.gpkg,0,Control-15
48,49,10,Glonass,32.5,5.94,265.0,16.0,TORGI-GNSS-20180911T085412.382Z.gpkg,0,Control-15
49,50,18,Glonass,31.3,5.94,106.0,2.0,TORGI-GNSS-20180911T085412.382Z.gpkg,0,Control-15
50,51,9,Glonass,29.8,5.94,219.0,4.0,TORGI-GNSS-20180911T085412.382Z.gpkg,0,Control-15
51,52,5,Glonass,32.1,5.94,150.0,60.0,TORGI-GNSS-20180911T085412.382Z.gpkg,0,Control-15
52,53,20,Glonass,36.0,5.94,345.0,46.0,TORGI-GNSS-20180911T085412.382Z.gpkg,0,Control-15
53,54,19,Glonass,32.5,5.94,74.0,40.0,TORGI-GNSS-20180911T085412.382Z.gpkg,0,Control-15
54,55,21,Glonass,30.9,5.94,306.0,5.0,TORGI-GNSS-20180911T085412.382Z.gpkg,0,Control-15
55,56,4,Glonass,35.6,5.94,47.0,47.0,TORGI-GNSS-20180911T085412.382Z.gpkg,0,Control-15
56,57,10,GPS,38.3,-3.15,213.0,51.0,TORGI-GNSS-20180911T085412.382Z.gpkg,0,Control-15
57,58,13,GPS,30.1,-3.15,45.0,7.0,TORGI-GNSS-20180911T085412.382Z.gpkg,0,Control-15
58,59,15,GPS,38.0,-3.15,78.0,28.0,TORGI-GNSS-20180911T085412.382Z.gpkg,0,Control-15
59,60,16,GPS,41.0,-3.15,282.0,42.0,TORGI-GNSS-20180911T085412.382Z.gpkg,0,Control-15
60,61,20,GPS,40.0,-3.15,213.0,81.0,TORGI-GNSS-20180911T085412.382Z.gpkg,0,Control-15
61,62,21,GPS,35.5,-3.15,22.0,61.0,TORGI-GNSS-20180911T085412.382Z.gpkg,0,Control-15
62,63,26,GPS,43.8,-3.15,241.0,42.0,TORGI-GNSS-20180911T085412.382Z.gpkg,0,Control-15
63,64,27,GPS,38.5,-3.15,314.0,22.0,TORGI-GNSS-20180911T085412.382Z.gpkg,0,Control-15
64,65,29,GPS,37.5,-3.15,120.0,30.0,TORGI-GNSS-20180911T085412.382Z.gpkg,0,Control-15
65,66,18,Glonass,28.3,5.94,106.0,2.0,TORGI-GNSS-20180911T085412.382Z.gpkg,0,Control-15
66,67,11,Glonass,32.7,5.94,317.0,9.0,TORGI-GNSS-20180911T085412.382Z.gpkg,0,Control-15
67,68,5,Glonass,34.5,5.94,150.0,60.0,TORGI-GNSS-20180911T085412.382Z.gpkg,0,Control-15
68,69,19,Glonass,35.9,5.94,74.0,40.0,TORGI-GNSS-20180911T085412.382Z.gpkg,0,Control-15
69,70,4,Glonass,39.8,5.94,47.0,47.0,TORGI-GNSS-20180911T085412.382Z.gpkg,0,Control-15
70,71,10,GPS,42.6,-3.15,213.0,51.0,TORGI-GNSS-20180911T085412.382Z.gpkg,0,Control-15
71,72,13,GPS,28.3,-3.15,45.0,7.0,TORGI-GNSS-20180911T085412.382Z.gpkg,0,Control-15
72,73,15,GPS,42.3,-3.15,78.0,28.0,TORGI-GNSS-20180911T085412.382Z.gpkg,0,Control-15
73,74,16,GPS,38.2,-3.15,282.0,42.0,TORGI-GNSS-20180911T085412.382Z.gpkg,0,Control-15
74,75,20,GPS,36.2,-3.15,213.0,81.0,TORGI-GNSS-20180911T085412.382Z.gpkg,0,Control-15
75,76,21,GPS,31.0,-3.15,22.0,61.0,TORGI-GNSS-20180911T085412.382Z.gpkg,0,Control-15
76,77,26,GPS,38.5,-3.15,241.0,42.0,TORGI-GNSS-20180911T085412.382Z.gpkg,0,Control-15
77,78,27,GPS,31.4,-3.15,314.0,22.0,TORGI-GNSS-20180911T085412.382Z.gpkg,0,Control-15
78,79,29,GPS,33.5,-3.15,120.0,30.0,TORGI-GNSS-20180911T085412.382Z.gpkg,0,Control-15
79,80,32,GPS,34.2,-3.15,0.0,0.0,TORGI-GNSS-20180911T085412.382Z.gpkg,0,Control-15
80,81,9,Glonass,29.1,5.94,219.0,4.0,TORGI-GNSS-20180911T085412.382Z.gpkg,0,Control-15
81,82,11,Glonass,31.0,5.94,317.0,9.0,TORGI-GNSS-20180911T085412.382Z.gpkg,0,Control-15
82,83,5,Glonass,42.8,5.94,150.0,60.0,TORGI-GNSS-20180911T085412.382Z.gpkg,0,Control-15
83,84,20,Glonass,30.4,5.94,345.0,46.0,TORGI-GNSS-20180911T085412.382Z.gpkg,0,Control-15
84,85,19,Glonass,26.6,5.94,74.0,40.0,TORGI-GNSS-20180911T085412.382Z.gpkg,0,Control-15
85,86,21,Glonass,28.5,5.94,306.0,5.0,TORGI-GNSS-20180911T085412.382Z.gpkg,0,Control-15
86,87,4,Glonass,27.4,5.94,47.0,47.0,TORGI-GNSS-20180911T085412.382Z.gpkg,0,Control-15
87,88,10,GPS,37.7,-3.15,213.0,51.0,TORGI-GNSS-20180911T085412.382Z.gpkg,0,Control-15
88,89,15,GPS,40.4,-3.15,78.0,28.0,TORGI-GNSS-20180911T085412.382Z.gpkg,0,Control-15
89,90,16,GPS,35.1,-3.15,282.0,42.0,TORGI-GNSS-20180911T085412.382Z.gpkg,0,Control-15
90,91,20,GPS,44.2,-3.15,213.0,81.0,TORGI-GNSS-20180911T085412.382Z.gpkg,0,Control-15
91,92,21,GPS,34.4,-3.15,22.0,61.0,TORGI-GNSS-20180911T085412.382Z.gpkg,0,Control-15
92,93,26,GPS,32.5,-3.15,241.0,42.0,TORGI-GNSS-20180911T085412.382Z.gpkg,0,Control-15
93,94,27,GPS,35.7,-3.15,314.0,22.0,TORGI-GNSS-20180911T085412.382Z.gpkg,0,Control-15
94,95,29,GPS,30.8,-3.15,120.0,30.0,TORGI-GNSS-20180911T085412.382Z.gpkg,0,Control-15
95,96,10,Glonass,27.5,5.94,265.0,16.0,TORGI-GNSS-20180911T085412.382Z.gpkg,0,Control-15
96,97,18,Glonass,31.4,5.94,106.0,2.0,TORGI-GNSS-20180911T085412.382Z.gpkg,0,Control-15
97,98,9,Glonass,33.1,5.94,219.0,4.0,TORGI-GNSS-20180911T085412.382Z.gpkg,0,Control-15
98,99,5,Glonass,42.3,5.94,150.0,60.0,TORGI-GNSS-20180911T085412.382Z.gpkg,0,Control-15
99,100,20,Glonass,32.1,5.94,345.0,46.0,TORGI-GNSS-20180911T085412.382Z.gpkg,0,Control-15
100,101,19,Glonass,31.8,5.94,74.0,40.0,TORGI-GNSS-20180911T085412.382Z.gpkg,0,Control-15
101,102,4,Glonass,36.8,5.94,47.0,47.0,TORGI-GNSS-20180911T085412.382Z.gpkg,0,Control-15
102,103,10,GPS,32.4,-3.15,213.0,51.0,TORGI-GNSS-20180911T085412.382Z.gpkg,0,Control-15
103,104,15,GPS,41.7,-3.15,78.0,28.0,TORGI-GNSS-20180911T085412.382Z.gpkg,0,Control-15
104,105,16,GPS,31.4,-3.15,282.0,42.0,TORGI-GNSS-20180911T085412.382Z.gpkg,0,Control-15
105,106,20,GPS,45.6,-3.15,213.0,81.0,TORGI-GNSS-20180911T085412.382Z.gpkg,0,Control-15
106,107,21,GPS,31.9,-3.15,22.0,61.0,TORGI-GNSS-20180911T085412.382Z.gpkg,0,Control-15
107,108,27,GPS,35.7,-3.15,314.0,22.0,TORGI-GNSS-20180911T085412.382Z.gpkg,0,Control-15
108,109,29,GPS,36.9,-3.15,120.0,30.0,TORGI-GNSS-20180911T085412.382Z.gpkg,0,Control-15
109,110,32,GPS,25.5,-3.15,0.0,0.0,TORGI-GNSS-20180911T085412.382Z.gpkg,0,Control-15
110,111,11,Glonass,31.1,5.94,317.0,9.0,TORGI-GNSS-20180911T085412.382Z.gpkg,0,Control-15
111,112,5,Glonass,44.8,5.94,150.0,60.0,TORGI-GNSS-20180911T085412.382Z.gpkg,0,Control-15
112,113,20,Glonass,29.2,5.94,345.0,46.0,TORGI-GNSS-20180911T085412.382Z.gpkg,0,Control-15
113,114,19,Glonass,29.9,5.94,74.0,40.0,TORGI-GNSS-20180911T085412.382Z.gpkg,0,Control-15
114,115,4,Glonass,38.4,5.94,47.0,47.0,TORGI-GNSS-20180911T085412.382Z.gpkg,0,Control-15
115,116,10,GPS,37.0,-3.15,213.0,51.0,TORGI-GNSS-20180911T085412.382Z.gpkg,0,Control-15
116,117,15,GPS,43.2,-3.15,78.0,28.0,TORGI-GNSS-20180911T085412.382Z.gpkg,0,Control-15
117,118,16,GPS,37.2,-3.15,282.0,42.0,TORGI-GNSS-20180911T085412.382Z.gpkg,0,Control-15
118,119,20,GPS,44.7,-3.15,213.0,81.0,TORGI-GNSS-20180911T085412.382Z.gpkg,0,Control-15
119,120,21,GPS,33.0,-3.15,22.0,61.0,TORGI-GNSS-20180911T085412.382Z.gpkg,0,Control-15
120,121,26,GPS,40.1,-3.15,241.0,42.0,TORGI-GNSS-20180911T085412.382Z.gpkg,0,Control-15
121,122,27,GPS,36.4,-3.15,314.0,22.0,TORGI-GNSS-20180911T085412.382Z.gpkg,0,Control-15
122,123,29,GPS,40.9,-3.15,120.0,30.0,TORGI-GNSS-20180911T085412.382Z.gpkg,0,Control-15
123,124,18,Glonass,27.1,5.94,106.0,2.0,TORGI-GNSS-20180911T085412.382Z.gpkg,0,Control-15
124,125,9,Glonass,31.9,5.94,219.0,4.0,TORGI-GNSS-20180911T085412.382Z.gpkg,0,Control-15
125,126,11,Glonass,32.6,5.94,317.0,9.0,TORGI-GNSS-20180911T085412.382Z.gpkg,0,Control-15
126,127,5,Glonass,45.1,5.94,150.0,60.0,TORGI-GNSS-20180911T085412.382Z.gpkg,0,Control-15
127,128,20,Glonass,28.6,5.94,345.0,46.0,TORGI-GNSS-20180911T085412.382Z.gpkg,0,Control-15
128,129,19,Glonass,30.6,5.94,74.0,40.0,TORGI-GNSS-20180911T085412.382Z.gpkg,0,Control-15
129,130,21,Glonass,28.4,5.94,306.0,5.0,TORGI-GNSS-20180911T085412.382Z.gpkg,0,Control-15
130,131,4,Glonass,35.0,5.94,47.0,47.0,TORGI-GNSS-20180911T085412.382Z.gpkg,0,Control-15
131,132,10,GPS,35.1,-3.15,213.0,51.0,TORGI-GNSS-20180911T085412.382Z.gpkg,0,Control-15
132,133,15,GPS,39.5,-3.15,78.0,28.0,TORGI-GNSS-20180911T085412.382Z.gpkg,0,Control-15
133,134,16,GPS,36.0,-3.15,282.0,42.0,TORGI-GNSS-20180911T085412.382Z.gpkg,0,Control-15
134,135,20,GPS,44.5,-3.15,213.0,81.0,TORGI-GNSS-20180911T085412.382Z.gpkg,0,Control-15
135,136,21,GPS,38.7,-3.15,22.0,61.0,TORGI-GNSS-20180911T085412.382Z.gpkg,0,Control-15
136,137,26,GPS,37.9,-3.15,241.0,42.0,TORGI-GNSS-20180911T085412.382Z.gpkg,0,Control-15
137,138,27,GPS,34.5,-3.15,314.0,22.0,TORGI-GNSS-20180911T085412.382Z.gpkg,0,Control-15
138,139,29,GPS,28.9,-3.15,120.0,30.0,TORGI-GNSS-20180911T085412.382Z.gpkg,0,Control-15
139,140,10,Glonass,24.3,5.94,265.0,16.0,TORGI-GNSS-20180911T085412.382Z.gpkg,0,Control-15
140,141,9,Glonass,27.7,5.94,219.0,4.0,TORGI-GNSS-20180911T085412.382Z.gpkg,0,Control-15
141,142,11,Glonass,28.2,5.94,317.0,9.0,TORGI-GNSS-20180911T085412.382Z.gpkg,0,Control-15
142,143,5,Glonass,42.6,5.94,150.0,60.0,TORGI-GNSS-20180911T085412.382Z.gpkg,0,Control-15
143,144,20,Glonass,29.1,5.94,345.0,46.0,TORGI-GNSS-20180911T085412.382Z.gpkg,0,Control-15
144,145,19,Glonass,30.4,5.94,74.0,40.0,TORGI-GNSS-20180911T085412.382Z.gpkg,0,Control-15
145,146,21,Glonass,28.0,5.94,306.0,5.0,TORGI-GNSS-20180911T085412.382Z.gpkg,0,Control-15
146,147,4,Glonass,33.5,5.94,47.0,47.0,TORGI-GNSS-20180911T085412.382Z.gpkg,0,Control-15
147,148,10,GPS,38.4,-3.15,213.0,51.0,TORGI-GNSS-20180911T085412.382Z.gpkg,0,Control-15
148,149,13,GPS,28.2,-3.15,45.0,7.0,TORGI-GNSS-20180911T085412.382Z.gpkg,0,Control-15
149,150,15,GPS,29.8,-3.15,78.0,28.0,TORGI-GNSS-20180911T085412.382Z.gpkg,0,Control-15
150,151,16,GPS,28.7,-3.15,282.0,42.0,TORGI-GNSS-20180911T085412.382Z.gpkg,0,Control-15
151,152,20,GPS,39.8,-3.15,213.0,81.0,TORGI-GNSS-20180911T085412.382Z.gpkg,0,Control-15
152,153,21,GPS,31.1,-3.15,22.0,61.0,TORGI-GNSS-20180911T085412.382Z.gpkg,0,Control-15
153,154,29,GPS,31.2,-3.15,120.0,30.0,TORGI-GNSS-20180911T085412.382Z.gpkg,0,Control-15
154,155,32,GPS,23.1,-3.15,178.0,1.0,TORGI-GNSS-20180911T085412.382Z.gpkg,0,Control-15
155,156,9,Glonass,27.0,5.94,219.0,4.0,TORGI-GNSS-20180911T085412.382Z.gpkg,0,Control-15
156,157,11,Glonass,24.9,5.94,317.0,9.0,TORGI-GNSS-20180911T085412.382Z.gpkg,0,Control-15
157,158,5,Glonass,42.5,5.94,150.0,60.0,TORGI-GNSS-20180911T085412.382Z.gpkg,0,Control-15
158,159,19,Glonass,24.9,5.94,74.0,40.0,TORGI-GNSS-20180911T085412.382Z.gpkg,0,Control-15
159,160,21,Glonass,31.3,5.94,306.0,5.0,TORGI-GNSS-20180911T085412.382Z.gpkg,0,Control-15
160,161,4,Glonass,28.8,5.94,47.0,47.0,TORGI-GNSS-20180911T085412.382Z.gpkg,0,Control-15
161,162,10,GPS,35.8,-3.15,213.0,51.0,TORGI-GNSS-20180911T085412.382Z.gpkg,0,Control-15
162,163,13,GPS,23.6,-3.15,45.0,7.0,TORGI-GNSS-20180911T085412.382Z.gpkg,0,Control-15
163,164,16,GPS,28.3,-3.15,282.0,42.0,TORGI-GNSS-20180911T085412.382Z.gpkg,0,Control-15
164,165,20,GPS,39.4,-3.15,213.0,81.0,TORGI-GNSS-20180911T085412.382Z.gpkg,0,Control-15
165,166,21,GPS,23.9,-3.15,22.0,61.0,TORGI-GNSS-20180911T085412.382Z.gpkg,0,Control-15
166,167,26,GPS,27.6,-3.15,241.0,42.0,TORGI-GNSS-20180911T085412.382Z.gpkg,0,Control-15
167,168,27,GPS,30.1,-3.15,314.0,22.0,TORGI-GNSS-20180911T085412.382Z.gpkg,0,Control-15
168,169,29,GPS,32.7,-3.15,120.0,30.0,TORGI-GNSS-20180911T085412.382Z.gpkg,0,Control-15
169,170,10,Glonass,31.2,5.94,265.0,16.0,TORGI-GNSS-20180911T085412.382Z.gpkg,0,Control-15
170,171,9,Glonass,30.9,5.94,219.0,4.0,TORGI-GNSS-20180911T085412.382Z.gpkg,0,Control-15
171,172,11,Glonass,31.6,5.94,317.0,9.0,TORGI-GNSS-20180911T085412.382Z.gpkg,0,Control-15
172,173,5,Glonass,43.0,5.94,150.0,60.0,TORGI-GNSS-20180911T085412.382Z.gpkg,0,Control-15
173,174,19,Glonass,25.2,5.94,74.0,40.0,TORGI-GNSS-20180911T085412.382Z.gpkg,0,Control-15
174,175,21,Glonass,31.0,5.94,306.0,5.0,TORGI-GNSS-20180911T085412.382Z.gpkg,0,Control-15
175,176,4,Glonass,27.8,5.94,47.0,47.0,TORGI-GNSS-20180911T085412.382Z.gpkg,0,Control-15
176,177,10,GPS,31.5,-3.15,213.0,51.0,TORGI-GNSS-20180911T085412.382Z.gpkg,0,Control-15
177,178,13,GPS,26.7,-3.15,45.0,7.0,TORGI-GNSS-20180911T085412.382Z.gpkg,0,Control-15
178,179,15,GPS,32.8,-3.15,78.0,28.0,TORGI-GNSS-20180911T085412.382Z.gpkg,0,Control-15
179,180,16,GPS,33.6,-3.15,282.0,42.0,TORGI-GNSS-20180911T085412.382Z.gpkg,0,Control-15
180,181,20,GPS,40.9,-3.15,213.0,81.0,TORGI-GNSS-20180911T085412.382Z.gpkg,0,Control-15
181,182,21,GPS,26.0,-3.15,22.0,61.0,TORGI-GNSS-20180911T085412.382Z.gpkg,0,Control-15
182,183,26,GPS,36.1,-3.15,241.0,42.0,TORGI-GNSS-20180911T085412.382Z.gpkg,0,Control-15
183,184,27,GPS,27.0,-3.15,314.0,22.0,TORGI-GNSS-20180911T085412.382Z.gpkg,0,Control-15
184,185,29,GPS,32.9,-3.15,120.0,30.0,TORGI-GNSS-20180911T085412.382Z.gpkg,0,Control-15
185,186,10,Glonass,33.4,5.94,265.0,16.0,TORGI-GNSS-20180911T085412.382Z.gpkg,0,Control-15
186,187,9,Glonass,26.2,5.94,219.0,4.0,TORGI-GNSS-20180911T085412.382Z.gpkg,0,Control-15
187,188,11,Glonass,30.7,5.94,317.0,9.0,TORGI-GNSS-20180911T085412.382Z.gpkg,0,Control-15
188,189,5,Glonass,40.7,5.94,150.0,60.0,TORGI-GNSS-20180911T085412.382Z.gpkg,0,Control-15
189,190,21,Glonass,25.5,5.94,306.0,5.0,TORGI-GNSS-20180911T085412.382Z.gpkg,0,Control-15
190,191,4,Glonass,28.9,5.94,47.0,47.0,TORGI-GNSS-20180911T085412.382Z.gpkg,0,Control-15
191,192,10,GPS,30.7,-3.15,213.0,51.0,TORGI-GNSS-20180911T085412.382Z.gpkg,0,Control-15
192,193,13,GPS,26.4,-3.15,45.0,7.0,TORGI-GNSS-20180911T085412.382Z.gpkg,0,Control-15
193,194,15,GPS,29.8,-3.15,78.0,28.0,TORGI-GNSS-20180911T085412.382Z.gpkg,0,Control-15
194,195,16,GPS,33.9,-3.15,282.0,42.0,TORGI-GNSS-20180911T085412.382Z.gpkg,0,Control-15
195,196,20,GPS,39.2,-3.15,213.0,81.0,TORGI-GNSS-20180911T085412.382Z.gpkg,0,Control-15
196,197,21,GPS,26.0,-3.15,22.0,61.0,TORGI-GNSS-20180911T085412.382Z.gpkg,0,Control-15
197,198,26,GPS,37.2,-3.15,241.0,42.0,TORGI-GNSS-20180911T085412.382Z.gpkg,0,Control-15
198,199,27,GPS,29.4,-3.15,314.0,22.0,TORGI-GNSS-20180911T085412.382Z.gpkg,0,Control-15
199,200,29,GPS,31.7,-3.15,120.0,30.0,TORGI-GNSS-20180911T085412.382Z.gpkg,0,Control-15
200,201,10,Glonass,30.1,5.94,265.0,16.0,TORGI-GNSS-20180911T085412.382Z.gpkg,0,Control-15
201,202,9,Glonass,27.6,5.94,219.0,4.0,TORGI-GNSS-20180911T085412.382Z.gpkg,0,Control-15
202,203,11,Glonass,30.5,5.94,317.0,9.0,TORGI-GNSS-20180911T085412.382Z.gpkg,0,Control-15
203,204,5,Glonass,39.8,5.94,150.0,60.0,TORGI-GNSS-20180911T085412.382Z.gpkg,0,Control-15
204,205,19,Glonass,24.1,5.94,74.0,40.0,TORGI-GNSS-20180911T085412.382Z.gpkg,0,Control-15
205,206,4,Glonass,29.4,5.94,47.0,47.0,TORGI-GNSS-20180911T085412.382Z.gpkg,0,Control-15
206,207,10,GPS,34.0,-3.15,213.0,51.0,TORGI-GNSS-20180911T085412.382Z.gpkg,0,Control-15
207,208,15,GPS,32.8,-3.15,78.0,28.0,TORGI-GNSS-20180911T085412.382Z.gpkg,0,Control-15
208,209,16,GPS,28.7,-3.15,282.0,42.0,TORGI-GNSS-20180911T085412.382Z.gpkg,0,Control-15
209,210,20,GPS,41.1,-3.15,213.0,81.0,TORGI-GNSS-20180911T085412.382Z.gpkg,0,Control-15
210,211,21,GPS,28.0,-3.15,22.0,61.0,TORGI-GNSS-20180911T085412.382Z.gpkg,0,Control-15
211,212,26,GPS,31.3,-3.15,241.0,42.0,TORGI-GNSS-20180911T085412.382Z.gpkg,0,Control-15
212,213,27,GPS,31.7,-3.15,314.0,22.0,TORGI-GNSS-20180911T085412.382Z.gpkg,0,Control-15
213,214,29,GPS,33.7,-3.15,120.0,30.0,TORGI-GNSS-20180911T085412.382Z.gpkg,0,Control-15
214,215,32,GPS,27.1,-3.15,178.0,1.0,TORGI-GNSS-20180911T085412.382Z.gpkg,0,Control-15
215,216,10,Glonass,28.0,5.94,265.0,16.0,TORGI-GNSS-20180911T085412.382Z.gpkg,0,Control-15
216,217,9,Glonass,26.8,5.94,219.0,4.0,TORGI-GNSS-20180911T085412.382Z.gpkg,0,Control-15
217,218,11,Glonass,30.9,5.94,317.0,9.0,TORGI-GNSS-20180911T085412.382Z.gpkg,0,Control-15
218,219,5,Glonass,40.2,5.94,150.0,60.0,TORGI-GNSS-20180911T085412.382Z.gpkg,0,Control-15
219,220,19,Glonass,28.1,5.94,74.0,40.0,TORGI-GNSS-20180911T085412.382Z.gpkg,0,Control-15
220,221,21,Glonass,26.1,5.94,306.0,5.0,TORGI-GNSS-20180911T085412.382Z.gpkg,0,Control-15
221,222,4,Glonass,23.6,5.94,47.0,47.0,TORGI-GNSS-20180911T085412.382Z.gpkg,0,Control-15
222,223,10,GPS,34.2,-3.15,213.0,51.0,TORGI-GNSS-20180911T085412.382Z.gpkg,0,Control-15
223,224,13,GPS,26.0,-3.15,45.0,7.0,TORGI-GNSS-20180911T085412.382Z.gpkg,0,Control-15
224,225,15,GPS,31.6,-3.15,78.0,28.0,TORGI-GNSS-20180911T085412.382Z.gpkg,0,Control-15
225,226,16,GPS,31.1,-3.15,282.0,42.0,TORGI-GNSS-20180911T085412.382Z.gpkg,0,Control-15
226,227,20,GPS,40.9,-3.15,213.0,81.0,TORGI-GNSS-20180911T085412.382Z.gpkg,0,Control-15
227,228,21,GPS,25.8,-3.15,22.0,61.0,TORGI-GNSS-20180911T085412.382Z.gpkg,0,Control-15
228,229,26,GPS,33.5,-3.15,241.0,42.0,TORGI-GNSS-20180911T085412.382Z.gpkg,0,Control-15
229,230,27,GPS,31.9,-3.15,314.0,22.0,TORGI-GNSS-20180911T085412.382Z.gpkg,0,Control-15
230,231,29,GPS,26.8,-3.15,120.0,30.0,TORGI-GNSS-20180911T085412.382Z.gpkg,0,Control-15
231,232,11,Glonass,25.7,5.94,317.0,9.0,TORGI-GNSS-20180911T085412.382Z.gpkg,0,Control-15
232,233,5,Glonass,39.8,5.94,150.0,60.0,TORGI-GNSS-20180911T085412.382Z.gpkg,0,Control-15
233,234,21,Glonass,28.6,5.94,306.0,5.0,TORGI-GNSS-20180911T085412.382Z.gpkg,0,Control-15
234,235,10,GPS,36.4,-3.15,213.0,51.0,TORGI-GNSS-20180911T085412.382Z.gpkg,0,Control-15
235,236,13,GPS,24.3,-3.15,45.0,7.0,TORGI-GNSS-20180911T085412.382Z.gpkg,0,Control-15
236,237,15,GPS,29.2,-3.15,78.0,28.0,TORGI-GNSS-20180911T085412.382Z.gpkg,0,Control-15
237,238,16,GPS,28.0,-3.15,282.0,42.0,TORGI-GNSS-20180911T085412.382Z.gpkg,0,Control-15
238,239,20,GPS,39.9,-3.15,213.0,81.0,TORGI-GNSS-20180911T085412.382Z.gpkg,0,Control-15
239,240,26,GPS,26.3,-3.15,241.0,42.0,TORGI-GNSS-20180911T085412.382Z.gpkg,0,Control-15
240,241,27,GPS,30.1,-3.15,314.0,22.0,TORGI-GNSS-20180911T085412.382Z.gpkg,0,Control-15
241,242,10,Glonass,26.2,5.94,265.0,16.0,TORGI-GNSS-20180911T085412.382Z.gpkg,0,Control-15
242,243,9,Glonass,29.7,5.94,219.0,4.0,TORGI-GNSS-20180911T085412.382Z.gpkg,0,Control-15
243,244,5,Glonass,41.0,5.94,150.0,60.0,TORGI-GNSS-20180911T085412.382Z.gpkg,0,Control-15
244,245,19,Glonass,25.2,5.94,74.0,40.0,TORGI-GNSS-20180911T085412.382Z.gpkg,0,Control-15
245,246,21,Glonass,28.2,5.94,306.0,5.0,TORGI-GNSS-20180911T085412.382Z.gpkg,0,Control-15
246,247,4,Glonass,28.6,5.94,47.0,47.0,TORGI-GNSS-20180911T085412.382Z.gpkg,0,Control-15
247,248,10,GPS,36.9,-3.15,213.0,51.0,TORGI-GNSS-20180911T085412.382Z.gpkg,0,Control-15
248,249,16,GPS,31.6,-3.15,282.0,42.0,TORGI-GNSS-20180911T085412.382Z.gpkg,0,Control-15
249,250,20,GPS,39.5,-3.15,213.0,81.0,TORGI-GNSS-20180911T085412.382Z.gpkg,0,Control-15
250,251,21,GPS,23.1,-3.15,22.0,61.0,TORGI-GNSS-20180911T085412.382Z.gpkg,0,Control-15
251,252,26,GPS,25.0,-3.15,241.0,42.0,TORGI-GNSS-20180911T085412.382Z.gpkg,0,Control-15
252,253,27,GPS,31.4,-3.15,314.0,22.0,TORGI-GNSS-20180911T085412.382Z.gpkg,0,Control-15
253,254,29,GPS,33.6,-3.15,120.0,30.0,TORGI-GNSS-20180911T085412.382Z.gpkg,0,Control-15
254,255,10,Glonass,28.0,5.94,265.0,16.0,TORGI-GNSS-20180911T085412.382Z.gpkg,0,Control-15
255,256,9,Glonass,31.2,5.94,219.0,4.0,TORGI-GNSS-20180911T085412.382Z.gpkg,0,Control-15
256,257,11,Glonass,24.2,5.94,317.0,9.0,TORGI-GNSS-20180911T085412.382Z.gpkg,0,Control-15
257,258,5,Glonass,41.5,5.94,150.0,60.0,TORGI-GNSS-20180911T085412.382Z.gpkg,0,Control-15
258,259,19,Glonass,26.3,5.94,74.0,40.0,TORGI-GNSS-20180911T085412.382Z.gpkg,0,Control-15
259,260,21,Glonass,26.8,5.94,306.0,5.0,TORGI-GNSS-20180911T085412.382Z.gpkg,0,Control-15
260,261,4,Glonass,31.5,5.94,47.0,47.0,TORGI-GNSS-20180911T085412.382Z.gpkg,0,Control-15
261,262,10,GPS,38.3,-3.15,213.0,51.0,TORGI-GNSS-20180911T085412.382Z.gpkg,0,Control-15
262,263,13,GPS,24.2,-3.15,45.0,7.0,TORGI-GNSS-20180911T085412.382Z.gpkg,0,Control-15
263,264,15,GPS,23.2,-3.15,78.0,28.0,TORGI-GNSS-20180911T085412.382Z.gpkg,0,Control-15
264,265,16,GPS,30.1,-3.15,282.0,42.0,TORGI-GNSS-20180911T085412.382Z.gpkg,0,Control-15
265,266,20,GPS,39.9,-3.15,213.0,81.0,TORGI-GNSS-20180911T085412.382Z.gpkg,0,Control-15
266,267,21,GPS,28.5,-3.15,22.0,61.0,TORGI-GNSS-20180911T085412.382Z.gpkg,0,Control-15
267,268,26,GPS,28.6,-3.15,241.0,42.0,TORGI-GNSS-20180911T085412.382Z.gpkg,0,Control-15
268,269,27,GPS,27.0,-3.15,314.0,22.0,TORGI-GNSS-20180911T085412.382Z.gpkg,0,Control-15
269,270,29,GPS,32.9,-3.15,120.0,30.0,TORGI-GNSS-20180911T085412.382Z.gpkg,0,Control-15
270,271,32,GPS,26.6,-3.15,178.0,1.0,TORGI-GNSS-20180911T085412.382Z.gpkg,0,Control-15
271,272,10,Glonass,24.9,5.94,265.0,16.0,TORGI-GNSS-20180911T085412.382Z.gpkg,0,Control-15
272,273,18,Glonass,24.0,5.94,106.0,2.0,TORGI-GNSS-20180911T085412.382Z.gpkg,0,Control-15
273,274,9,Glonass,30.1,5.94,219.0,4.0,TORGI-GNSS-20180911T085412.382Z.gpkg,0,Control-15
274,275,11,Glonass,27.3,5.94,317.0,9.0,TORGI-GNSS-20180911T085412.382Z.gpkg,0,Control-15
275,276,5,Glonass,42.0,5.94,150.0,60.0,TORGI-GNSS-20180911T085412.382Z.gpkg,0,Control-15
276,277,20,Glonass,22.6,5.94,345.0,46.0,TORGI-GNSS-20180911T085412.382Z.gpkg,0,Control-15
277,278,19,Glonass,27.3,5.94,74.0,40.0,TORGI-GNSS-20180911T085412.382Z.gpkg,0,Control-15
278,279,21,Glonass,30.1,5.94,306.0,5.0,TORGI-GNSS-20180911T085412.382Z.gpkg,0,Control-15
279,280,4,Glonass,29.3,5.94,47.0,47.0,TORGI-GNSS-20180911T085412.382Z.gpkg,0,Control-15
280,281,10,GPS,37.3,-3.15,213.0,51.0,TORGI-GNSS-20180911T085412.382Z.gpkg,0,Control-15
281,282,15,GPS,27.9,-3.15,78.0,28.0,TORGI-GNSS-20180911T085412.382Z.gpkg,0,Control-15
282,283,16,GPS,25.7,-3.15,282.0,42.0,TORGI-GNSS-20180911T085412.382Z.gpkg,0,Control-15
283,284,20,GPS,39.6,-3.15,213.0,81.0,TORGI-GNSS-20180911T085412.382Z.gpkg,0,Control-15
284,285,21,GPS,25.0,-3.15,22.0,61.0,TORGI-GNSS-20180911T085412.382Z.gpkg,0,Control-15
285,286,26,GPS,28.9,-3.15,241.0,42.0,TORGI-GNSS-20180911T085412.382Z.gpkg,0,Control-15
286,287,27,GPS,27.0,-3.15,314.0,22.0,TORGI-GNSS-20180911T085412.382Z.gpkg,0,Control-15
287,288,29,GPS,28.7,-3.15,120.0,30.0,TORGI-GNSS-20180911T085412.382Z.gpkg,0,Control-15
288,289,32,GPS,28.9,-3.15,178.0,1.0,TORGI-GNSS-20180911T085412.382Z.gpkg,0,Control-15
289,290,10,Glonass,28.0,5.94,265.0,16.0,TORGI-GNSS-20180911T085412.382Z.gpkg,0,Control-15
290,291,9,Glonass,28.7,5.94,219.0,4.0,TORGI-GNSS-20180911T085412.382Z.gpkg,0,Control-15
291,292,11,Glonass,27.7,5.94,317.0,9.0,TORGI-GNSS-20180911T085412.382Z.gpkg,0,Control-15
292,293,5,Glonass,42.3,5.94,150.0,60.0,TORGI-GNSS-20180911T085412.382Z.gpkg,0,Control-15
293,294,20,Glonass,23.6,5.94,345.0,46.0,TORGI-GNSS-20180911T085412.382Z.gpkg,0,Control-15
294,295,19,Glonass,28.9,5.94,74.0,40.0,TORGI-GNSS-20180911T085412.382Z.gpkg,0,Control-15
295,296,21,Glonass,30.9,5.94,306.0,5.0,TORGI-GNSS-20180911T085412.382Z.gpkg,0,Control-15
296,297,4,Glonass,30.2,5.94,47.0,47.0,TORGI-GNSS-20180911T085412.382Z.gpkg,0,Control-15
297,298,10,GPS,39.6,-3.15,213.0,51.0,TORGI-GNSS-20180911T085412.382Z.gpkg,0,Control-15
298,299,13,GPS,26.9,-3.15,45.0,7.0,TORGI-GNSS-20180911T085412.382Z.gpkg,0,Control-15
299,300,15,GPS,31.1,-3.15,78.0,28.0,TORGI-GNSS-20180911T085412.382Z.gpkg,0,Control-15
300,301,16,GPS,28.6,-3.15,282.0,42.0,TORGI-GNSS-20180911T085412.382Z.gpkg,0,Control-15
301,302,20,GPS,40.3,-3.15,213.0,81.0,TORGI-GNSS-20180911T085412.382Z.gpkg,0,Control-15
302,303,21,GPS,27.1,-3.15,22.0,61.0,TORGI-GNSS-20180911T085412.382Z.gpkg,0,Control-15
303,304,26,GPS,28.1,-3.15,241.0,42.0,TORGI-GNSS-20180911T085412.382Z.gpkg,0,Control-15
304,305,27,GPS,28.6,-3.15,314.0,22.0,TORGI-GNSS-20180911T085412.382Z.gpkg,0,Control-15
305,306,29,GPS,30.7,-3.15,120.0,30.0,TORGI-GNSS-20180911T085412.382Z.gpkg,0,Control-15
306,307,32,GPS,29.5,-3.15,178.0,1.0,TORGI-GNSS-20180911T085412.382Z.gpkg,0,Control-15
307,308,10,Glonass,26.8,5.94,265.0,16.0,TORGI-GNSS-20180911T085412.382Z.gpkg,0,Control-15
308,309,9,Glonass,30.4,5.94,219.0,4.0,TORGI-GNSS-20180911T085412.382Z.gpkg,0,Control-15
309,310,11,Glonass,28.8,5.94,317.0,9.0,TORGI-GNSS-20180911T085412.382Z.gpkg,0,Control-15
310,311,5,Glonass,41.0,5.94,150.0,60.0,TORGI-GNSS-20180911T085412.382Z.gpkg,0,Control-15
311,312,20,Glonass,24.0,5.94,345.0,46.0,TORGI-GNSS-20180911T085412.382Z.gpkg,0,Control-15
312,313,19,Glonass,28.0,5.94,74.0,40.0,TORGI-GNSS-20180911T085412.382Z.gpkg,0,Control-15
313,314,21,Glonass,29.8,5.94,306.0,5.0,TORGI-GNSS-20180911T085412.382Z.gpkg,0,Control-15
314,315,4,Glonass,30.8,5.94,47.0,47.0,TORGI-GNSS-20180911T085412.382Z.gpkg,0,Control-15
315,316,10,GPS,37.0,-3.15,213.0,51.0,TORGI-GNSS-20180911T085412.382Z.gpkg,0,Control-15
316,317,13,GPS,28.0,-3.15,45.0,7.0,TORGI-GNSS-20180911T085412.382Z.gpkg,0,Control-15
317,318,15,GPS,30.4,-3.15,78.0,28.0,TORGI-GNSS-20180911T085412.382Z.gpkg,0,Control-15
318,319,16,GPS,29.5,-3.15,282.0,42.0,TORGI-GNSS-20180911T085412.382Z.gpkg,0,Control-15
319,320,20,GPS,40.0,-3.15,213.0,81.0,TORGI-GNSS-20180911T085412.382Z.gpkg,0,Control-15
320,321,21,GPS,27.6,-3.15,22.0,61.0,TORGI-GNSS-20180911T085412.382Z.gpkg,0,Control-15
321,322,27,GPS,27.7,-3.15,314.0,22.0,TORGI-GNSS-20180911T085412.382Z.gpkg,0,Control-15
322,323,29,GPS,27.6,-3.15,120.0,30.0,TORGI-GNSS-20180911T085412.382Z.gpkg,0,Control-15
323,324,32,GPS,29.9,-3.15,178.0,1.0,TORGI-GNSS-20180911T085412.382Z.gpkg,0,Control-15
324,325,10,Glonass,23.1,5.94,265.0,16.0,TORGI-GNSS-20180911T085412.382Z.gpkg,0,Control-15
325,326,9,Glonass,30.2,5.94,219.0,4.0,TORGI-GNSS-20180911T085412.382Z.gpkg,0,Control-15
326,327,11,Glonass,28.8,5.94,317.0,9.0,TORGI-GNSS-20180911T085412.382Z.gpkg,0,Control-15
327,328,5,Glonass,41.0,5.94,150.0,60.0,TORGI-GNSS-20180911T085412.382Z.gpkg,0,Control-15
328,329,20,Glonass,24.7,5.94,345.0,46.0,TORGI-GNSS-20180911T085412.382Z.gpkg,0,Control-15
329,330,19,Glonass,29.0,5.94,74.0,40.0,TORGI-GNSS-20180911T085412.382Z.gpkg,0,Control-15
330,331,21,Glonass,28.7,5.94,306.0,5.0,TORGI-GNSS-20180911T085412.382Z.gpkg,0,Control-15
331,332,4,Glonass,34.3,5.94,47.0,47.0,TORGI-GNSS-20180911T085412.382Z.gpkg,0,Control-15
332,333,10,GPS,38.8,-3.15,213.0,51.0,TORGI-GNSS-20180911T085412.382Z.gpkg,0,Control-15
333,334,13,GPS,29.2,-3.15,45.0,7.0,TORGI-GNSS-20180911T085412.382Z.gpkg,0,Control-15
334,335,15,GPS,31.3,-3.15,78.0,28.0,TORGI-GNSS-20180911T085412.382Z.gpkg,0,Control-15
335,336,16,GPS,30.4,-3.15,282.0,42.0,TORGI-GNSS-20180911T085412.382Z.gpkg,0,Control-15
336,337,20,GPS,39.6,-3.15,213.0,81.0,TORGI-GNSS-20180911T085412.382Z.gpkg,0,Control-15
337,338,21,GPS,27.8,-3.15,22.0,61.0,TORGI-GNSS-20180911T085412.382Z.gpkg,0,Control-15
338,339,27,GPS,25.5,-3.15,314.0,22.0,TORGI-GNSS-20180911T085412.382Z.gpkg,0,Control-15
339,340,29,GPS,28.2,-3.15,120.0,30.0,TORGI-GNSS-20180911T085412.382Z.gpkg,0,Control-15
340,341,32,GPS,30.4,-3.15,178.0,1.0,TORGI-GNSS-20180911T085412.382Z.gpkg,0,Control-15
341,342,10,Glonass,26.4,5.94,265.0,16.0,TORGI-GNSS-20180911T085412.382Z.gpkg,0,Control-15
342,343,9,Glonass,29.6,5.94,219.0,4.0,TORGI-GNSS-20180911T085412.382Z.gpkg,0,Control-15
343,344,11,Glonass,28.0,5.94,317.0,9.0,TORGI-GNSS-20180911T085412.382Z.gpkg,0,Control-15
344,345,5,Glonass,40.8,5.94,150.0,60.0,TORGI-GNSS-20180911T085412.382Z.gpkg,0,Control-15
345,346,20,Glonass,25.0,5.94,345.0,46.0,TORGI-GNSS-20180911T085412.382Z.gpkg,0,Control-15
346,347,19,Glonass,30.2,5.94,74.0,40.0,TORGI-GNSS-20180911T085412.382Z.gpkg,0,Control-15
347,348,21,Glonass,30.2,5.94,306.0,5.0,TORGI-GNSS-20180911T085412.382Z.gpkg,0,Control-15
348,349,4,Glonass,34.1,5.94,47.0,47.0,TORGI-GNSS-20180911T085412.382Z.gpkg,0,Control-15
349,350,10,GPS,38.5,-3.15,213.0,51.0,TORGI-GNSS-20180911T085412.382Z.gpkg,0,Control-15
350,351,13,GPS,28.6,-3.15,45.0,7.0,TORGI-GNSS-20180911T085412.382Z.gpkg,0,Control-15
351,352,15,GPS,32.0,-3.15,78.0,28.0,TORGI-GNSS-20180911T085412.382Z.gpkg,0,Control-15
352,353,16,GPS,30.5,-3.15,282.0,42.0,TORGI-GNSS-20180911T085412.382Z.gpkg,0,Control-15
353,354,20,GPS,38.5,-3.15,213.0,81.0,TORGI-GNSS-20180911T085412.382Z.gpkg,0,Control-15
354,355,21,GPS,25.9,-3.15,22.0,61.0,TORGI-GNSS-20180911T085412.382Z.gpkg,0,Control-15
355,356,27,GPS,26.6,-3.15,314.0,22.0,TORGI-GNSS-20180911T085412.382Z.gpkg,0,Control-15
356,357,29,GPS,29.6,-3.15,120.0,30.0,TORGI-GNSS-20180911T085412.382Z.gpkg,0,Control-15
357,358,32,GPS,29.1,-3.15,178.0,1.0,TORGI-GNSS-20180911T085412.382Z.gpkg,0,Control-15
358,359,10,Glonass,28.7,5.94,265.0,16.0,TORGI-GNSS-20180911T085412.382Z.gpkg,0,Control-15
359,360,9,Glonass,29.1,5.94,219.0,4.0,TORGI-GNSS-20180911T085412.382Z.gpkg,0,Control-15
360,361,11,Glonass,27.5,5.94,317.0,9.0,TORGI-GNSS-20180911T085412.382Z.gpkg,0,Control-15
361,362,5,Glonass,41.2,5.94,150.0,60.0,TORGI-GNSS-20180911T085412.382Z.gpkg,0,Control-15
362,363,19,Glonass,27.1,5.94,74.0,40.0,TORGI-GNSS-20180911T085412.382Z.gpkg,0,Control-15
363,364,21,Glonass,26.8,5.94,306.0,5.0,TORGI-GNSS-20180911T085412.382Z.gpkg,0,Control-15
364,365,4,Glonass,34.3,5.94,47.0,47.0,TORGI-GNSS-20180911T085412.382Z.gpkg,0,Control-15
365,366,10,GPS,37.6,-3.15,213.0,51.0,TORGI-GNSS-20180911T085412.382Z.gpkg,0,Control-15
366,367,13,GPS,28.2,-3.15,45.0,7.0,TORGI-GNSS-20180911T085412.382Z.gpkg,0,Control-15
367,368,15,GPS,32.4,-3.15,78.0,28.0,TORGI-GNSS-20180911T085412.382Z.gpkg,0,Control-15
368,369,16,GPS,28.0,-3.15,282.0,42.0,TORGI-GNSS-20180911T085412.382Z.gpkg,0,Control-15
369,370,20,GPS,38.4,-3.15,213.0,81.0,TORGI-GNSS-20180911T085412.382Z.gpkg,0,Control-15
370,371,21,GPS,26.7,-3.15,22.0,61.0,TORGI-GNSS-20180911T085412.382Z.gpkg,0,Control-15
371,372,27,GPS,24.2,-3.15,314.0,22.0,TORGI-GNSS-20180911T085412.382Z.gpkg,0,Control-15
372,373,29,GPS,29.0,-3.15,120.0,30.0,TORGI-GNSS-20180911T085412.382Z.gpkg,0,Control-15
373,374,32,GPS,30.2,-3.15,178.0,1.0,TORGI-GNSS-20180911T085412.382Z.gpkg,0,Control-15
374,375,10,Glonass,29.4,5.94,265.0,16.0,TORGI-GNSS-20180911T085412.382Z.gpkg,0,Control-15
375,376,9,Glonass,30.1,5.94,219.0,4.0,TORGI-GNSS-20180911T085412.382Z.gpkg,0,Control-15
376,377,11,Glonass,27.4,5.94,317.0,9.0,TORGI-GNSS-20180911T085412.382Z.gpkg,0,Control-15
377,378,5,Glonass,42.4,5.94,150.0,60.0,TORGI-GNSS-20180911T085412.382Z.gpkg,0,Control-15
378,379,19,Glonass,28.3,5.94,74.0,40.0,TORGI-GNSS-20180911T085412.382Z.gpkg,0,Control-15
379,380,21,Glonass,28.0,5.94,306.0,5.0,TORGI-GNSS-20180911T085412.382Z.gpkg,0,Control-15
380,381,4,Glonass,35.3,5.94,47.0,47.0,TORGI-GNSS-20180911T085412.382Z.gpkg,0,Control-15
381,382,10,GPS,39.0,-3.15,213.0,51.0,TORGI-GNSS-20180911T085412.382Z.gpkg,0,Control-15
382,383,13,GPS,28.4,-3.15,45.0,7.0,TORGI-GNSS-20180911T085412.382Z.gpkg,0,Control-15
383,384,15,GPS,35.4,-3.15,78.0,28.0,TORGI-GNSS-20180911T085412.382Z.gpkg,0,Control-15
384,385,16,GPS,31.9,-3.15,282.0,42.0,TORGI-GNSS-20180911T085412.382Z.gpkg,0,Control-15
385,386,20,GPS,39.8,-3.15,213.0,81.0,TORGI-GNSS-20180911T085412.382Z.gpkg,0,Control-15
386,387,21,GPS,26.7,-3.15,22.0,61.0,TORGI-GNSS-20180911T085412.382Z.gpkg,0,Control-15
387,388,27,GPS,24.4,-3.15,314.0,22.0,TORGI-GNSS-20180911T085412.382Z.gpkg,0,Control-15
388,389,29,GPS,31.2,-3.15,120.0,30.0,TORGI-GNSS-20180911T085412.382Z.gpkg,0,Control-15
389,390,32,GPS,30.5,-3.15,178.0,1.0,TORGI-GNSS-20180911T085412.382Z.gpkg,0,Control-15
390,391,10,Glonass,28.9,5.94,265.0,16.0,TORGI-GNSS-20180911T085412.382Z.gpkg,0,Control-15
391,392,9,Glonass,29.6,5.94,219.0,4.0,TORGI-GNSS-20180911T085412.382Z.gpkg,0,Control-15
392,393,11,Glonass,27.3,5.94,317.0,9.0,TORGI-GNSS-20180911T085412.382Z.gpkg,0,Control-15
393,394,5,Glonass,43.0,5.94,150.0,60.0,TORGI-GNSS-20180911T085412.382Z.gpkg,0,Control-15
394,395,20,Glonass,22.3,5.94,345.0,46.0,TORGI-GNSS-20180911T085412.382Z.gpkg,0,Control-15
395,396,19,Glonass,28.3,5.94,74.0,40.0,TORGI-GNSS-20180911T085412.382Z.gpkg,0,Control-15
396,397,21,Glonass,26.9,5.94,306.0,5.0,TORGI-GNSS-20180911T085412.382Z.gpkg,0,Control-15
397,398,4,Glonass,35.1,5.94,47.0,47.0,TORGI-GNSS-20180911T085412.382Z.gpkg,0,Control-15
398,399,10,GPS,39.4,-3.15,213.0,51.0,TORGI-GNSS-20180911T085412.382Z.gpkg,0,Control-15
399,400,13,GPS,29.3,-3.15,45.0,7.0,TORGI-GNSS-20180911T085412.382Z.gpkg,0,Control-15
400,401,15,GPS,34.9,-3.15,78.0,28.0,TORGI-GNSS-20180911T085412.382Z.gpkg,0,Control-15
401,402,16,GPS,31.1,-3.15,282.0,42.0,TORGI-GNSS-20180911T085412.382Z.gpkg,0,Control-15
402,403,20,GPS,39.5,-3.15,213.0,81.0,TORGI-GNSS-20180911T085412.382Z.gpkg,0,Control-15
403,404,21,GPS,27.7,-3.15,22.0,61.0,TORGI-GNSS-20180911T085412.382Z.gpkg,0,Control-15
404,405,27,GPS,26.0,-3.15,314.0,22.0,TORGI-GNSS-20180911T085412.382Z.gpkg,0,Control-15
405,406,29,GPS,31.2,-3.15,120.0,30.0,TORGI-GNSS-20180911T085412.382Z.gpkg,0,Control-15
406,407,32,GPS,32.0,-3.15,178.0,1.0,TORGI-GNSS-20180911T085412.382Z.gpkg,0,Control-15
407,408,10,Glonass,28.1,5.94,265.0,16.0,TORGI-GNSS-20180911T085412.382Z.gpkg,0,Control-15
408,409,9,Glonass,29.4,5.94,219.0,4.0,TORGI-GNSS-20180911T085412.382Z.gpkg,0,Control-15
409,410,11,Glonass,27.9,5.94,317.0,9.0,TORGI-GNSS-20180911T085412.382Z.gpkg,0,Control-15
410,411,5,Glonass,42.0,5.94,150.0,60.0,TORGI-GNSS-20180911T085412.382Z.gpkg,0,Control-15
411,412,19,Glonass,28.6,5.94,74.0,40.0,TORGI-GNSS-20180911T085412.382Z.gpkg,0,Control-15
412,413,21,Glonass,25.2,5.94,306.0,5.0,TORGI-GNSS-20180911T085412.382Z.gpkg,0,Control-15
413,414,4,Glonass,35.6,5.94,47.0,47.0,TORGI-GNSS-20180911T085412.382Z.gpkg,0,Control-15
414,415,10,GPS,38.3,-3.15,213.0,51.0,TORGI-GNSS-20180911T085412.382Z.gpkg,0,Control-15
415,416,13,GPS,28.6,-3.15,45.0,7.0,TORGI-GNSS-20180911T085412.382Z.gpkg,0,Control-15
416,417,15,GPS,34.0,-3.15,78.0,28.0,TORGI-GNSS-20180911T085412.382Z.gpkg,0,Control-15
417,418,16,GPS,29.8,-3.15,282.0,42.0,TORGI-GNSS-20180911T085412.382Z.gpkg,0,Control-15
418,419,20,GPS,39.1,-3.15,213.0,81.0,TORGI-GNSS-20180911T085412.382Z.gpkg,0,Control-15
419,420,21,GPS,25.6,-3.15,22.0,61.0,TORGI-GNSS-20180911T085412.382Z.gpkg,0,Control-15
420,421,27,GPS,25.4,-3.15,314.0,22.0,TORGI-GNSS-20180911T085412.382Z.gpkg,0,Control-15
421,422,29,GPS,27.7,-3.15,120.0,30.0,TORGI-GNSS-20180911T085412.382Z.gpkg,0,Control-15
422,423,32,GPS,30.8,-3.15,178.0,1.0,TORGI-GNSS-20180911T085412.382Z.gpkg,0,Control-15
423,424,10,Glonass,29.2,5.94,265.0,16.0,TORGI-GNSS-20180911T085412.382Z.gpkg,0,Control-15
424,425,9,Glonass,29.4,5.94,219.0,4.0,TORGI-GNSS-20180911T085412.382Z.gpkg,0,Control-15
425,426,11,Glonass,27.9,5.94,317.0,9.0,TORGI-GNSS-20180911T085412.382Z.gpkg,0,Control-15
426,427,5,Glonass,42.4,5.94,150.0,60.0,TORGI-GNSS-20180911T085412.382Z.gpkg,0,Control-15
427,428,19,Glonass,30.4,5.94,74.0,40.0,TORGI-GNSS-20180911T085412.382Z.gpkg,0,Control-15
428,429,21,Glonass,27.6,5.94,306.0,5.0,TORGI-GNSS-20180911T085412.382Z.gpkg,0,Control-15
429,430,4,Glonass,34.3,5.94,47.0,47.0,TORGI-GNSS-20180911T085412.382Z.gpkg,0,Control-15
430,431,10,GPS,38.0,-3.15,213.0,51.0,TORGI-GNSS-20180911T085412.382Z.gpkg,0,Control-15
431,432,13,GPS,28.7,-3.15,45.0,7.0,TORGI-GNSS-20180911T085412.382Z.gpkg,0,Control-15
432,433,15,GPS,34.6,-3.15,78.0,28.0,TORGI-GNSS-20180911T085412.382Z.gpkg,0,Control-15
433,434,16,GPS,30.9,-3.15,282.0,42.0,TORGI-GNSS-20180911T085412.382Z.gpkg,0,Control-15
434,435,20,GPS,39.5,-3.15,213.0,81.0,TORGI-GNSS-20180911T085412.382Z.gpkg,0,Control-15
435,436,21,GPS,26.8,-3.15,22.0,61.0,TORGI-GNSS-20180911T085412.382Z.gpkg,0,Control-15
436,437,27,GPS,24.9,-3.15,314.0,22.0,TORGI-GNSS-20180911T085412.382Z.gpkg,0,Control-15
437,438,29,GPS,32.0,-3.15,120.0,30.0,TORGI-GNSS-20180911T085412.382Z.gpkg,0,Control-15
438,439,32,GPS,30.3,-3.15,178.0,1.0,TORGI-GNSS-20180911T085412.382Z.gpkg,0,Control-15
439,440,10,Glonass,31.2,5.94,265.0,16.0,TORGI-GNSS-20180911T085412.382Z.gpkg,0,Control-15
440,441,9,Glonass,28.5,5.94,219.0,4.0,TORGI-GNSS-20180911T085412.382Z.gpkg,0,Control-15
441,442,11,Glonass,29.9,5.94,317.0,9.0,TORGI-GNSS-20180911T085412.382Z.gpkg,0,Control-15
442,443,5,Glonass,44.0,5.94,150.0,60.0,TORGI-GNSS-20180911T085412.382Z.gpkg,0,Control-15
443,444,20,Glonass,24.6,5.94,345.0,46.0,TORGI-GNSS-20180911T085412.382Z.gpkg,0,Control-15
444,445,19,Glonass,30.9,5.94,74.0,40.0,TORGI-GNSS-20180911T085412.382Z.gpkg,0,Control-15
445,446,21,Glonass,30.6,5.94,306.0,5.0,TORGI-GNSS-20180911T085412.382Z.gpkg,0,Control-15
446,447,4,Glonass,37.1,5.94,47.0,47.0,TORGI-GNSS-20180911T085412.382Z.gpkg,0,Control-15
447,448,10,GPS,40.0,-3.15,213.0,51.0,TORGI-GNSS-20180911T085412.382Z.gpkg,0,Control-15
448,449,13,GPS,30.9,-3.15,45.0,7.0,TORGI-GNSS-20180911T085412.382Z.gpkg,0,Control-15
449,450,15,GPS,37.7,-3.15,78.0,28.0,TORGI-GNSS-20180911T085412.382Z.gpkg,0,Control-15
450,451,16,GPS,33.0,-3.15,282.0,42.0,TORGI-GNSS-20180911T085412.382Z.gpkg,0,Control-15
451,452,20,GPS,42.1,-3.15,213.0,81.0,TORGI-GNSS-20180911T085412.382Z.gpkg,0,Control-15
452,453,21,GPS,28.3,-3.15,22.0,61.0,TORGI-GNSS-20180911T085412.382Z.gpkg,0,Control-15
453,454,27,GPS,28.8,-3.15,314.0,22.0,TORGI-GNSS-20180911T085412.382Z.gpkg,0,Control-15
454,455,29,GPS,33.2,-3.15,120.0,30.0,TORGI-GNSS-20180911T085412.382Z.gpkg,0,Control-15
455,456,32,GPS,34.3,-3.15,178.0,1.0,TORGI-GNSS-20180911T085412.382Z.gpkg,0,Control-15
456,457,10,Glonass,31.2,5.94,265.0,16.0,TORGI-GNSS-20180911T085412.382Z.gpkg,0,Control-15
457,458,9,Glonass,31.2,5.94,219.0,4.0,TORGI-GNSS-20180911T085412.382Z.gpkg,0,Control-15
458,459,11,Glonass,29.6,5.94,317.0,9.0,TORGI-GNSS-20180911T085412.382Z.gpkg,0,Control-15
459,460,5,Glonass,43.0,5.94,150.0,60.0,TORGI-GNSS-20180911T085412.382Z.gpkg,0,Control-15
460,461,19,Glonass,29.8,5.94,74.0,40.0,TORGI-GNSS-20180911T085412.382Z.gpkg,0,Control-15
461,462,21,Glonass,31.1,5.94,306.0,5.0,TORGI-GNSS-20180911T085412.382Z.gpkg,0,Control-15
462,463,4,Glonass,36.6,5.94,47.0,47.0,TORGI-GNSS-20180911T085412.382Z.gpkg,0,Control-15
463,464,10,GPS,41.3,-3.15,213.0,51.0,TORGI-GNSS-20180911T085412.382Z.gpkg,0,Control-15
464,465,13,GPS,30.9,-3.15,45.0,7.0,TORGI-GNSS-20180911T085412.382Z.gpkg,0,Control-15
465,466,15,GPS,34.4,-3.15,78.0,28.0,TORGI-GNSS-20180911T085412.382Z.gpkg,0,Control-15
466,467,16,GPS,32.4,-3.15,282.0,42.0,TORGI-GNSS-20180911T085412.382Z.gpkg,0,Control-15
467,468,20,GPS,41.6,-3.15,213.0,81.0,TORGI-GNSS-20180911T085412.382Z.gpkg,0,Control-15
468,469,21,GPS,26.9,-3.15,22.0,61.0,TORGI-GNSS-20180911T085412.382Z.gpkg,0,Control-15
469,470,27,GPS,27.3,-3.15,314.0,22.0,TORGI-GNSS-20180911T085412.382Z.gpkg,0,Control-15
470,471,29,GPS,32.3,-3.15,120.0,30.0,TORGI-GNSS-20180911T085412.382Z.gpkg,0,Control-15
471,472,32,GPS,32.2,-3.15,178.0,1.0,TORGI-GNSS-20180911T085412.382Z.gpkg,0,Control-15
472,473,10,Glonass,30.7,5.94,265.0,16.0,TORGI-GNSS-20180911T085412.382Z.gpkg,0,Control-15
473,474,9,Glonass,30.7,5.94,219.0,4.0,TORGI-GNSS-20180911T085412.382Z.gpkg,0,Control-15
474,475,11,Glonass,32.5,5.94,317.0,9.0,TORGI-GNSS-20180911T085412.382Z.gpkg,0,Control-15
475,476,5,Glonass,42.4,5.94,150.0,60.0,TORGI-GNSS-20180911T085412.382Z.gpkg,0,Control-15
476,477,20,Glonass,24.8,5.94,345.0,46.0,TORGI-GNSS-20180911T085412.382Z.gpkg,0,Control-15
477,478,19,Glonass,31.0,5.94,74.0,40.0,TORGI-GNSS-20180911T085412.382Z.gpkg,0,Control-15
478,479,21,Glonass,28.4,5.94,306.0,5.0,TORGI-GNSS-20180911T085412.382Z.gpkg,0,Control-15
479,480,4,Glonass,37.2,5.94,47.0,47.0,TORGI-GNSS-20180911T085412.382Z.gpkg,0,Control-15
480,481,10,GPS,38.5,-3.15,213.0,51.0,TORGI-GNSS-20180911T085412.382Z.gpkg,0,Control-15
481,482,13,GPS,30.6,-3.15,45.0,7.0,TORGI-GNSS-20180911T085412.382Z.gpkg,0,Control-15
482,483,15,GPS,32.3,-3.15,78.0,28.0,TORGI-GNSS-20180911T085412.382Z.gpkg,0,Control-15
483,484,16,GPS,33.9,-3.15,282.0,42.0,TORGI-GNSS-20180911T085412.382Z.gpkg,0,Control-15
484,485,20,GPS,41.3,-3.15,213.0,81.0,TORGI-GNSS-20180911T085412.382Z.gpkg,0,Control-15
485,486,21,GPS,29.7,-3.15,22.0,61.0,TORGI-GNSS-20180911T085412.382Z.gpkg,0,Control-15
486,487,27,GPS,25.7,-3.15,314.0,22.0,TORGI-GNSS-20180911T085412.382Z.gpkg,0,Control-15
487,488,29,GPS,30.7,-3.15,120.0,30.0,TORGI-GNSS-20180911T085412.382Z.gpkg,0,Control-15
488,489,32,GPS,31.8,-3.15,178.0,1.0,TORGI-GNSS-20180911T085412.382Z.gpkg,0,Control-15
489,490,18,Glonass,24.5,5.94,106.0,2.0,TORGI-GNSS-20180911T085412.382Z.gpkg,0,Control-15
490,491,11,Glonass,30.6,5.94,317.0,9.0,TORGI-GNSS-20180911T085412.382Z.gpkg,0,Control-15
491,492,5,Glonass,42.6,5.94,150.0,60.0,TORGI-GNSS-20180911T085412.382Z.gpkg,0,Control-15
492,493,19,Glonass,32.0,5.94,74.0,40.0,TORGI-GNSS-20180911T085412.382Z.gpkg,0,Control-15
493,494,21,Glonass,24.2,5.94,306.0,5.0,TORGI-GNSS-20180911T085412.382Z.gpkg,0,Control-15
494,495,4,Glonass,37.7,5.94,47.0,47.0,TORGI-GNSS-20180911T085412.382Z.gpkg,0,Control-15
495,496,10,GPS,38.6,-3.15,213.0,51.0,TORGI-GNSS-20180911T085412.382Z.gpkg,0,Control-15
496,497,13,GPS,25.1,-3.15,45.0,7.0,TORGI-GNSS-20180911T085412.382Z.gpkg,0,Control-15
497,498,15,GPS,35.4,-3.15,78.0,28.0,TORGI-GNSS-20180911T085412.382Z.gpkg,0,Control-15
498,499,16,GPS,33.7,-3.15,282.0,42.0,TORGI-GNSS-20180911T085412.382Z.gpkg,0,Control-15
499,500,20,GPS,40.4,-3.15,213.0,81.0,TORGI-GNSS-20180911T085412.382Z.gpkg,0,Control-15
500,501,21,GPS,33.6,-3.15,22.0,61.0,TORGI-GNSS-20180911T085412.382Z.gpkg,0,Control-15
501,502,29,GPS,27.8,-3.15,120.0,30.0,TORGI-GNSS-20180911T085412.382Z.gpkg,0,Control-15
502,503,32,GPS,28.3,-3.15,178.0,1.0,TORGI-GNSS-20180911T085412.382Z.gpkg,0,Control-15
503,504,9,Glonass,26.0,5.94,219.0,4.0,TORGI-GNSS-20180911T085412.382Z.gpkg,0,Control-15
504,505,11,Glonass,29.6,5.94,317.0,9.0,TORGI-GNSS-20180911T085412.382Z.gpkg,0,Control-15
505,506,5,Glonass,42.9,5.94,150.0,60.0,TORGI-GNSS-20180911T085412.382Z.gpkg,0,Control-15
506,507,19,Glonass,29.9,5.94,74.0,40.0,TORGI-GNSS-20180911T085412.382Z.gpkg,0,Control-15
507,508,4,Glonass,37.1,5.94,47.0,47.0,TORGI-GNSS-20180911T085412.382Z.gpkg,0,Control-15
508,509,10,GPS,38.9,-3.15,213.0,51.0,TORGI-GNSS-20180911T085412.382Z.gpkg,0,Control-15
509,510,15,GPS,34.7,-3.15,78.0,28.0,TORGI-GNSS-20180911T085412.382Z.gpkg,0,Control-15
510,511,16,GPS,32.6,-3.15,282.0,42.0,TORGI-GNSS-20180911T085412.382Z.gpkg,0,Control-15
511,512,20,GPS,40.4,-3.15,213.0,81.0,TORGI-GNSS-20180911T085412.382Z.gpkg,0,Control-15
512,513,21,GPS,34.3,-3.15,22.0,61.0,TORGI-GNSS-20180911T085412.382Z.gpkg,0,Control-15
513,514,26,GPS,32.9,-3.15,241.0,42.0,TORGI-GNSS-20180911T085412.382Z.gpkg,0,Control-15
514,515,27,GPS,28.0,-3.15,314.0,22.0,TORGI-GNSS-20180911T085412.382Z.gpkg,0,Control-15
515,516,29,GPS,26.3,-3.15,120.0,30.0,TORGI-GNSS-20180911T085412.382Z.gpkg,0,Control-15
516,517,10,Glonass,27.3,5.94,265.0,16.0,TORGI-GNSS-20180911T085412.382Z.gpkg,0,Control-15
517,518,18,Glonass,27.0,5.94,106.0,2.0,TORGI-GNSS-20180911T085412.382Z.gpkg,0,Control-15
518,519,5,Glonass,44.0,5.94,150.0,60.0,TORGI-GNSS-20180911T085412.382Z.gpkg,0,Control-15
519,520,20,Glonass,30.3,5.94,345.0,46.0,TORGI-GNSS-20180911T085412.382Z.gpkg,0,Control-15
520,521,19,Glonass,28.1,5.94,74.0,40.0,TORGI-GNSS-20180911T085412.382Z.gpkg,0,Control-15
521,522,21,Glonass,27.2,5.94,306.0,5.0,TORGI-GNSS-20180911T085412.382Z.gpkg,0,Control-15
522,523,4,Glonass,39.6,5.94,47.0,47.0,TORGI-GNSS-20180911T085412.382Z.gpkg,0,Control-15
523,524,10,GPS,38.8,-3.15,213.0,51.0,TORGI-GNSS-20180911T085412.382Z.gpkg,0,Control-15
524,525,15,GPS,39.8,-3.15,78.0,28.0,TORGI-GNSS-20180911T085412.382Z.gpkg,0,Control-15
525,526,20,GPS,42.6,-3.15,213.0,81.0,TORGI-GNSS-20180911T085412.382Z.gpkg,0,Control-15
526,527,21,GPS,35.4,-3.15,22.0,61.0,TORGI-GNSS-20180911T085412.382Z.gpkg,0,Control-15
527,528,26,GPS,31.1,-3.15,241.0,42.0,TORGI-GNSS-20180911T085412.382Z.gpkg,0,Control-15
528,529,27,GPS,29.3,-3.15,314.0,22.0,TORGI-GNSS-20180911T085412.382Z.gpkg,0,Control-15
529,530,29,GPS,30.9,-3.15,120.0,30.0,TORGI-GNSS-20180911T085412.382Z.gpkg,0,Control-15
530,531,10,Glonass,26.3,5.94,265.0,16.0,TORGI-GNSS-20180911T085412.382Z.gpkg,0,Control-15
531,532,18,Glonass,29.3,5.94,106.0,2.0,TORGI-GNSS-20180911T085412.382Z.gpkg,0,Control-15
532,533,9,Glonass,30.0,5.94,219.0,4.0,TORGI-GNSS-20180911T085412.382Z.gpkg,0,Control-15
533,534,5,Glonass,43.1,5.94,150.0,60.0,TORGI-GNSS-20180911T085412.382Z.gpkg,0,Control-15
534,535,20,Glonass,32.9,5.94,345.0,46.0,TORGI-GNSS-20180911T085412.382Z.gpkg,0,Control-15
535,536,19,Glonass,22.8,5.94,74.0,40.0,TORGI-GNSS-20180911T085412.382Z.gpkg,0,Control-15
536,537,4,Glonass,34.8,5.94,47.0,47.0,TORGI-GNSS-20180911T085412.382Z.gpkg,0,Control-15
537,538,10,GPS,32.1,-3.15,213.0,51.0,TORGI-GNSS-20180911T085412.382Z.gpkg,0,Control-15
538,539,15,GPS,41.0,-3.15,78.0,28.0,TORGI-GNSS-20180911T085412.382Z.gpkg,0,Control-15
539,540,16,GPS,31.2,-3.15,282.0,42.0,TORGI-GNSS-20180911T085412.382Z.gpkg,0,Control-15
540,541,20,GPS,42.4,-3.15,213.0,81.0,TORGI-GNSS-20180911T085412.382Z.gpkg,0,Control-15
541,542,21,GPS,28.5,-3.15,22.0,61.0,TORGI-GNSS-20180911T085412.382Z.gpkg,0,Control-15
542,543,26,GPS,26.9,-3.15,241.0,42.0,TORGI-GNSS-20180911T085412.382Z.gpkg,0,Control-15
543,544,27,GPS,30.5,-3.15,314.0,22.0,TORGI-GNSS-20180911T085412.382Z.gpkg,0,Control-15
544,545,29,GPS,38.7,-3.15,120.0,30.0,TORGI-GNSS-20180911T085412.382Z.gpkg,0,Control-15
545,546,32,GPS,29.8,-3.15,178.0,1.0,TORGI-GNSS-20180911T085412.382Z.gpkg,0,Control-15
546,547,18,Glonass,30.1,5.94,106.0,2.0,TORGI-GNSS-20180911T085412.382Z.gpkg,0,Control-15
547,548,9,Glonass,27.3,5.94,219.0,4.0,TORGI-GNSS-20180911T085412.382Z.gpkg,0,Control-15
548,549,5,Glonass,42.0,5.94,150.0,60.0,TORGI-GNSS-20180911T085412.382Z.gpkg,0,Control-15
549,550,20,Glonass,33.9,5.94,345.0,46.0,TORGI-GNSS-20180911T085412.382Z.gpkg,0,Control-15
550,551,19,Glonass,27.7,5.94,74.0,40.0,TORGI-GNSS-20180911T085412.382Z.gpkg,0,Control-15
551,552,4,Glonass,38.2,5.94,47.0,47.0,TORGI-GNSS-20180911T085412.382Z.gpkg,0,Control-15
552,553,10,GPS,35.7,-3.15,213.0,51.0,TORGI-GNSS-20180911T085412.382Z.gpkg,0,Control-15
553,554,15,GPS,37.0,-3.15,78.0,28.0,TORGI-GNSS-20180911T085412.382Z.gpkg,0,Control-15
554,555,16,GPS,35.6,-3.15,282.0,42.0,TORGI-GNSS-20180911T085412.382Z.gpkg,0,Control-15
555,556,20,GPS,42.2,-3.15,213.0,81.0,TORGI-GNSS-20180911T085412.382Z.gpkg,0,Control-15
556,557,21,GPS,28.8,-3.15,22.0,61.0,TORGI-GNSS-20180911T085412.382Z.gpkg,0,Control-15
557,558,27,GPS,35.2,-3.15,314.0,22.0,TORGI-GNSS-20180911T085412.382Z.gpkg,0,Control-15
558,559,29,GPS,34.4,-3.15,120.0,30.0,TORGI-GNSS-20180911T085412.382Z.gpkg,0,Control-15
559,560,32,GPS,29.9,-3.15,178.0,1.0,TORGI-GNSS-20180911T085412.382Z.gpkg,0,Control-15
560,561,5,Glonass,42.8,5.94,150.0,60.0,TORGI-GNSS-20180911T085412.382Z.gpkg,0,Control-15
561,562,20,Glonass,29.4,5.94,345.0,46.0,TORGI-GNSS-20180911T085412.382Z.gpkg,0,Control-15
562,563,19,Glonass,26.8,5.94,74.0,40.0,TORGI-GNSS-20180911T085412.382Z.gpkg,0,Control-15
563,564,21,Glonass,26.4,5.94,306.0,5.0,TORGI-GNSS-20180911T085412.382Z.gpkg,0,Control-15
564,565,4,Glonass,32.1,5.94,47.0,47.0,TORGI-GNSS-20180911T085412.382Z.gpkg,0,Control-15
565,566,10,GPS,33.4,-3.15,213.0,51.0,TORGI-GNSS-20180911T085412.382Z.gpkg,0,Control-15
566,567,13,GPS,27.7,-3.15,45.0,7.0,TORGI-GNSS-20180911T085412.382Z.gpkg,0,Control-15
567,568,15,GPS,36.9,-3.15,78.0,28.0,TORGI-GNSS-20180911T085412.382Z.gpkg,0,Control-15
568,569,16,GPS,31.1,-3.15,282.0,42.0,TORGI-GNSS-20180911T085412.382Z.gpkg,0,Control-15
569,570,20,GPS,40.6,-3.15,213.0,81.0,TORGI-GNSS-20180911T085412.382Z.gpkg,0,Control-15
570,571,21,GPS,32.8,-3.15,22.0,61.0,TORGI-GNSS-20180911T085412.382Z.gpkg,0,Control-15
571,572,26,GPS,29.2,-3.15,241.0,42.0,TORGI-GNSS-20180911T085412.382Z.gpkg,0,Control-15
572,573,27,GPS,35.0,-3.15,314.0,22.0,TORGI-GNSS-20180911T085412.382Z.gpkg,0,Control-15
573,574,29,GPS,29.3,-3.15,120.0,30.0,TORGI-GNSS-20180911T085412.382Z.gpkg,0,Control-15
574,575,10,Glonass,27.3,5.94,265.0,16.0,TORGI-GNSS-20180911T085412.382Z.gpkg,0,Control-15
575,576,9,Glonass,24.2,5.94,219.0,4.0,TORGI-GNSS-20180911T085412.382Z.gpkg,0,Control-15
576,577,5,Glonass,44.2,5.94,150.0,60.0,TORGI-GNSS-20180911T085412.382Z.gpkg,0,Control-15
577,578,20,Glonass,31.1,5.94,345.0,46.0,TORGI-GNSS-20180911T085412.382Z.gpkg,0,Control-15
578,579,19,Glonass,27.3,5.94,74.0,40.0,TORGI-GNSS-20180911T085412.382Z.gpkg,0,Control-15
579,580,21,Glonass,27.6,5.94,306.0,5.0,TORGI-GNSS-20180911T085412.382Z.gpkg,0,Control-15
580,581,4,Glonass,32.6,5.94,47.0,47.0,TORGI-GNSS-20180911T085412.382Z.gpkg,0,Control-15
581,582,10,GPS,29.6,-3.15,213.0,51.0,TORGI-GNSS-20180911T085412.382Z.gpkg,0,Control-15
582,583,13,GPS,23.7,-3.15,45.0,7.0,TORGI-GNSS-20180911T085412.382Z.gpkg,0,Control-15
583,584,15,GPS,41.0,-3.15,78.0,28.0,TORGI-GNSS-20180911T085412.382Z.gpkg,0,Control-15
584,585,16,GPS,36.9,-3.15,282.0,42.0,TORGI-GNSS-20180911T085412.382Z.gpkg,0,Control-15
585,586,20,GPS,41.3,-3.15,213.0,81.0,TORGI-GNSS-20180911T085412.382Z.gpkg,0,Control-15
586,587,21,GPS,35.8,-3.15,22.0,61.0,TORGI-GNSS-20180911T085412.382Z.gpkg,0,Control-15
587,588,26,GPS,29.1,-3.15,241.0,42.0,TORGI-GNSS-20180911T085412.382Z.gpkg,0,Control-15
588,589,27,GPS,38.1,-3.15,314.0,22.0,TORGI-GNSS-20180911T085412.382Z.gpkg,0,Control-15
589,590,29,GPS,30.3,-3.15,120.0,30.0,TORGI-GNSS-20180911T085412.382Z.gpkg,0,Control-15
590,591,10,Glonass,29.7,5.94,265.0,16.0,TORGI-GNSS-20180911T085412.382Z.gpkg,0,Control-15
591,592,18,Glonass,27.4,5.94,106.0,2.0,TORGI-GNSS-20180911T085412.382Z.gpkg,0,Control-15
592,593,5,Glonass,43.6,5.94,150.0,60.0,TORGI-GNSS-20180911T085412.382Z.gpkg,0,Control-15
593,594,20,Glonass,28.6,5.94,345.0,46.0,TORGI-GNSS-20180911T085412.382Z.gpkg,0,Control-15
594,595,19,Glonass,27.0,5.94,74.0,40.0,TORGI-GNSS-20180911T085412.382Z.gpkg,0,Control-15
595,596,21,Glonass,25.3,5.94,306.0,5.0,TORGI-GNSS-20180911T085412.382Z.gpkg,0,Control-15
596,597,4,Glonass,26.8,5.94,47.0,47.0,TORGI-GNSS-20180911T085412.382Z.gpkg,0,Control-15
597,598,10,GPS,30.4,-3.15,213.0,51.0,TORGI-GNSS-20180911T085412.382Z.gpkg,0,Control-15
598,599,13,GPS,24.6,-3.15,45.0,7.0,TORGI-GNSS-20180911T085412.382Z.gpkg,0,Control-15
599,600,15,GPS,39.7,-3.15,78.0,28.0,TORGI-GNSS-20180911T085412.382Z.gpkg,0,Control-15
600,601,16,GPS,36.5,-3.15,282.0,42.0,TORGI-GNSS-20180911T085412.382Z.gpkg,0,Control-15
601,602,20,GPS,43.2,-3.15,213.0,81.0,TORGI-GNSS-20180911T085412.382Z.gpkg,0,Control-15
602,603,21,GPS,35.3,-3.15,22.0,61.0,TORGI-GNSS-20180911T085412.382Z.gpkg,0,Control-15
603,604,26,GPS,27.9,-3.15,241.0,42.0,TORGI-GNSS-20180911T085412.382Z.gpkg,0,Control-15
604,605,27,GPS,37.3,-3.15,314.0,22.0,TORGI-GNSS-20180911T085412.382Z.gpkg,0,Control-15
605,606,29,GPS,25.9,-3.15,120.0,30.0,TORGI-GNSS-20180911T085412.382Z.gpkg,0,Control-15
606,607,18,Glonass,27.5,5.94,106.0,2.0,TORGI-GNSS-20180911T085412.382Z.gpkg,0,Control-15
607,608,9,Glonass,26.3,5.94,219.0,4.0,TORGI-GNSS-20180911T085412.382Z.gpkg,0,Control-15
608,609,5,Glonass,44.2,5.94,150.0,60.0,TORGI-GNSS-20180911T085412.382Z.gpkg,0,Control-15
609,610,20,Glonass,23.0,5.94,345.0,46.0,TORGI-GNSS-20180911T085412.382Z.gpkg,0,Control-15
610,611,19,Glonass,30.5,5.94,74.0,40.0,TORGI-GNSS-20180911T085412.382Z.gpkg,0,Control-15
611,612,21,Glonass,29.6,5.94,306.0,5.0,TORGI-GNSS-20180911T085412.382Z.gpkg,0,Control-15
612,613,4,Glonass,22.3,5.94,47.0,47.0,TORGI-GNSS-20180911T085412.382Z.gpkg,0,Control-15
613,614,10,GPS,36.3,-3.15,213.0,51.0,TORGI-GNSS-20180911T085412.382Z.gpkg,0,Control-15
614,615,13,GPS,26.2,-3.15,45.0,7.0,TORGI-GNSS-20180911T085412.382Z.gpkg,0,Control-15
615,616,15,GPS,38.9,-3.15,78.0,28.0,TORGI-GNSS-20180911T085412.382Z.gpkg,0,Control-15
616,617,16,GPS,33.8,-3.15,282.0,42.0,TORGI-GNSS-20180911T085412.382Z.gpkg,0,Control-15
617,618,20,GPS,42.8,-3.15,213.0,81.0,TORGI-GNSS-20180911T085412.382Z.gpkg,0,Control-15
618,619,21,GPS,32.3,-3.15,22.0,61.0,TORGI-GNSS-20180911T085412.382Z.gpkg,0,Control-15
619,620,26,GPS,30.1,-3.15,241.0,42.0,TORGI-GNSS-20180911T085412.382Z.gpkg,0,Control-15
620,621,27,GPS,32.3,-3.15,314.0,22.0,TORGI-GNSS-20180911T085412.382Z.gpkg,0,Control-15
621,622,29,GPS,24.6,-3.15,120.0,30.0,TORGI-GNSS-20180911T085412.382Z.gpkg,0,Control-15
622,623,10,Glonass,22.7,5.94,265.0,16.0,TORGI-GNSS-20180911T085412.382Z.gpkg,0,Control-15
623,624,18,Glonass,28.3,5.94,106.0,2.0,TORGI-GNSS-20180911T085412.382Z.gpkg,0,Control-15
624,625,5,Glonass,45.8,5.94,150.0,60.0,TORGI-GNSS-20180911T085412.382Z.gpkg,0,Control-15
625,626,20,Glonass,23.4,5.94,345.0,46.0,TORGI-GNSS-20180911T085412.382Z.gpkg,0,Control-15
626,627,19,Glonass,27.7,5.94,74.0,40.0,TORGI-GNSS-20180911T085412.382Z.gpkg,0,Control-15
627,628,21,Glonass,27.0,5.94,306.0,5.0,TORGI-GNSS-20180911T085412.382Z.gpkg,0,Control-15
628,629,4,Glonass,25.4,5.94,47.0,47.0,TORGI-GNSS-20180911T085412.382Z.gpkg,0,Control-15
629,630,10,GPS,37.5,-3.15,213.0,51.0,TORGI-GNSS-20180911T085412.382Z.gpkg,0,Control-15
630,631,13,GPS,24.8,-3.15,45.0,7.0,TORGI-GNSS-20180911T085412.382Z.gpkg,0,Control-15
631,632,15,GPS,40.5,-3.15,78.0,28.0,TORGI-GNSS-20180911T085412.382Z.gpkg,0,Control-15
632,633,16,GPS,31.3,-3.15,282.0,42.0,TORGI-GNSS-20180911T085412.382Z.gpkg,0,Control-15
633,634,20,GPS,44.4,-3.15,213.0,81.0,TORGI-GNSS-20180911T085412.382Z.gpkg,0,Control-15
634,635,21,GPS,25.6,-3.15,22.0,61.0,TORGI-GNSS-20180911T085412.382Z.gpkg,0,Control-15
635,636,26,GPS,30.0,-3.15,241.0,42.0,TORGI-GNSS-20180911T085412.382Z.gpkg,0,Control-15
636,637,27,GPS,30.0,-3.15,314.0,22.0,TORGI-GNSS-20180911T085412.382Z.gpkg,0,Control-15
637,638,29,GPS,27.6,-3.15,120.0,30.0,TORGI-GNSS-20180911T085412.382Z.gpkg,0,Control-15
638,639,32,GPS,26.0,-3.15,178.0,1.0,TORGI-GNSS-20180911T085412.382Z.gpkg,0,Control-15
639,640,10,Glonass,30.9,5.94,265.0,16.0,TORGI-GNSS-20180911T085412.382Z.gpkg,0,Control-15
640,641,18,Glonass,28.8,5.94,106.0,2.0,TORGI-GNSS-20180911T085412.382Z.gpkg,0,Control-15
641,642,9,Glonass,27.5,5.94,219.0,4.0,TORGI-GNSS-20180911T085412.382Z.gpkg,0,Control-15
642,643,5,Glonass,44.8,5.94,150.0,60.0,TORGI-GNSS-20180911T085412.382Z.gpkg,0,Control-15
643,644,20,Glonass,29.1,5.94,345.0,46.0,TORGI-GNSS-20180911T085412.382Z.gpkg,0,Control-15
644,645,19,Glonass,26.0,5.94,74.0,40.0,TORGI-GNSS-20180911T085412.382Z.gpkg,0,Control-15
645,646,21,Glonass,26.6,5.94,306.0,5.0,TORGI-GNSS-20180911T085412.382Z.gpkg,0,Control-15
646,647,4,Glonass,29.4,5.94,47.0,47.0,TORGI-GNSS-20180911T085412.382Z.gpkg,0,Control-15
647,648,10,GPS,39.4,-3.15,213.0,51.0,TORGI-GNSS-20180911T085412.382Z.gpkg,0,Control-15
648,649,13,GPS,26.5,-3.15,45.0,7.0,TORGI-GNSS-20180911T085412.382Z.gpkg,0,Control-15
649,650,15,GPS,39.3,-3.15,78.0,28.0,TORGI-GNSS-20180911T085412.382Z.gpkg,0,Control-15
650,651,16,GPS,29.6,-3.15,282.0,42.0,TORGI-GNSS-20180911T085412.382Z.gpkg,0,Control-15
651,652,20,GPS,43.6,-3.15,213.0,81.0,TORGI-GNSS-20180911T085412.382Z.gpkg,0,Control-15
652,653,21,GPS,34.0,-3.15,22.0,61.0,TORGI-GNSS-20180911T085412.382Z.gpkg,0,Control-15
653,654,26,GPS,27.1,-3.15,241.0,42.0,TORGI-GNSS-20180911T085412.382Z.gpkg,0,Control-15
654,655,27,GPS,23.7,-3.15,314.0,22.0,TORGI-GNSS-20180911T085412.382Z.gpkg,0,Control-15
655,656,29,GPS,33.4,-3.15,120.0,30.0,TORGI-GNSS-20180911T085412.382Z.gpkg,0,Control-15
656,657,32,GPS,23.8,-3.15,178.0,1.0,TORGI-GNSS-20180911T085412.382Z.gpkg,0,Control-15
657,658,10,Glonass,23.7,5.94,265.0,16.0,TORGI-GNSS-20180911T085412.382Z.gpkg,0,Control-15
658,659,6,Glonass,25.3,5.94,191.0,11.0,TORGI-GNSS-20180911T085412.382Z.gpkg,0,Control-15
659,660,18,Glonass,28.0,5.94,106.0,2.0,TORGI-GNSS-20180911T085412.382Z.gpkg,0,Control-15
660,661,9,Glonass,29.1,5.94,219.0,4.0,TORGI-GNSS-20180911T085412.382Z.gpkg,0,Control-15
661,662,5,Glonass,44.2,5.94,150.0,60.0,TORGI-GNSS-20180911T085412.382Z.gpkg,0,Control-15
662,663,20,Glonass,30.3,5.94,345.0,46.0,TORGI-GNSS-20180911T085412.382Z.gpkg,0,Control-15
663,664,4,Glonass,33.5,5.94,47.0,47.0,TORGI-GNSS-20180911T085412.382Z.gpkg,0,Control-15
664,665,10,GPS,41.3,-3.15,213.0,51.0,TORGI-GNSS-20180911T085412.382Z.gpkg,0,Control-15
665,666,15,GPS,39.2,-3.15,78.0,28.0,TORGI-GNSS-20180911T085412.382Z.gpkg,0,Control-15
666,667,16,GPS,25.6,-3.15,282.0,42.0,TORGI-GNSS-20180911T085412.382Z.gpkg,0,Control-15
667,668,20,GPS,41.8,-3.15,213.0,81.0,TORGI-GNSS-20180911T085412.382Z.gpkg,0,Control-15
668,669,21,GPS,36.3,-3.15,22.0,61.0,TORGI-GNSS-20180911T085412.382Z.gpkg,0,Control-15
669,670,26,GPS,28.4,-3.15,241.0,42.0,TORGI-GNSS-20180911T085412.382Z.gpkg,0,Control-15
670,671,27,GPS,28.4,-3.15,314.0,22.0,TORGI-GNSS-20180911T085412.382Z.gpkg,0,Control-15
671,672,29,GPS,35.7,-3.15,120.0,30.0,TORGI-GNSS-20180911T085412.382Z.gpkg,0,Control-15
672,673,18,Glonass,26.0,5.94,106.0,2.0,TORGI-GNSS-20180911T085412.382Z.gpkg,0,Control-15
673,674,9,Glonass,27.2,5.94,219.0,4.0,TORGI-GNSS-20180911T085412.382Z.gpkg,0,Control-15
674,675,5,Glonass,44.4,5.94,150.0,60.0,TORGI-GNSS-20180911T085412.382Z.gpkg,0,Control-15
675,676,19,Glonass,28.5,5.94,74.0,40.0,TORGI-GNSS-20180911T085412.382Z.gpkg,0,Control-15
676,677,4,Glonass,38.0,5.94,47.0,47.0,TORGI-GNSS-20180911T085412.382Z.gpkg,0,Control-15
677,678,10,GPS,37.5,-3.15,213.0,51.0,TORGI-GNSS-20180911T085412.382Z.gpkg,0,Control-15
678,679,15,GPS,40.5,-3.15,78.0,28.0,TORGI-GNSS-20180911T085412.382Z.gpkg,0,Control-15
679,680,16,GPS,27.5,-3.15,282.0,42.0,TORGI-GNSS-20180911T085412.382Z.gpkg,0,Control-15
680,681,20,GPS,40.5,-3.15,213.0,81.0,TORGI-GNSS-20180911T085412.382Z.gpkg,0,Control-15
681,682,21,GPS,35.8,-3.15,22.0,61.0,TORGI-GNSS-20180911T085412.382Z.gpkg,0,Control-15
682,683,26,GPS,35.6,-3.15,241.0,42.0,TORGI-GNSS-20180911T085412.382Z.gpkg,0,Control-15
683,684,27,GPS,34.2,-3.15,314.0,22.0,TORGI-GNSS-20180911T085412.382Z.gpkg,0,Control-15
684,685,29,GPS,34.1,-3.15,120.0,30.0,TORGI-GNSS-20180911T085412.382Z.gpkg,0,Control-15
685,686,18,Glonass,29.2,5.94,106.0,2.0,TORGI-GNSS-20180911T085412.382Z.gpkg,0,Control-15
686,687,9,Glonass,31.7,5.94,219.0,4.0,TORGI-GNSS-20180911T085412.382Z.gpkg,0,Control-15
687,688,11,Glonass,25.9,5.94,317.0,9.0,TORGI-GNSS-20180911T085412.382Z.gpkg,0,Control-15
688,689,5,Glonass,44.5,5.94,150.0,60.0,TORGI-GNSS-20180911T085412.382Z.gpkg,0,Control-15
689,690,19,Glonass,32.7,5.94,74.0,40.0,TORGI-GNSS-20180911T085412.382Z.gpkg,0,Control-15
690,691,4,Glonass,39.5,5.94,47.0,47.0,TORGI-GNSS-20180911T085412.382Z.gpkg,0,Control-15
691,692,10,GPS,37.8,-3.15,213.0,51.0,TORGI-GNSS-20180911T085412.382Z.gpkg,0,Control-15
692,693,15,GPS,34.6,-3.15,78.0,28.0,TORGI-GNSS-20180911T085412.382Z.gpkg,0,Control-15
693,694,16,GPS,37.4,-3.15,282.0,42.0,TORGI-GNSS-20180911T085412.382Z.gpkg,0,Control-15
694,695,20,GPS,42.6,-3.15,213.0,81.0,TORGI-GNSS-20180911T085412.382Z.gpkg,0,Control-15
695,696,21,GPS,35.6,-3.15,22.0,61.0,TORGI-GNSS-20180911T085412.382Z.gpkg,0,Control-15
696,697,26,GPS,39.9,-3.15,241.0,42.0,TORGI-GNSS-20180911T085412.382Z.gpkg,0,Control-15
697,698,27,GPS,35.4,-3.15,314.0,22.0,TORGI-GNSS-20180911T085412.382Z.gpkg,0,Control-15
698,699,29,GPS,34.6,-3.15,120.0,30.0,TORGI-GNSS-20180911T085412.382Z.gpkg,0,Control-15
699,700,10,Glonass,28.0,5.94,265.0,16.0,TORGI-GNSS-20180911T085412.382Z.gpkg,0,Control-15
700,701,6,Glonass,22.5,5.94,191.0,11.0,TORGI-GNSS-20180911T085412.382Z.gpkg,0,Control-15
701,702,9,Glonass,33.3,5.94,219.0,4.0,TORGI-GNSS-20180911T085412.382Z.gpkg,0,Control-15
702,703,5,Glonass,45.9,5.94,150.0,60.0,TORGI-GNSS-20180911T085412.382Z.gpkg,0,Control-15
703,704,20,Glonass,25.9,5.94,345.0,46.0,TORGI-GNSS-20180911T085412.382Z.gpkg,0,Control-15
704,705,19,Glonass,30.1,5.94,74.0,40.0,TORGI-GNSS-20180911T085412.382Z.gpkg,0,Control-15
705,706,4,Glonass,39.1,5.94,47.0,47.0,TORGI-GNSS-20180911T085412.382Z.gpkg,0,Control-15
706,707,10,GPS,43.3,-3.15,213.0,51.0,TORGI-GNSS-20180911T085412.382Z.gpkg,0,Control-15
707,708,13,GPS,30.9,-3.15,45.0,7.0,TORGI-GNSS-20180911T085412.382Z.gpkg,0,Control-15
708,709,15,GPS,38.2,-3.15,78.0,28.0,TORGI-GNSS-20180911T085412.382Z.gpkg,0,Control-15
709,710,16,GPS,32.1,-3.15,282.0,42.0,TORGI-GNSS-20180911T085412.382Z.gpkg,0,Control-15
710,711,20,GPS,43.9,-3.15,213.0,81.0,TORGI-GNSS-20180911T085412.382Z.gpkg,0,Control-15
711,712,21,GPS,30.7,-3.15,22.0,61.0,TORGI-GNSS-20180911T085412.382Z.gpkg,0,Control-15
712,713,26,GPS,32.3,-3.15,241.0,42.0,TORGI-GNSS-20180911T085412.382Z.gpkg,0,Control-15
713,714,27,GPS,26.4,-3.15,314.0,22.0,TORGI-GNSS-20180911T085412.382Z.gpkg,0,Control-15
714,715,29,GPS,31.3,-3.15,120.0,30.0,TORGI-GNSS-20180911T085412.382Z.gpkg,0,Control-15
715,716,32,GPS,24.7,-3.15,178.0,1.0,TORGI-GNSS-20180911T085412.382Z.gpkg,0,Control-15
716,717,10,Glonass,29.3,5.94,265.0,16.0,TORGI-GNSS-20180911T085412.382Z.gpkg,0,Control-15
717,718,18,Glonass,28.2,5.94,106.0,2.0,TORGI-GNSS-20180911T085412.382Z.gpkg,0,Control-15
718,719,9,Glonass,26.2,5.94,219.0,4.0,TORGI-GNSS-20180911T085412.382Z.gpkg,0,Control-15
719,720,5,Glonass,41.7,5.94,150.0,60.0,TORGI-GNSS-20180911T085412.382Z.gpkg,0,Control-15
720,721,20,Glonass,21.9,5.94,345.0,46.0,TORGI-GNSS-20180911T085412.382Z.gpkg,0,Control-15
721,722,4,Glonass,28.8,5.94,47.0,47.0,TORGI-GNSS-20180911T085412.382Z.gpkg,0,Control-15
722,723,10,GPS,38.9,-3.15,213.0,51.0,TORGI-GNSS-20180911T085412.382Z.gpkg,0,Control-15
723,724,15,GPS,26.2,-3.15,78.0,28.0,TORGI-GNSS-20180911T085412.382Z.gpkg,0,Control-15
724,725,16,GPS,30.9,-3.15,282.0,42.0,TORGI-GNSS-20180911T085412.382Z.gpkg,0,Control-15
725,726,20,GPS,40.9,-3.15,213.0,81.0,TORGI-GNSS-20180911T085412.382Z.gpkg,0,Control-15
726,727,26,GPS,29.5,-3.15,241.0,42.0,TORGI-GNSS-20180911T085412.382Z.gpkg,0,Control-15
727,728,27,GPS,29.3,-3.15,314.0,22.0,TORGI-GNSS-20180911T085412.382Z.gpkg,0,Control-15
728,729,29,GPS,31.9,-3.15,120.0,30.0,TORGI-GNSS-20180911T085412.382Z.gpkg,0,Control-15
729,730,32,GPS,24.5,-3.15,178.0,1.0,TORGI-GNSS-20180911T085412.382Z.gpkg,0,Control-15
730,731,18,Glonass,27.9,5.94,106.0,2.0,TORGI-GNSS-20180911T085412.382Z.gpkg,0,Control-15
731,732,9,Glonass,28.4,5.94,219.0,4.0,TORGI-GNSS-20180911T085412.382Z.gpkg,0,Control-15
732,733,5,Glonass,43.7,5.94,150.0,60.0,TORGI-GNSS-20180911T085412.382Z.gpkg,0,Control-15
733,734,19,Glonass,30.8,5.94,74.0,40.0,TORGI-GNSS-20180911T085412.382Z.gpkg,0,Control-15
734,735,3,Glonass,27.7,5.94,0.0,0.0,TORGI-GNSS-20180911T085412.382Z.gpkg,0,Control-15
735,736,4,Glonass,34.8,5.94,47.0,47.0,TORGI-GNSS-20180911T085412.382Z.gpkg,0,Control-15
736,737,10,GPS,36.6,-3.15,213.0,51.0,TORGI-GNSS-20180911T085412.382Z.gpkg,0,Control-15
737,738,13,GPS,24.5,-3.15,45.0,7.0,TORGI-GNSS-20180911T085412.382Z.gpkg,0,Control-15
738,739,15,GPS,27.8,-3.15,78.0,28.0,TORGI-GNSS-20180911T085412.382Z.gpkg,0,Control-15
739,740,16,GPS,32.8,-3.15,282.0,42.0,TORGI-GNSS-20180911T085412.382Z.gpkg,0,Control-15
740,741,20,GPS,41.4,-3.15,213.0,81.0,TORGI-GNSS-20180911T085412.382Z.gpkg,0,Control-15
741,742,21,GPS,26.6,-3.15,22.0,61.0,TORGI-GNSS-20180911T085412.382Z.gpkg,0,Control-15
742,743,26,GPS,38.0,-3.15,241.0,42.0,TORGI-GNSS-20180911T085412.382Z.gpkg,0,Control-15
743,744,27,GPS,30.5,-3.15,314.0,22.0,TORGI-GNSS-20180911T085412.382Z.gpkg,0,Control-15
744,745,29,GPS,33.8,-3.15,120.0,30.0,TORGI-GNSS-20180911T085412.382Z.gpkg,0,Control-15
745,746,6,Glonass,25.8,5.94,191.0,11.0,TORGI-GNSS-20180911T085412.382Z.gpkg,0,Control-15
746,747,18,Glonass,27.9,5.94,106.0,2.0,TORGI-GNSS-20180911T085412.382Z.gpkg,0,Control-15
747,748,9,Glonass,29.2,5.94,219.0,4.0,TORGI-GNSS-20180911T085412.382Z.gpkg,0,Control-15
748,749,5,Glonass,42.8,5.94,150.0,60.0,TORGI-GNSS-20180911T085412.382Z.gpkg,0,Control-15
749,750,19,Glonass,29.3,5.94,74.0,40.0,TORGI-GNSS-20180911T085412.382Z.gpkg,0,Control-15
750,751,3,Glonass,27.1,5.94,0.0,0.0,TORGI-GNSS-20180911T085412.382Z.gpkg,0,Control-15
751,752,4,Glonass,35.8,5.94,47.0,47.0,TORGI-GNSS-20180911T085412.382Z.gpkg,0,Control-15
752,753,10,GPS,35.3,-3.15,213.0,51.0,TORGI-GNSS-20180911T085412.382Z.gpkg,0,Control-15
753,754,16,GPS,39.4,-3.15,282.0,42.0,TORGI-GNSS-20180911T085412.382Z.gpkg,0,Control-15
754,755,20,GPS,41.6,-3.15,213.0,81.0,TORGI-GNSS-20180911T085412.382Z.gpkg,0,Control-15
755,756,21,GPS,31.2,-3.15,22.0,61.0,TORGI-GNSS-20180911T085412.382Z.gpkg,0,Control-15
756,757,26,GPS,39.3,-3.15,241.0,42.0,TORGI-GNSS-20180911T085412.382Z.gpkg,0,Control-15
757,758,27,GPS,31.5,-3.15,314.0,22.0,TORGI-GNSS-20180911T085412.382Z.gpkg,0,Control-15
758,759,29,GPS,32.1,-3.15,120.0,30.0,TORGI-GNSS-20180911T085412.382Z.gpkg,0,Control-15
759,760,6,Glonass,23.7,5.94,191.0,11.0,TORGI-GNSS-20180911T085412.382Z.gpkg,0,Control-15
760,761,18,Glonass,25.6,5.94,106.0,2.0,TORGI-GNSS-20180911T085412.382Z.gpkg,0,Control-15
761,762,5,Glonass,39.0,5.94,150.0,60.0,TORGI-GNSS-20180911T085412.382Z.gpkg,0,Control-15
762,763,20,Glonass,24.3,5.94,345.0,46.0,TORGI-GNSS-20180911T085412.382Z.gpkg,0,Control-15
763,764,3,Glonass,25.4,5.94,0.0,0.0,TORGI-GNSS-20180911T085412.382Z.gpkg,0,Control-15
764,765,4,Glonass,33.8,5.94,47.0,47.0,TORGI-GNSS-20180911T085412.382Z.gpkg,0,Control-15
765,766,10,GPS,32.3,-3.15,213.0,51.0,TORGI-GNSS-20180911T085412.382Z.gpkg,0,Control-15
766,767,15,GPS,31.0,-3.15,78.0,28.0,TORGI-GNSS-20180911T085412.382Z.gpkg,0,Control-15
767,768,16,GPS,33.7,-3.15,282.0,42.0,TORGI-GNSS-20180911T085412.382Z.gpkg,0,Control-15
768,769,20,GPS,39.4,-3.15,213.0,81.0,TORGI-GNSS-20180911T085412.382Z.gpkg,0,Control-15
769,770,21,GPS,27.4,-3.15,22.0,61.0,TORGI-GNSS-20180911T085412.382Z.gpkg,0,Control-15
770,771,26,GPS,33.5,-3.15,241.0,42.0,TORGI-GNSS-20180911T085412.382Z.gpkg,0,Control-15
771,772,29,GPS,31.3,-3.15,120.0,30.0,TORGI-GNSS-20180911T085412.382Z.gpkg,0,Control-15
772,773,18,Glonass,23.4,5.94,106.0,2.0,TORGI-GNSS-20180911T085412.382Z.gpkg,0,Control-15
773,774,5,Glonass,39.7,5.94,150.0,60.0,TORGI-GNSS-20180911T085412.382Z.gpkg,0,Control-15
774,775,3,Glonass,25.1,5.94,0.0,0.0,TORGI-GNSS-20180911T085412.382Z.gpkg,0,Control-15
775,776,4,Glonass,31.6,5.94,47.0,47.0,TORGI-GNSS-20180911T085412.382Z.gpkg,0,Control-15
776,777,10,GPS,30.9,-3.15,213.0,51.0,TORGI-GNSS-20180911T085412.382Z.gpkg,0,Control-15
777,778,13,GPS,22.1,-3.15,45.0,7.0,TORGI-GNSS-20180911T085412.382Z.gpkg,0,Control-15
778,779,15,GPS,25.7,-3.15,78.0,28.0,TORGI-GNSS-20180911T085412.382Z.gpkg,0,Control-15
779,780,16,GPS,34.7,-3.15,282.0,42.0,TORGI-GNSS-20180911T085412.382Z.gpkg,0,Control-15
780,781,20,GPS,39.2,-3.15,213.0,81.0,TORGI-GNSS-20180911T085412.382Z.gpkg,0,Control-15
781,782,21,GPS,26.3,-3.15,22.0,61.0,TORGI-GNSS-20180911T085412.382Z.gpkg,0,Control-15
782,783,26,GPS,33.3,-3.15,241.0,42.0,TORGI-GNSS-20180911T085412.382Z.gpkg,0,Control-15
783,784,27,GPS,26.8,-3.15,314.0,22.0,TORGI-GNSS-20180911T085412.382Z.gpkg,0,Control-15
784,785,29,GPS,31.2,-3.15,120.0,30.0,TORGI-GNSS-20180911T085412.382Z.gpkg,0,Control-15
785,786,18,Glonass,24.9,5.94,106.0,2.0,TORGI-GNSS-20180911T085412.382Z.gpkg,0,Control-15
786,787,9,Glonass,28.2,5.94,219.0,4.0,TORGI-GNSS-20180911T085412.382Z.gpkg,0,Control-15
787,788,5,Glonass,40.2,5.94,150.0,60.0,TORGI-GNSS-20180911T085412.382Z.gpkg,0,Control-15
788,789,19,Glonass,24.6,5.94,74.0,40.0,TORGI-GNSS-20180911T085412.382Z.gpkg,0,Control-15
789,790,3,Glonass,26.4,5.94,0.0,0.0,TORGI-GNSS-20180911T085412.382Z.gpkg,0,Control-15
790,791,4,Glonass,29.2,5.94,47.0,47.0,TORGI-GNSS-20180911T085412.382Z.gpkg,0,Control-15
791,792,10,GPS,28.0,-3.15,213.0,51.0,TORGI-GNSS-20180911T085412.382Z.gpkg,0,Control-15
792,793,13,GPS,25.5,-3.15,45.0,7.0,TORGI-GNSS-20180911T085412.382Z.gpkg,0,Control-15
793,794,15,GPS,28.0,-3.15,78.0,28.0,TORGI-GNSS-20180911T085412.382Z.gpkg,0,Control-15
794,795,16,GPS,31.8,-3.15,282.0,42.0,TORGI-GNSS-20180911T085412.382Z.gpkg,0,Control-15
795,796,20,GPS,38.9,-3.15,213.0,81.0,TORGI-GNSS-20180911T085412.382Z.gpkg,0,Control-15
796,797,21,GPS,27.9,-3.15,22.0,61.0,TORGI-GNSS-20180911T085412.382Z.gpkg,0,Control-15
797,798,26,GPS,34.5,-3.15,241.0,42.0,TORGI-GNSS-20180911T085412.382Z.gpkg,0,Control-15
798,799,27,GPS,28.8,-3.15,314.0,22.0,TORGI-GNSS-20180911T085412.382Z.gpkg,0,Control-15
799,800,29,GPS,30.5,-3.15,120.0,30.0,TORGI-GNSS-20180911T085412.382Z.gpkg,0,Control-15
800,801,9,Glonass,24.7,5.94,219.0,4.0,TORGI-GNSS-20180911T085412.382Z.gpkg,0,Control-15
801,802,5,Glonass,40.1,5.94,150.0,60.0,TORGI-GNSS-20180911T085412.382Z.gpkg,0,Control-15
802,803,19,Glonass,26.7,5.94,74.0,40.0,TORGI-GNSS-20180911T085412.382Z.gpkg,0,Control-15
803,804,3,Glonass,28.3,5.94,0.0,0.0,TORGI-GNSS-20180911T085412.382Z.gpkg,0,Control-15
804,805,10,GPS,35.0,-3.15,213.0,51.0,TORGI-GNSS-20180911T085412.382Z.gpkg,0,Control-15
805,806,13,GPS,26.9,-3.15,45.0,7.0,TORGI-GNSS-20180911T085412.382Z.gpkg,0,Control-15
806,807,15,GPS,31.6,-3.15,78.0,28.0,TORGI-GNSS-20180911T085412.382Z.gpkg,0,Control-15
807,808,16,GPS,29.4,-3.15,282.0,42.0,TORGI-GNSS-20180911T085412.382Z.gpkg,0,Control-15
808,809,20,GPS,39.2,-3.15,213.0,81.0,TORGI-GNSS-20180911T085412.382Z.gpkg,0,Control-15
809,810,21,GPS,23.1,-3.15,22.0,61.0,TORGI-GNSS-20180911T085412.382Z.gpkg,0,Control-15
810,811,26,GPS,26.9,-3.15,241.0,42.0,TORGI-GNSS-20180911T085412.382Z.gpkg,0,Control-15
811,812,27,GPS,30.5,-3.15,314.0,22.0,TORGI-GNSS-20180911T085412.382Z.gpkg,0,Control-15
812,813,29,GPS,29.0,-3.15,120.0,30.0,TORGI-GNSS-20180911T085412.382Z.gpkg,0,Control-15
813,814,5,Glonass,40.2,5.94,150.0,60.0,TORGI-GNSS-20180911T085412.382Z.gpkg,0,Control-15
814,815,3,Glonass,27.2,5.94,0.0,0.0,TORGI-GNSS-20180911T085412.382Z.gpkg,0,Control-15
815,816,4,Glonass,26.3,5.94,47.0,47.0,TORGI-GNSS-20180911T085412.382Z.gpkg,0,Control-15
816,817,10,GPS,34.7,-3.15,213.0,51.0,TORGI-GNSS-20180911T085412.382Z.gpkg,0,Control-15
817,818,13,GPS,26.5,-3.15,45.0,7.0,TORGI-GNSS-20180911T085412.382Z.gpkg,0,Control-15
818,819,15,GPS,29.4,-3.15,78.0,28.0,TORGI-GNSS-20180911T085412.382Z.gpkg,0,Control-15
819,820,16,GPS,30.6,-3.15,282.0,42.0,TORGI-GNSS-20180911T085412.382Z.gpkg,0,Control-15
820,821,20,GPS,38.6,-3.15,213.0,81.0,TORGI-GNSS-20180911T085412.382Z.gpkg,0,Control-15
821,822,21,GPS,25.4,-3.15,22.0,61.0,TORGI-GNSS-20180911T085412.382Z.gpkg,0,Control-15
822,823,26,GPS,26.5,-3.15,241.0,42.0,TORGI-GNSS-20180911T085412.382Z.gpkg,0,Control-15
823,824,27,GPS,31.0,-3.15,314.0,22.0,TORGI-GNSS-20180911T085412.382Z.gpkg,0,Control-15
824,825,29,GPS,30.3,-3.15,120.0,30.0,TORGI-GNSS-20180911T085412.382Z.gpkg,0,Control-15
825,826,32,GPS,23.6,-3.15,178.0,1.0,TORGI-GNSS-20180911T085412.382Z.gpkg,0,Control-15
826,827,18,Glonass,28.4,5.94,106.0,2.0,TORGI-GNSS-20180911T085412.382Z.gpkg,0,Control-15
827,828,5,Glonass,42.9,5.94,150.0,60.0,TORGI-GNSS-20180911T085412.382Z.gpkg,0,Control-15
828,829,3,Glonass,26.4,5.94,0.0,0.0,TORGI-GNSS-20180911T085412.382Z.gpkg,0,Control-15
829,830,4,Glonass,28.3,5.94,47.0,47.0,TORGI-GNSS-20180911T085412.382Z.gpkg,0,Control-15
830,831,10,GPS,36.4,-3.15,213.0,51.0,TORGI-GNSS-20180911T085412.382Z.gpkg,0,Control-15
831,832,13,GPS,24.3,-3.15,45.0,7.0,TORGI-GNSS-20180911T085412.382Z.gpkg,0,Control-15
832,833,15,GPS,29.9,-3.15,78.0,28.0,TORGI-GNSS-20180911T085412.382Z.gpkg,0,Control-15
833,834,16,GPS,31.3,-3.15,282.0,42.0,TORGI-GNSS-20180911T085412.382Z.gpkg,0,Control-15
834,835,20,GPS,40.4,-3.15,213.0,81.0,TORGI-GNSS-20180911T085412.382Z.gpkg,0,Control-15
835,836,21,GPS,26.3,-3.15,22.0,61.0,TORGI-GNSS-20180911T085412.382Z.gpkg,0,Control-15
836,837,26,GPS,30.9,-3.15,241.0,42.0,TORGI-GNSS-20180911T085412.382Z.gpkg,0,Control-15
837,838,27,GPS,31.4,-3.15,314.0,22.0,TORGI-GNSS-20180911T085412.382Z.gpkg,0,Control-15
838,839,29,GPS,32.2,-3.15,120.0,30.0,TORGI-GNSS-20180911T085412.382Z.gpkg,0,Control-15
839,840,18,Glonass,29.0,5.94,106.0,2.0,TORGI-GNSS-20180911T085412.382Z.gpkg,0,Control-15
840,841,5,Glonass,44.3,5.94,150.0,60.0,TORGI-GNSS-20180911T085412.382Z.gpkg,0,Control-15
841,842,3,Glonass,27.6,5.94,0.0,0.0,TORGI-GNSS-20180911T085412.382Z.gpkg,0,Control-15
842,843,4,Glonass,32.6,5.94,47.0,47.0,TORGI-GNSS-20180911T085412.382Z.gpkg,0,Control-15
843,844,10,GPS,38.0,-3.15,213.0,51.0,TORGI-GNSS-20180911T085412.382Z.gpkg,0,Control-15
844,845,13,GPS,27.4,-3.15,45.0,7.0,TORGI-GNSS-20180911T085412.382Z.gpkg,0,Control-15
845,846,15,GPS,28.3,-3.15,78.0,28.0,TORGI-GNSS-20180911T085412.382Z.gpkg,0,Control-15
846,847,16,GPS,33.0,-3.15,282.0,42.0,TORGI-GNSS-20180911T085412.382Z.gpkg,0,Control-15
847,848,20,GPS,41.3,-3.15,213.0,81.0,TORGI-GNSS-20180911T085412.382Z.gpkg,0,Control-15
848,849,21,GPS,24.9,-3.15,22.0,61.0,TORGI-GNSS-20180911T085412.382Z.gpkg,0,Control-15
849,850,26,GPS,33.5,-3.15,241.0,42.0,TORGI-GNSS-20180911T085412.382Z.gpkg,0,Control-15
850,851,27,GPS,31.8,-3.15,314.0,22.0,TORGI-GNSS-20180911T085412.382Z.gpkg,0,Control-15
851,852,29,GPS,31.5,-3.15,120.0,30.0,TORGI-GNSS-20180911T085412.382Z.gpkg,0,Control-15
852,853,32,GPS,24.6,-3.15,178.0,1.0,TORGI-GNSS-20180911T085412.382Z.gpkg,0,Control-15
853,854,18,Glonass,30.1,5.94,106.0,2.0,TORGI-GNSS-20180911T085412.382Z.gpkg,0,Control-15
854,855,9,Glonass,24.3,5.94,219.0,4.0,TORGI-GNSS-20180911T085412.382Z.gpkg,0,Control-15
855,856,5,Glonass,43.8,5.94,150.0,60.0,TORGI-GNSS-20180911T085412.382Z.gpkg,0,Control-15
856,857,3,Glonass,24.7,5.94,0.0,0.0,TORGI-GNSS-20180911T085412.382Z.gpkg,0,Control-15
857,858,4,Glonass,32.3,5.94,47.0,47.0,TORGI-GNSS-20180911T085412.382Z.gpkg,0,Control-15
858,859,10,GPS,37.6,-3.15,213.0,51.0,TORGI-GNSS-20180911T085412.382Z.gpkg,0,Control-15
859,860,13,GPS,27.9,-3.15,45.0,7.0,TORGI-GNSS-20180911T085412.382Z.gpkg,0,Control-15
860,861,15,GPS,28.4,-3.15,78.0,28.0,TORGI-GNSS-20180911T085412.382Z.gpkg,0,Control-15
861,862,16,GPS,31.0,-3.15,282.0,42.0,TORGI-GNSS-20180911T085412.382Z.gpkg,0,Control-15
862,863,20,GPS,41.1,-3.15,213.0,81.0,TORGI-GNSS-20180911T085412.382Z.gpkg,0,Control-15
863,864,21,GPS,26.0,-3.15,22.0,61.0,TORGI-GNSS-20180911T085412.382Z.gpkg,0,Control-15
864,865,26,GPS,34.6,-3.15,241.0,42.0,TORGI-GNSS-20180911T085412.382Z.gpkg,0,Control-15
865,866,27,GPS,32.5,-3.15,314.0,22.0,TORGI-GNSS-20180911T085412.382Z.gpkg,0,Control-15
866,867,29,GPS,33.2,-3.15,120.0,30.0,TORGI-GNSS-20180911T085412.382Z.gpkg,0,Control-15
867,868,32,GPS,23.3,-3.15,178.0,1.0,TORGI-GNSS-20180911T085412.382Z.gpkg,0,Control-15
868,869,18,Glonass,27.8,5.94,106.0,2.0,TORGI-GNSS-20180911T085412.382Z.gpkg,0,Control-15
869,870,9,Glonass,26.1,5.94,219.0,4.0,TORGI-GNSS-20180911T085412.382Z.gpkg,0,Control-15
870,871,5,Glonass,43.2,5.94,150.0,60.0,TORGI-GNSS-20180911T085412.382Z.gpkg,0,Control-15
871,872,20,Glonass,23.2,5.94,345.0,46.0,TORGI-GNSS-20180911T085412.382Z.gpkg,0,Control-15
872,873,4,Glonass,30.3,5.94,47.0,47.0,TORGI-GNSS-20180911T085412.382Z.gpkg,0,Control-15
873,874,10,GPS,37.1,-3.15,213.0,51.0,TORGI-GNSS-20180911T085412.382Z.gpkg,0,Control-15
874,875,13,GPS,27.8,-3.15,45.0,7.0,TORGI-GNSS-20180911T085412.382Z.gpkg,0,Control-15
875,876,15,GPS,30.7,-3.15,78.0,28.0,TORGI-GNSS-20180911T085412.382Z.gpkg,0,Control-15
876,877,16,GPS,33.1,-3.15,282.0,42.0,TORGI-GNSS-20180911T085412.382Z.gpkg,0,Control-15
877,878,20,GPS,41.2,-3.15,213.0,81.0,TORGI-GNSS-20180911T085412.382Z.gpkg,0,Control-15
878,879,21,GPS,25.7,-3.15,22.0,61.0,TORGI-GNSS-20180911T085412.382Z.gpkg,0,Control-15
879,880,26,GPS,31.3,-3.15,241.0,42.0,TORGI-GNSS-20180911T085412.382Z.gpkg,0,Control-15
880,881,27,GPS,29.2,-3.15,314.0,22.0,TORGI-GNSS-20180911T085412.382Z.gpkg,0,Control-15
881,882,29,GPS,31.0,-3.15,120.0,30.0,TORGI-GNSS-20180911T085412.382Z.gpkg,0,Control-15
882,883,18,Glonass,23.0,5.94,106.0,2.0,TORGI-GNSS-20180911T085412.382Z.gpkg,0,Control-15
883,884,5,Glonass,42.5,5.94,150.0,60.0,TORGI-GNSS-20180911T085412.382Z.gpkg,0,Control-15
884,885,20,Glonass,23.5,5.94,345.0,46.0,TORGI-GNSS-20180911T085412.382Z.gpkg,0,Control-15
885,886,19,Glonass,23.3,5.94,74.0,40.0,TORGI-GNSS-20180911T085412.382Z.gpkg,0,Control-15
886,887,3,Glonass,24.8,5.94,0.0,0.0,TORGI-GNSS-20180911T085412.382Z.gpkg,0,Control-15
887,888,4,Glonass,33.8,5.94,47.0,47.0,TORGI-GNSS-20180911T085412.382Z.gpkg,0,Control-15
888,889,10,GPS,39.3,-3.15,213.0,51.0,TORGI-GNSS-20180911T085412.382Z.gpkg,0,Control-15
889,890,13,GPS,28.5,-3.15,45.0,7.0,TORGI-GNSS-20180911T085412.382Z.gpkg,0,Control-15
890,891,15,GPS,31.7,-3.15,78.0,28.0,TORGI-GNSS-20180911T085412.382Z.gpkg,0,Control-15
891,892,16,GPS,28.1,-3.15,282.0,42.0,TORGI-GNSS-20180911T085412.382Z.gpkg,0,Control-15
892,893,20,GPS,43.0,-3.15,213.0,81.0,TORGI-GNSS-20180911T085412.382Z.gpkg,0,Control-15
893,894,21,GPS,23.9,-3.15,22.0,61.0,TORGI-GNSS-20180911T085412.382Z.gpkg,0,Control-15
894,895,27,GPS,27.8,-3.15,314.0,22.0,TORGI-GNSS-20180911T085412.382Z.gpkg,0,Control-15
895,896,29,GPS,33.5,-3.15,120.0,30.0,TORGI-GNSS-20180911T085412.382Z.gpkg,0,Control-15
896,897,18,Glonass,29.8,5.94,106.0,2.0,TORGI-GNSS-20180911T085412.382Z.gpkg,0,Control-15
897,898,9,Glonass,24.1,5.94,219.0,4.0,TORGI-GNSS-20180911T085412.382Z.gpkg,0,Control-15
898,899,5,Glonass,44.0,5.94,150.0,60.0,TORGI-GNSS-20180911T085412.382Z.gpkg,0,Control-15
899,900,19,Glonass,24.9,5.94,74.0,40.0,TORGI-GNSS-20180911T085412.382Z.gpkg,0,Control-15
900,901,3,Glonass,24.3,5.94,0.0,0.0,TORGI-GNSS-20180911T085412.382Z.gpkg,0,Control-15
901,902,4,Glonass,29.6,5.94,47.0,47.0,TORGI-GNSS-20180911T085412.382Z.gpkg,0,Control-15
902,903,10,GPS,39.7,-3.15,213.0,51.0,TORGI-GNSS-20180911T085412.382Z.gpkg,0,Control-15
903,904,13,GPS,30.2,-3.15,45.0,7.0,TORGI-GNSS-20180911T085412.382Z.gpkg,0,Control-15
904,905,15,GPS,33.3,-3.15,78.0,28.0,TORGI-GNSS-20180911T085412.382Z.gpkg,0,Control-15
905,906,16,GPS,34.9,-3.15,282.0,42.0,TORGI-GNSS-20180911T085412.382Z.gpkg,0,Control-15
906,907,20,GPS,41.9,-3.15,213.0,81.0,TORGI-GNSS-20180911T085412.382Z.gpkg,0,Control-15
907,908,21,GPS,30.4,-3.15,22.0,61.0,TORGI-GNSS-20180911T085412.382Z.gpkg,0,Control-15
908,909,26,GPS,31.5,-3.15,241.0,42.0,TORGI-GNSS-20180911T085412.382Z.gpkg,0,Control-15
909,910,27,GPS,32.7,-3.15,314.0,22.0,TORGI-GNSS-20180911T085412.382Z.gpkg,0,Control-15
910,911,29,GPS,34.2,-3.15,120.0,30.0,TORGI-GNSS-20180911T085412.382Z.gpkg,0,Control-15
911,912,32,GPS,26.9,-3.15,178.0,1.0,TORGI-GNSS-20180911T085412.382Z.gpkg,0,Control-15
912,913,9,Glonass,24.1,5.94,219.0,4.0,TORGI-GNSS-20180911T085412.382Z.gpkg,0,Control-15
913,914,5,Glonass,41.7,5.94,150.0,60.0,TORGI-GNSS-20180911T085412.382Z.gpkg,0,Control-15
914,915,20,Glonass,26.3,5.94,345.0,46.0,TORGI-GNSS-20180911T085412.382Z.gpkg,0,Control-15
915,916,4,Glonass,25.3,5.94,47.0,47.0,TORGI-GNSS-20180911T085412.382Z.gpkg,0,Control-15
916,917,10,GPS,36.0,-3.15,213.0,51.0,TORGI-GNSS-20180911T085412.382Z.gpkg,0,Control-15
917,918,15,GPS,32.9,-3.15,78.0,28.0,TORGI-GNSS-20180911T085412.382Z.gpkg,0,Control-15
918,919,16,GPS,28.8,-3.15,282.0,42.0,TORGI-GNSS-20180911T085412.382Z.gpkg,0,Control-15
919,920,20,GPS,37.9,-3.15,213.0,81.0,TORGI-GNSS-20180911T085412.382Z.gpkg,0,Control-15
920,921,21,GPS,27.2,-3.15,22.0,61.0,TORGI-GNSS-20180911T085412.382Z.gpkg,0,Control-15
921,922,26,GPS,28.9,-3.15,241.0,42.0,TORGI-GNSS-20180911T085412.382Z.gpkg,0,Control-15
922,923,27,GPS,30.6,-3.15,314.0,22.0,TORGI-GNSS-20180911T085412.382Z.gpkg,0,Control-15
923,924,29,GPS,26.8,-3.15,120.0,30.0,TORGI-GNSS-20180911T085412.382Z.gpkg,0,Control-15
924,925,18,Glonass,27.5,5.94,106.0,2.0,TORGI-GNSS-20180911T085412.382Z.gpkg,0,Control-15
925,926,5,Glonass,39.7,5.94,150.0,60.0,TORGI-GNSS-20180911T085412.382Z.gpkg,0,Control-15
926,927,19,Glonass,30.1,5.94,74.0,40.0,TORGI-GNSS-20180911T085412.382Z.gpkg,0,Control-15
927,928,4,Glonass,28.7,5.94,47.0,47.0,TORGI-GNSS-20180911T085412.382Z.gpkg,0,Control-15
928,929,10,GPS,31.2,-3.15,213.0,51.0,TORGI-GNSS-20180911T085412.382Z.gpkg,0,Control-15
929,930,15,GPS,27.8,-3.15,78.0,28.0,TORGI-GNSS-20180911T085412.382Z.gpkg,0,Control-15
930,931,16,GPS,24.4,-3.15,282.0,42.0,TORGI-GNSS-20180911T085412.382Z.gpkg,0,Control-15
931,932,20,GPS,40.5,-3.15,213.0,81.0,TORGI-GNSS-20180911T085412.382Z.gpkg,0,Control-15
932,933,21,GPS,34.4,-3.15,22.0,61.0,TORGI-GNSS-20180911T085412.382Z.gpkg,0,Control-15
933,934,26,GPS,40.2,-3.15,241.0,42.0,TORGI-GNSS-20180911T085412.382Z.gpkg,0,Control-15
934,935,27,GPS,31.0,-3.15,314.0,22.0,TORGI-GNSS-20180911T085412.382Z.gpkg,0,Control-15
935,936,29,GPS,28.5,-3.15,120.0,30.0,TORGI-GNSS-20180911T085412.382Z.gpkg,0,Control-15
936,937,32,GPS,26.0,-3.15,178.0,1.0,TORGI-GNSS-20180911T085412.382Z.gpkg,0,Control-15
937,938,18,Glonass,31.9,5.94,106.0,2.0,TORGI-GNSS-20180911T085412.382Z.gpkg,0,Control-15
938,939,9,Glonass,28.3,5.94,219.0,4.0,TORGI-GNSS-20180911T085412.382Z.gpkg,0,Control-15
939,940,5,Glonass,42.2,5.94,150.0,60.0,TORGI-GNSS-20180911T085412.382Z.gpkg,0,Control-15
940,941,19,Glonass,27.8,5.94,74.0,40.0,TORGI-GNSS-20180911T085412.382Z.gpkg,0,Control-15
941,942,3,Glonass,26.5,5.94,0.0,0.0,TORGI-GNSS-20180911T085412.382Z.gpkg,0,Control-15
942,943,4,Glonass,34.3,5.94,47.0,47.0,TORGI-GNSS-20180911T085412.382Z.gpkg,0,Control-15
943,944,10,GPS,45.0,-3.15,213.0,51.0,TORGI-GNSS-20180911T085412.382Z.gpkg,0,Control-15
944,945,13,GPS,31.1,-3.15,45.0,7.0,TORGI-GNSS-20180911T085412.382Z.gpkg,0,Control-15
945,946,15,GPS,38.3,-3.15,78.0,28.0,TORGI-GNSS-20180911T085412.382Z.gpkg,0,Control-15
946,947,16,GPS,33.1,-3.15,282.0,42.0,TORGI-GNSS-20180911T085412.382Z.gpkg,0,Control-15
947,948,20,GPS,44.4,-3.15,213.0,81.0,TORGI-GNSS-20180911T085412.382Z.gpkg,0,Control-15
948,949,21,GPS,32.1,-3.15,22.0,61.0,TORGI-GNSS-20180911T085412.382Z.gpkg,0,Control-15
949,950,26,GPS,42.2,-3.15,241.0,42.0,TORGI-GNSS-20180911T085412.382Z.gpkg,0,Control-15
950,951,27,GPS,36.5,-3.15,314.0,22.0,TORGI-GNSS-20180911T085412.382Z.gpkg,0,Control-15
951,952,29,GPS,34.6,-3.15,120.0,30.0,TORGI-GNSS-20180911T085412.382Z.gpkg,0,Control-15
952,953,32,GPS,28.2,-3.15,178.0,1.0,TORGI-GNSS-20180911T085412.382Z.gpkg,0,Control-15
953,954,18,Glonass,26.1,5.94,106.0,2.0,TORGI-GNSS-20180911T085412.382Z.gpkg,0,Control-15
954,955,5,Glonass,39.6,5.94,150.0,60.0,TORGI-GNSS-20180911T085412.382Z.gpkg,0,Control-15
955,956,20,Glonass,26.4,5.94,345.0,46.0,TORGI-GNSS-20180911T085412.382Z.gpkg,0,Control-15
956,957,19,Glonass,27.1,5.94,74.0,40.0,TORGI-GNSS-20180911T085412.382Z.gpkg,0,Control-15
957,958,4,Glonass,33.4,5.94,47.0,47.0,TORGI-GNSS-20180911T085412.382Z.gpkg,0,Control-15
958,959,10,GPS,45.0,-3.15,213.0,51.0,TORGI-GNSS-20180911T085412.382Z.gpkg,0,Control-15
959,960,15,GPS,38.4,-3.15,78.0,28.0,TORGI-GNSS-20180911T085412.382Z.gpkg,0,Control-15
960,961,16,GPS,31.5,-3.15,282.0,42.0,TORGI-GNSS-20180911T085412.382Z.gpkg,0,Control-15
961,962,20,GPS,43.9,-3.15,213.0,81.0,TORGI-GNSS-20180911T085412.382Z.gpkg,0,Control-15
962,963,21,GPS,33.9,-3.15,22.0,61.0,TORGI-GNSS-20180911T085412.382Z.gpkg,0,Control-15
963,964,26,GPS,40.3,-3.15,241.0,42.0,TORGI-GNSS-20180911T085412.382Z.gpkg,0,Control-15
964,965,27,GPS,35.1,-3.15,314.0,22.0,TORGI-GNSS-20180911T085412.382Z.gpkg,0,Control-15
965,966,29,GPS,33.5,-3.15,120.0,30.0,TORGI-GNSS-20180911T085412.382Z.gpkg,0,Control-15
966,967,32,GPS,28.6,-3.15,178.0,1.0,TORGI-GNSS-20180911T085412.382Z.gpkg,0,Control-15
967,968,9,Glonass,25.4,5.94,219.0,4.0,TORGI-GNSS-20180911T085412.382Z.gpkg,0,Control-15
968,969,5,Glonass,37.4,5.94,150.0,60.0,TORGI-GNSS-20180911T085412.382Z.gpkg,0,Control-15
969,970,20,Glonass,26.7,5.94,345.0,46.0,TORGI-GNSS-20180911T085412.382Z.gpkg,0,Control-15
970,971,4,Glonass,35.2,5.94,47.0,47.0,TORGI-GNSS-20180911T085412.382Z.gpkg,0,Control-15
971,972,10,GPS,43.6,-3.15,213.0,51.0,TORGI-GNSS-20180911T085412.382Z.gpkg,0,Control-15
972,973,13,GPS,27.2,-3.15,45.0,7.0,TORGI-GNSS-20180911T085412.382Z.gpkg,0,Control-15
973,974,15,GPS,35.6,-3.15,78.0,28.0,TORGI-GNSS-20180911T085412.382Z.gpkg,0,Control-15
974,975,16,GPS,31.2,-3.15,282.0,42.0,TORGI-GNSS-20180911T085412.382Z.gpkg,0,Control-15
975,976,20,GPS,42.0,-3.15,213.0,81.0,TORGI-GNSS-20180911T085412.382Z.gpkg,0,Control-15
976,977,21,GPS,36.6,-3.15,22.0,61.0,TORGI-GNSS-20180911T085412.382Z.gpkg,0,Control-15
977,978,26,GPS,41.8,-3.15,241.0,42.0,TORGI-GNSS-20180911T085412.382Z.gpkg,0,Control-15
978,979,27,GPS,34.4,-3.15,314.0,22.0,TORGI-GNSS-20180911T085412.382Z.gpkg,0,Control-15
979,980,29,GPS,31.5,-3.15,120.0,30.0,TORGI-GNSS-20180911T085412.382Z.gpkg,0,Control-15
980,981,32,GPS,30.3,-3.15,178.0,1.0,TORGI-GNSS-20180911T085412.382Z.gpkg,0,Control-15
981,982,9,Glonass,28.1,5.94,219.0,4.0,TORGI-GNSS-20180911T085412.382Z.gpkg,0,Control-15
982,983,5,Glonass,34.8,5.94,150.0,60.0,TORGI-GNSS-20180911T085412.382Z.gpkg,0,Control-15
983,984,4,Glonass,32.2,5.94,47.0,47.0,TORGI-GNSS-20180911T085412.382Z.gpkg,0,Control-15
984,985,10,GPS,37.6,-3.15,213.0,51.0,TORGI-GNSS-20180911T085412.382Z.gpkg,0,Control-15
985,986,15,GPS,27.5,-3.15,78.0,28.0,TORGI-GNSS-20180911T085412.382Z.gpkg,0,Control-15
986,987,16,GPS,26.9,-3.15,282.0,42.0,TORGI-GNSS-20180911T085412.382Z.gpkg,0,Control-15
987,988,20,GPS,37.2,-3.15,213.0,81.0,TORGI-GNSS-20180911T085412.382Z.gpkg,0,Control-15
988,989,21,GPS,34.4,-3.15,22.0,61.0,TORGI-GNSS-20180911T085412.382Z.gpkg,0,Control-15
989,990,26,GPS,37.1,-3.15,241.0,42.0,TORGI-GNSS-20180911T085412.382Z.gpkg,0,Control-15
990,991,27,GPS,27.4,-3.15,314.0,22.0,TORGI-GNSS-20180911T085412.382Z.gpkg,0,Control-15
991,992,32,GPS,28.0,-3.15,178.0,1.0,TORGI-GNSS-20180911T085412.382Z.gpkg,0,Control-15
992,993,5,Glonass,38.8,5.94,150.0,60.0,TORGI-GNSS-20180911T085412.382Z.gpkg,0,Control-15
993,994,20,Glonass,23.8,5.94,345.0,46.0,TORGI-GNSS-20180911T085412.382Z.gpkg,0,Control-15
994,995,4,Glonass,33.9,5.94,47.0,47.0,TORGI-GNSS-20180911T085412.382Z.gpkg,0,Control-15
995,996,10,GPS,37.9,-3.15,213.0,51.0,TORGI-GNSS-20180911T085412.382Z.gpkg,0,Control-15
996,997,13,GPS,22.9,-3.15,45.0,7.0,TORGI-GNSS-20180911T085412.382Z.gpkg,0,Control-15
997,998,15,GPS,31.4,-3.15,78.0,28.0,TORGI-GNSS-20180911T085412.382Z.gpkg,0,Control-15
998,999,16,GPS,29.5,-3.15,282.0,42.0,TORGI-GNSS-20180911T085412.382Z.gpkg,0,Control-15
999,1000,20,GPS,36.4,-3.15,213.0,81.0,TORGI-GNSS-20180911T085412.382Z.gpkg,0,Control-15
1000,1001,21,GPS,31.0,-3.15,22.0,61.0,TORGI-GNSS-20180911T085412.382Z.gpkg,0,Control-15
1001,1002,26,GPS,40.6,-3.15,241.0,42.0,TORGI-GNSS-20180911T085412.382Z.gpkg,0,Control-15
1002,1003,29,GPS,31.9,-3.15,120.0,30.0,TORGI-GNSS-20180911T085412.382Z.gpkg,0,Control-15
1003,1004,32,GPS,26.0,-3.15,178.0,1.0,TORGI-GNSS-20180911T085412.382Z.gpkg,0,Control-15
1004,1005,5,Glonass,45.6,5.94,150.0,60.0,TORGI-GNSS-20180911T085412.382Z.gpkg,0,Control-15
1005,1006,19,Glonass,28.0,5.94,74.0,40.0,TORGI-GNSS-20180911T085412.382Z.gpkg,0,Control-15
1006,1007,4,Glonass,32.1,5.94,47.0,47.0,TORGI-GNSS-20180911T085412.382Z.gpkg,0,Control-15
1007,1008,10,GPS,43.4,-3.15,213.0,51.0,TORGI-GNSS-20180911T085412.382Z.gpkg,0,Control-15
1008,1009,15,GPS,36.6,-3.15,78.0,28.0,TORGI-GNSS-20180911T085412.382Z.gpkg,0,Control-15
1009,1010,16,GPS,29.3,-3.15,282.0,42.0,TORGI-GNSS-20180911T085412.382Z.gpkg,0,Control-15
1010,1011,20,GPS,42.7,-3.15,213.0,81.0,TORGI-GNSS-20180911T085412.382Z.gpkg,0,Control-15
1011,1012,21,GPS,35.6,-3.15,22.0,61.0,TORGI-GNSS-20180911T085412.382Z.gpkg,0,Control-15
1012,1013,26,GPS,30.7,-3.15,241.0,42.0,TORGI-GNSS-20180911T085412.382Z.gpkg,0,Control-15
1013,1014,27,GPS,35.0,-3.15,314.0,22.0,TORGI-GNSS-20180911T085412.382Z.gpkg,0,Control-15
1014,1015,29,GPS,35.2,-3.15,120.0,30.0,TORGI-GNSS-20180911T085412.382Z.gpkg,0,Control-15
1015,1016,32,GPS,29.6,-3.15,178.0,1.0,TORGI-GNSS-20180911T085412.382Z.gpkg,0,Control-15
1016,1017,18,Glonass,26.5,5.94,106.0,2.0,TORGI-GNSS-20180911T085412.382Z.gpkg,0,Control-15
1017,1018,9,Glonass,29.4,5.94,219.0,4.0,TORGI-GNSS-20180911T085412.382Z.gpkg,0,Control-15
1018,1019,5,Glonass,46.3,5.94,150.0,60.0,TORGI-GNSS-20180911T085412.382Z.gpkg,0,Control-15
1019,1020,20,Glonass,26.6,5.94,345.0,46.0,TORGI-GNSS-20180911T085412.382Z.gpkg,0,Control-15
1020,1021,19,Glonass,28.0,5.94,74.0,40.0,TORGI-GNSS-20180911T085412.382Z.gpkg,0,Control-15
1021,1022,4,Glonass,32.0,5.94,47.0,47.0,TORGI-GNSS-20180911T085412.382Z.gpkg,0,Control-15
1022,1023,10,GPS,45.6,-3.15,213.0,51.0,TORGI-GNSS-20180911T085412.382Z.gpkg,0,Control-15
1023,1024,15,GPS,39.3,-3.15,78.0,28.0,TORGI-GNSS-20180911T085412.382Z.gpkg,0,Control-15
1024,1025,16,GPS,31.8,-3.15,282.0,42.0,TORGI-GNSS-20180911T085412.382Z.gpkg,0,Control-15
1025,1026,20,GPS,42.6,-3.15,213.0,81.0,TORGI-GNSS-20180911T085412.382Z.gpkg,0,Control-15
1026,1027,21,GPS,36.8,-3.15,22.0,61.0,TORGI-GNSS-20180911T085412.382Z.gpkg,0,Control-15
1027,1028,26,GPS,30.2,-3.15,241.0,42.0,TORGI-GNSS-20180911T085412.382Z.gpkg,0,Control-15
1028,1029,27,GPS,27.0,-3.15,314.0,22.0,TORGI-GNSS-20180911T085412.382Z.gpkg,0,Control-15
1029,1030,29,GPS,37.1,-3.15,120.0,30.0,TORGI-GNSS-20180911T085412.382Z.gpkg,0,Control-15
1030,1031,32,GPS,33.5,-3.15,178.0,1.0,TORGI-GNSS-20180911T085412.382Z.gpkg,0,Control-15
1031,1032,18,Glonass,27.1,5.94,106.0,2.0,TORGI-GNSS-20180911T085412.382Z.gpkg,0,Control-15
1032,1033,9,Glonass,25.6,5.94,219.0,4.0,TORGI-GNSS-20180911T085412.382Z.gpkg,0,Control-15
1033,1034,5,Glonass,45.3,5.94,150.0,60.0,TORGI-GNSS-20180911T085412.382Z.gpkg,0,Control-15
1034,1035,20,Glonass,28.5,5.94,345.0,46.0,TORGI-GNSS-20180911T085412.382Z.gpkg,0,Control-15
1035,1036,4,Glonass,32.5,5.94,47.0,47.0,TORGI-GNSS-20180911T085412.382Z.gpkg,0,Control-15
1036,1037,10,GPS,44.2,-3.15,213.0,51.0,TORGI-GNSS-20180911T085412.382Z.gpkg,0,Control-15
1037,1038,15,GPS,33.2,-3.15,78.0,28.0,TORGI-GNSS-20180911T085412.382Z.gpkg,0,Control-15
1038,1039,16,GPS,34.2,-3.15,282.0,42.0,TORGI-GNSS-20180911T085412.382Z.gpkg,0,Control-15
1039,1040,20,GPS,42.2,-3.15,213.0,81.0,TORGI-GNSS-20180911T085412.382Z.gpkg,0,Control-15
1040,1041,21,GPS,33.1,-3.15,22.0,61.0,TORGI-GNSS-20180911T085412.382Z.gpkg,0,Control-15
1041,1042,26,GPS,29.0,-3.15,241.0,42.0,TORGI-GNSS-20180911T085412.382Z.gpkg,0,Control-15
1042,1043,27,GPS,22.7,-3.15,314.0,22.0,TORGI-GNSS-20180911T085412.382Z.gpkg,0,Control-15
1043,1044,29,GPS,35.4,-3.15,120.0,30.0,TORGI-GNSS-20180911T085412.382Z.gpkg,0,Control-15
1044,1045,32,GPS,33.8,-3.15,178.0,1.0,TORGI-GNSS-20180911T085412.382Z.gpkg,0,Control-15
1045,1046,18,Glonass,27.3,5.94,106.0,2.0,TORGI-GNSS-20180911T085412.382Z.gpkg,0,Control-15
1046,1047,5,Glonass,45.9,5.94,150.0,60.0,TORGI-GNSS-20180911T085412.382Z.gpkg,0,Control-15
1047,1048,20,Glonass,32.3,5.94,345.0,46.0,TORGI-GNSS-20180911T085412.382Z.gpkg,0,Control-15
1048,1049,4,Glonass,33.8,5.94,47.0,47.0,TORGI-GNSS-20180911T085412.382Z.gpkg,0,Control-15
1049,1050,10,GPS,43.7,-3.15,213.0,51.0,TORGI-GNSS-20180911T085412.382Z.gpkg,0,Control-15
1050,1051,15,GPS,35.1,-3.15,78.0,28.0,TORGI-GNSS-20180911T085412.382Z.gpkg,0,Control-15
1051,1052,16,GPS,35.3,-3.15,282.0,42.0,TORGI-GNSS-20180911T085412.382Z.gpkg,0,Control-15
1052,1053,20,GPS,42.2,-3.15,213.0,81.0,TORGI-GNSS-20180911T085412.382Z.gpkg,0,Control-15
1053,1054,21,GPS,32.3,-3.15,22.0,61.0,TORGI-GNSS-20180911T085412.382Z.gpkg,0,Control-15
1054,1055,26,GPS,23.4,-3.15,241.0,42.0,TORGI-GNSS-20180911T085412.382Z.gpkg,0,Control-15
1055,1056,27,GPS,35.6,-3.15,314.0,22.0,TORGI-GNSS-20180911T085412.382Z.gpkg,0,Control-15
1056,1057,32,GPS,31.1,-3.15,178.0,1.0,TORGI-GNSS-20180911T085412.382Z.gpkg,0,Control-15
1057,1058,10,Glonass,27.9,5.94,265.0,16.0,TORGI-GNSS-20180911T085412.382Z.gpkg,0,Control-15
1058,1059,9,Glonass,24.5,5.94,219.0,4.0,TORGI-GNSS-20180911T085412.382Z.gpkg,0,Control-15
1059,1060,5,Glonass,44.0,5.94,150.0,60.0,TORGI-GNSS-20180911T085412.382Z.gpkg,0,Control-15
1060,1061,20,Glonass,32.3,5.94,345.0,46.0,TORGI-GNSS-20180911T085412.382Z.gpkg,0,Control-15
1061,1062,19,Glonass,25.0,5.94,74.0,40.0,TORGI-GNSS-20180911T085412.382Z.gpkg,0,Control-15
1062,1063,4,Glonass,29.5,5.94,47.0,47.0,TORGI-GNSS-20180911T085412.382Z.gpkg,0,Control-15
1063,1064,10,GPS,39.4,-3.15,213.0,51.0,TORGI-GNSS-20180911T085412.382Z.gpkg,0,Control-15
1064,1065,13,GPS,24.2,-3.15,45.0,7.0,TORGI-GNSS-20180911T085412.382Z.gpkg,0,Control-15
1065,1066,15,GPS,36.5,-3.15,78.0,28.0,TORGI-GNSS-20180911T085412.382Z.gpkg,0,Control-15
1066,1067,16,GPS,30.8,-3.15,282.0,42.0,TORGI-GNSS-20180911T085412.382Z.gpkg,0,Control-15
1067,1068,20,GPS,43.0,-3.15,213.0,81.0,TORGI-GNSS-20180911T085412.382Z.gpkg,0,Control-15
1068,1069,21,GPS,26.2,-3.15,22.0,61.0,TORGI-GNSS-20180911T085412.382Z.gpkg,0,Control-15
1069,1070,26,GPS,30.4,-3.15,241.0,42.0,TORGI-GNSS-20180911T085412.382Z.gpkg,0,Control-15
1070,1071,27,GPS,31.7,-3.15,314.0,22.0,TORGI-GNSS-20180911T085412.382Z.gpkg,0,Control-15
1071,1072,29,GPS,29.4,-3.15,120.0,30.0,TORGI-GNSS-20180911T085412.382Z.gpkg,0,Control-15
1072,1073,32,GPS,26.8,-3.15,178.0,1.0,TORGI-GNSS-20180911T085412.382Z.gpkg,0,Control-15
1073,1074,10,Glonass,23.6,5.94,265.0,16.0,TORGI-GNSS-20180911T085412.382Z.gpkg,0,Control-15
1074,1075,18,Glonass,24.9,5.94,106.0,2.0,TORGI-GNSS-20180911T085412.382Z.gpkg,0,Control-15
1075,1076,9,Glonass,25.4,5.94,219.0,4.0,TORGI-GNSS-20180911T085412.382Z.gpkg,0,Control-15
1076,1077,5,Glonass,43.2,5.94,150.0,60.0,TORGI-GNSS-20180911T085412.382Z.gpkg,0,Control-15
1077,1078,20,Glonass,32.0,5.94,345.0,46.0,TORGI-GNSS-20180911T085412.382Z.gpkg,0,Control-15
1078,1079,19,Glonass,23.9,5.94,74.0,40.0,TORGI-GNSS-20180911T085412.382Z.gpkg,0,Control-15
1079,1080,3,Glonass,24.4,5.94,0.0,0.0,TORGI-GNSS-20180911T085412.382Z.gpkg,0,Control-15
1080,1081,4,Glonass,26.0,5.94,47.0,47.0,TORGI-GNSS-20180911T085412.382Z.gpkg,0,Control-15
1081,1082,10,GPS,40.5,-3.15,213.0,51.0,TORGI-GNSS-20180911T085412.382Z.gpkg,0,Control-15
1082,1083,13,GPS,27.3,-3.15,45.0,7.0,TORGI-GNSS-20180911T085412.382Z.gpkg,0,Control-15
1083,1084,16,GPS,36.7,-3.15,282.0,42.0,TORGI-GNSS-20180911T085412.382Z.gpkg,0,Control-15
1084,1085,20,GPS,43.3,-3.15,213.0,81.0,TORGI-GNSS-20180911T085412.382Z.gpkg,0,Control-15
1085,1086,21,GPS,23.2,-3.15,22.0,61.0,TORGI-GNSS-20180911T085412.382Z.gpkg,0,Control-15
1086,1087,26,GPS,32.0,-3.15,241.0,42.0,TORGI-GNSS-20180911T085412.382Z.gpkg,0,Control-15
1087,1088,27,GPS,31.5,-3.15,314.0,22.0,TORGI-GNSS-20180911T085412.382Z.gpkg,0,Control-15
1088,1089,29,GPS,28.2,-3.15,120.0,30.0,TORGI-GNSS-20180911T085412.382Z.gpkg,0,Control-15
1089,1090,32,GPS,33.7,-3.15,178.0,1.0,TORGI-GNSS-20180911T085412.382Z.gpkg,0,Control-15
1090,1091,10,Glonass,28.0,5.94,265.0,16.0,TORGI-GNSS-20180911T085412.382Z.gpkg,0,Control-15
1091,1092,18,Glonass,23.5,5.94,106.0,2.0,TORGI-GNSS-20180911T085412.382Z.gpkg,0,Control-15
1092,1093,11,Glonass,23.4,5.94,317.0,9.0,TORGI-GNSS-20180911T085412.382Z.gpkg,0,Control-15
1093,1094,5,Glonass,40.1,5.94,150.0,60.0,TORGI-GNSS-20180911T085412.382Z.gpkg,0,Control-15
1094,1095,20,Glonass,28.4,5.94,345.0,46.0,TORGI-GNSS-20180911T085412.382Z.gpkg,0,Control-15
1095,1096,4,Glonass,32.5,5.94,47.0,47.0,TORGI-GNSS-20180911T085412.382Z.gpkg,0,Control-15
1096,1097,10,GPS,40.4,-3.15,213.0,51.0,TORGI-GNSS-20180911T085412.382Z.gpkg,0,Control-15
1097,1098,15,GPS,35.1,-3.15,78.0,28.0,TORGI-GNSS-20180911T085412.382Z.gpkg,0,Control-15
1098,1099,16,GPS,33.7,-3.15,282.0,42.0,TORGI-GNSS-20180911T085412.382Z.gpkg,0,Control-15
1099,1100,20,GPS,42.4,-3.15,213.0,81.0,TORGI-GNSS-20180911T085412.382Z.gpkg,0,Control-15
1100,1101,26,GPS,33.2,-3.15,241.0,42.0,TORGI-GNSS-20180911T085412.382Z.gpkg,0,Control-15
1101,1102,27,GPS,32.1,-3.15,314.0,22.0,TORGI-GNSS-20180911T085412.382Z.gpkg,0,Control-15
1102,1103,29,GPS,33.6,-3.15,120.0,30.0,TORGI-GNSS-20180911T085412.382Z.gpkg,0,Control-15
1103,1104,10,Glonass,31.1,5.94,265.0,16.0,TORGI-GNSS-20180911T085412.382Z.gpkg,0,Control-15
1104,1105,9,Glonass,25.8,5.94,219.0,4.0,TORGI-GNSS-20180911T085412.382Z.gpkg,0,Control-15
1105,1106,11,Glonass,24.2,5.94,317.0,9.0,TORGI-GNSS-20180911T085412.382Z.gpkg,0,Control-15
1106,1107,5,Glonass,40.3,5.94,150.0,60.0,TORGI-GNSS-20180911T085412.382Z.gpkg,0,Control-15
1107,1108,20,Glonass,25.7,5.94,345.0,46.0,TORGI-GNSS-20180911T085412.382Z.gpkg,0,Control-15
1108,1109,3,Glonass,23.1,5.94,0.0,0.0,TORGI-GNSS-20180911T085412.382Z.gpkg,0,Control-15
1109,1110,4,Glonass,27.4,5.94,47.0,47.0,TORGI-GNSS-20180911T085412.382Z.gpkg,0,Control-15
1110,1111,10,GPS,39.8,-3.15,213.0,51.0,TORGI-GNSS-20180911T085412.382Z.gpkg,0,Control-15
1111,1112,13,GPS,22.8,-3.15,45.0,7.0,TORGI-GNSS-20180911T085412.382Z.gpkg,0,Control-15
1112,1113,15,GPS,38.1,-3.15,78.0,28.0,TORGI-GNSS-20180911T085412.382Z.gpkg,0,Control-15
1113,1114,16,GPS,27.8,-3.15,282.0,42.0,TORGI-GNSS-20180911T085412.382Z.gpkg,0,Control-15
1114,1115,20,GPS,42.8,-3.15,213.0,81.0,TORGI-GNSS-20180911T085412.382Z.gpkg,0,Control-15
1115,1116,26,GPS,34.9,-3.15,241.0,42.0,TORGI-GNSS-20180911T085412.382Z.gpkg,0,Control-15
1116,1117,27,GPS,29.9,-3.15,314.0,22.0,TORGI-GNSS-20180911T085412.382Z.gpkg,0,Control-15
1117,1118,10,Glonass,32.4,5.94,265.0,16.0,TORGI-GNSS-20180911T085412.382Z.gpkg,0,Control-15
1118,1119,9,Glonass,29.0,5.94,219.0,4.0,TORGI-GNSS-20180911T085412.382Z.gpkg,0,Control-15
1119,1120,5,Glonass,40.9,5.94,150.0,60.0,TORGI-GNSS-20180911T085412.382Z.gpkg,0,Control-15
1120,1121,20,Glonass,26.2,5.94,345.0,46.0,TORGI-GNSS-20180911T085412.382Z.gpkg,0,Control-15
1121,1122,19,Glonass,23.4,5.94,74.0,40.0,TORGI-GNSS-20180911T085412.382Z.gpkg,0,Control-15
1122,1123,3,Glonass,25.9,5.94,0.0,0.0,TORGI-GNSS-20180911T085412.382Z.gpkg,0,Control-15
1123,1124,4,Glonass,26.7,5.94,47.0,47.0,TORGI-GNSS-20180911T085412.382Z.gpkg,0,Control-15
1124,1125,10,GPS,38.3,-3.15,213.0,51.0,TORGI-GNSS-20180911T085412.382Z.gpkg,0,Control-15
1125,1126,15,GPS,39.5,-3.15,78.0,28.0,TORGI-GNSS-20180911T085412.382Z.gpkg,0,Control-15
1126,1127,20,GPS,43.3,-3.15,213.0,81.0,TORGI-GNSS-20180911T085412.382Z.gpkg,0,Control-15
1127,1128,21,GPS,29.0,-3.15,22.0,61.0,TORGI-GNSS-20180911T085412.382Z.gpkg,0,Control-15
1128,1129,26,GPS,33.0,-3.15,241.0,42.0,TORGI-GNSS-20180911T085412.382Z.gpkg,0,Control-15
1129,1130,27,GPS,30.9,-3.15,314.0,22.0,TORGI-GNSS-20180911T085412.382Z.gpkg,0,Control-15
1130,1131,29,GPS,32.3,-3.15,120.0,30.0,TORGI-GNSS-20180911T085412.382Z.gpkg,0,Control-15
1131,1132,32,GPS,26.4,-3.15,178.0,1.0,TORGI-GNSS-20180911T085412.382Z.gpkg,0,Control-15
