,id,svid,constellation,cn0,agc,azimuth_deg,elevation_deg,fileName,CONUS,fileId
0,1,7,Glonass,30.6,0.0,314.0,14.0,TORGI-GNSS-20180908T173807.964Z.gpkg,0,Control-3
1,2,3,GPS,38.3,0.0,133.0,61.0,TORGI-GNSS-20180908T173807.964Z.gpkg,0,Control-3
2,3,6,GPS,23.6,0.0,291.0,28.0,TORGI-GNSS-20180908T173807.964Z.gpkg,0,Control-3
3,4,7,GPS,34.3,0.0,224.0,37.0,TORGI-GNSS-20180908T173807.964Z.gpkg,0,Control-3
4,5,9,GPS,39.4,0.0,312.0,52.0,TORGI-GNSS-20180908T173807.964Z.gpkg,0,Control-3
5,6,16,GPS,34.7,0.0,82.0,31.0,TORGI-GNSS-20180908T173807.964Z.gpkg,0,Control-3
6,7,23,GPS,34.7,0.0,8.0,63.0,TORGI-GNSS-20180908T173807.964Z.gpkg,0,Control-3
7,8,16,Glonass,28.4,-4.34,106.0,75.0,TORGI-GNSS-20180908T173807.964Z.gpkg,0,Control-3
8,9,15,Glonass,24.9,-4.34,29.0,20.0,TORGI-GNSS-20180908T173807.964Z.gpkg,0,Control-3
9,10,5,Glonass,26.4,-4.34,92.0,39.0,TORGI-GNSS-20180908T173807.964Z.gpkg,0,Control-3
10,11,7,Glonass,29.1,-4.34,314.0,14.0,TORGI-GNSS-20180908T173807.964Z.gpkg,0,Control-3
11,12,3,GPS,38.1,0.7,133.0,61.0,TORGI-GNSS-20180908T173807.964Z.gpkg,0,Control-3
12,13,6,GPS,37.1,0.7,291.0,28.0,TORGI-GNSS-20180908T173807.964Z.gpkg,0,Control-3
13,14,7,GPS,34.6,0.7,224.0,37.0,TORGI-GNSS-20180908T173807.964Z.gpkg,0,Control-3
14,15,9,GPS,42.0,0.7,312.0,52.0,TORGI-GNSS-20180908T173807.964Z.gpkg,0,Control-3
15,16,16,GPS,37.4,0.7,82.0,31.0,TORGI-GNSS-20180908T173807.964Z.gpkg,0,Control-3
16,17,22,GPS,28.0,0.7,139.0,37.0,TORGI-GNSS-20180908T173807.964Z.gpkg,0,Control-3
17,18,23,GPS,40.1,0.7,8.0,63.0,TORGI-GNSS-20180908T173807.964Z.gpkg,0,Control-3
18,19,26,GPS,29.5,0.7,53.0,20.0,TORGI-GNSS-20180908T173807.964Z.gpkg,0,Control-3
19,20,9,Glonass,18.1,-4.56,192.0,28.0,TORGI-GNSS-20180908T173807.964Z.gpkg,0,Control-3
20,21,16,Glonass,28.1,-4.56,106.0,75.0,TORGI-GNSS-20180908T173807.964Z.gpkg,0,Control-3
21,22,15,Glonass,25.9,-4.56,29.0,20.0,TORGI-GNSS-20180908T173807.964Z.gpkg,0,Control-3
22,23,5,Glonass,30.4,-4.56,92.0,39.0,TORGI-GNSS-20180908T173807.964Z.gpkg,0,Control-3
23,24,7,Glonass,28.7,-4.56,314.0,14.0,TORGI-GNSS-20180908T173807.964Z.gpkg,0,Control-3
24,25,3,GPS,38.4,0.01,133.0,61.0,TORGI-GNSS-20180908T173807.964Z.gpkg,0,Control-3
25,26,6,GPS,38.9,0.01,291.0,28.0,TORGI-GNSS-20180908T173807.964Z.gpkg,0,Control-3
26,27,7,GPS,37.0,0.01,224.0,37.0,TORGI-GNSS-20180908T173807.964Z.gpkg,0,Control-3
27,28,9,GPS,43.6,0.01,312.0,52.0,TORGI-GNSS-20180908T173807.964Z.gpkg,0,Control-3
28,29,16,GPS,37.4,0.01,82.0,31.0,TORGI-GNSS-20180908T173807.964Z.gpkg,0,Control-3
29,30,22,GPS,23.8,0.01,139.0,37.0,TORGI-GNSS-20180908T173807.964Z.gpkg,0,Control-3
30,31,23,GPS,40.4,0.01,8.0,63.0,TORGI-GNSS-20180908T173807.964Z.gpkg,0,Control-3
31,32,26,GPS,28.6,0.01,53.0,20.0,TORGI-GNSS-20180908T173807.964Z.gpkg,0,Control-3
32,33,9,Glonass,19.9,-4.7,192.0,28.0,TORGI-GNSS-20180908T173807.964Z.gpkg,0,Control-3
33,34,16,Glonass,29.5,-4.7,106.0,75.0,TORGI-GNSS-20180908T173807.964Z.gpkg,0,Control-3
34,35,15,Glonass,26.4,-4.7,29.0,20.0,TORGI-GNSS-20180908T173807.964Z.gpkg,0,Control-3
35,36,5,Glonass,28.7,-4.7,92.0,39.0,TORGI-GNSS-20180908T173807.964Z.gpkg,0,Control-3
36,37,7,Glonass,25.3,-4.7,314.0,14.0,TORGI-GNSS-20180908T173807.964Z.gpkg,0,Control-3
37,38,3,GPS,38.1,0.01,133.0,61.0,TORGI-GNSS-20180908T173807.964Z.gpkg,0,Control-3
38,39,6,GPS,39.4,0.01,291.0,28.0,TORGI-GNSS-20180908T173807.964Z.gpkg,0,Control-3
39,40,7,GPS,35.9,0.01,224.0,37.0,TORGI-GNSS-20180908T173807.964Z.gpkg,0,Control-3
40,41,9,GPS,42.4,0.01,312.0,52.0,TORGI-GNSS-20180908T173807.964Z.gpkg,0,Control-3
41,42,16,GPS,39.8,0.01,82.0,31.0,TORGI-GNSS-20180908T173807.964Z.gpkg,0,Control-3
42,43,22,GPS,31.4,0.01,139.0,37.0,TORGI-GNSS-20180908T173807.964Z.gpkg,0,Control-3
43,44,23,GPS,37.2,0.01,8.0,63.0,TORGI-GNSS-20180908T173807.964Z.gpkg,0,Control-3
44,45,26,GPS,24.5,0.01,53.0,20.0,TORGI-GNSS-20180908T173807.964Z.gpkg,0,Control-3
45,46,9,Glonass,24.3,-4.46,192.0,28.0,TORGI-GNSS-20180908T173807.964Z.gpkg,0,Control-3
46,47,16,Glonass,30.8,-4.46,106.0,75.0,TORGI-GNSS-20180908T173807.964Z.gpkg,0,Control-3
47,48,15,Glonass,22.1,-4.46,29.0,20.0,TORGI-GNSS-20180908T173807.964Z.gpkg,0,Control-3
48,49,5,Glonass,35.3,-4.46,92.0,39.0,TORGI-GNSS-20180908T173807.964Z.gpkg,0,Control-3
49,50,7,Glonass,21.5,-4.46,314.0,14.0,TORGI-GNSS-20180908T173807.964Z.gpkg,0,Control-3
50,51,3,GPS,39.7,0.01,133.0,61.0,TORGI-GNSS-20180908T173807.964Z.gpkg,0,Control-3
51,52,6,GPS,36.5,0.01,291.0,28.0,TORGI-GNSS-20180908T173807.964Z.gpkg,0,Control-3
52,53,7,GPS,34.5,0.01,224.0,37.0,TORGI-GNSS-20180908T173807.964Z.gpkg,0,Control-3
53,54,9,GPS,43.1,0.01,312.0,52.0,TORGI-GNSS-20180908T173807.964Z.gpkg,0,Control-3
54,55,16,GPS,39.4,0.01,82.0,31.0,TORGI-GNSS-20180908T173807.964Z.gpkg,0,Control-3
55,56,22,GPS,31.2,0.01,139.0,37.0,TORGI-GNSS-20180908T173807.964Z.gpkg,0,Control-3
56,57,23,GPS,37.0,0.01,8.0,63.0,TORGI-GNSS-20180908T173807.964Z.gpkg,0,Control-3
57,58,26,GPS,30.1,0.01,53.0,20.0,TORGI-GNSS-20180908T173807.964Z.gpkg,0,Control-3
58,59,22,Glonass,27.8,-4.52,300.0,9.0,TORGI-GNSS-20180908T173807.964Z.gpkg,0,Control-3
59,60,9,Glonass,26.6,-4.52,192.0,28.0,TORGI-GNSS-20180908T173807.964Z.gpkg,0,Control-3
60,61,16,Glonass,31.8,-4.52,106.0,75.0,TORGI-GNSS-20180908T173807.964Z.gpkg,0,Control-3
61,62,15,Glonass,27.7,-4.52,29.0,20.0,TORGI-GNSS-20180908T173807.964Z.gpkg,0,Control-3
62,63,5,Glonass,35.8,-4.52,92.0,39.0,TORGI-GNSS-20180908T173807.964Z.gpkg,0,Control-3
63,64,7,Glonass,26.5,-4.52,314.0,14.0,TORGI-GNSS-20180908T173807.964Z.gpkg,0,Control-3
64,65,3,GPS,42.4,0.23,133.0,61.0,TORGI-GNSS-20180908T173807.964Z.gpkg,0,Control-3
65,66,6,GPS,38.1,0.23,291.0,28.0,TORGI-GNSS-20180908T173807.964Z.gpkg,0,Control-3
66,67,7,GPS,37.7,0.23,224.0,37.0,TORGI-GNSS-20180908T173807.964Z.gpkg,0,Control-3
67,68,9,GPS,43.3,0.23,312.0,52.0,TORGI-GNSS-20180908T173807.964Z.gpkg,0,Control-3
68,69,16,GPS,38.6,0.23,82.0,31.0,TORGI-GNSS-20180908T173807.964Z.gpkg,0,Control-3
69,70,22,GPS,34.7,0.23,139.0,37.0,TORGI-GNSS-20180908T173807.964Z.gpkg,0,Control-3
70,71,23,GPS,36.5,0.23,8.0,63.0,TORGI-GNSS-20180908T173807.964Z.gpkg,0,Control-3
71,72,26,GPS,33.7,0.23,53.0,20.0,TORGI-GNSS-20180908T173807.964Z.gpkg,0,Control-3
72,73,22,Glonass,30.0,9.24,300.0,9.0,TORGI-GNSS-20180908T173807.964Z.gpkg,0,Control-3
73,74,9,Glonass,29.9,9.24,192.0,28.0,TORGI-GNSS-20180908T173807.964Z.gpkg,0,Control-3
74,75,16,Glonass,30.9,9.24,106.0,75.0,TORGI-GNSS-20180908T173807.964Z.gpkg,0,Control-3
75,76,15,Glonass,26.0,9.24,29.0,20.0,TORGI-GNSS-20180908T173807.964Z.gpkg,0,Control-3
76,77,5,Glonass,35.3,9.24,92.0,39.0,TORGI-GNSS-20180908T173807.964Z.gpkg,0,Control-3
77,78,7,Glonass,27.5,9.24,314.0,14.0,TORGI-GNSS-20180908T173807.964Z.gpkg,0,Control-3
78,79,3,GPS,42.3,0.01,133.0,61.0,TORGI-GNSS-20180908T173807.964Z.gpkg,0,Control-3
79,80,6,GPS,38.7,0.01,291.0,28.0,TORGI-GNSS-20180908T173807.964Z.gpkg,0,Control-3
80,81,7,GPS,37.3,0.01,224.0,37.0,TORGI-GNSS-20180908T173807.964Z.gpkg,0,Control-3
81,82,9,GPS,43.8,0.01,312.0,52.0,TORGI-GNSS-20180908T173807.964Z.gpkg,0,Control-3
82,83,16,GPS,39.6,0.01,82.0,31.0,TORGI-GNSS-20180908T173807.964Z.gpkg,0,Control-3
83,84,22,GPS,33.6,0.01,139.0,37.0,TORGI-GNSS-20180908T173807.964Z.gpkg,0,Control-3
84,85,23,GPS,38.0,0.01,8.0,63.0,TORGI-GNSS-20180908T173807.964Z.gpkg,0,Control-3
85,86,26,GPS,34.8,0.01,53.0,20.0,TORGI-GNSS-20180908T173807.964Z.gpkg,0,Control-3
86,87,22,Glonass,29.6,9.35,300.0,9.0,TORGI-GNSS-20180908T173807.964Z.gpkg,0,Control-3
87,88,9,Glonass,29.8,9.35,192.0,28.0,TORGI-GNSS-20180908T173807.964Z.gpkg,0,Control-3
88,89,16,Glonass,29.7,9.35,106.0,75.0,TORGI-GNSS-20180908T173807.964Z.gpkg,0,Control-3
89,90,15,Glonass,21.9,9.35,29.0,20.0,TORGI-GNSS-20180908T173807.964Z.gpkg,0,Control-3
90,91,5,Glonass,36.2,9.35,92.0,39.0,TORGI-GNSS-20180908T173807.964Z.gpkg,0,Control-3
91,92,7,Glonass,28.8,9.35,314.0,14.0,TORGI-GNSS-20180908T173807.964Z.gpkg,0,Control-3
92,93,3,GPS,42.4,0.01,133.0,61.0,TORGI-GNSS-20180908T173807.964Z.gpkg,0,Control-3
93,94,6,GPS,38.0,0.01,291.0,28.0,TORGI-GNSS-20180908T173807.964Z.gpkg,0,Control-3
94,95,7,GPS,36.7,0.01,224.0,37.0,TORGI-GNSS-20180908T173807.964Z.gpkg,0,Control-3
95,96,9,GPS,44.3,0.01,312.0,52.0,TORGI-GNSS-20180908T173807.964Z.gpkg,0,Control-3
96,97,16,GPS,39.6,0.01,82.0,31.0,TORGI-GNSS-20180908T173807.964Z.gpkg,0,Control-3
97,98,22,GPS,33.6,0.01,139.0,37.0,TORGI-GNSS-20180908T173807.964Z.gpkg,0,Control-3
98,99,23,GPS,40.0,0.01,8.0,63.0,TORGI-GNSS-20180908T173807.964Z.gpkg,0,Control-3
99,100,26,GPS,32.6,0.01,53.0,20.0,TORGI-GNSS-20180908T173807.964Z.gpkg,0,Control-3
100,101,22,Glonass,29.1,9.57,300.0,9.0,TORGI-GNSS-20180908T173807.964Z.gpkg,0,Control-3
101,102,9,Glonass,24.2,9.57,192.0,28.0,TORGI-GNSS-20180908T173807.964Z.gpkg,0,Control-3
102,103,16,Glonass,27.7,9.57,106.0,75.0,TORGI-GNSS-20180908T173807.964Z.gpkg,0,Control-3
103,104,15,Glonass,24.8,9.57,29.0,20.0,TORGI-GNSS-20180908T173807.964Z.gpkg,0,Control-3
104,105,5,Glonass,37.1,9.57,92.0,39.0,TORGI-GNSS-20180908T173807.964Z.gpkg,0,Control-3
105,106,7,Glonass,29.7,9.57,314.0,14.0,TORGI-GNSS-20180908T173807.964Z.gpkg,0,Control-3
106,107,3,GPS,40.4,0.01,133.0,61.0,TORGI-GNSS-20180908T173807.964Z.gpkg,0,Control-3
107,108,6,GPS,36.5,0.01,291.0,28.0,TORGI-GNSS-20180908T173807.964Z.gpkg,0,Control-3
108,109,7,GPS,34.2,0.01,224.0,37.0,TORGI-GNSS-20180908T173807.964Z.gpkg,0,Control-3
109,110,9,GPS,43.5,0.01,312.0,52.0,TORGI-GNSS-20180908T173807.964Z.gpkg,0,Control-3
110,111,16,GPS,38.0,0.01,82.0,31.0,TORGI-GNSS-20180908T173807.964Z.gpkg,0,Control-3
111,112,22,GPS,31.1,0.01,139.0,37.0,TORGI-GNSS-20180908T173807.964Z.gpkg,0,Control-3
112,113,23,GPS,38.8,0.01,8.0,63.0,TORGI-GNSS-20180908T173807.964Z.gpkg,0,Control-3
113,114,26,GPS,31.3,0.01,53.0,20.0,TORGI-GNSS-20180908T173807.964Z.gpkg,0,Control-3
114,115,22,Glonass,23.6,10.38,300.0,9.0,TORGI-GNSS-20180908T173807.964Z.gpkg,0,Control-3
115,116,9,Glonass,31.5,10.38,192.0,28.0,TORGI-GNSS-20180908T173807.964Z.gpkg,0,Control-3
116,117,16,Glonass,28.9,10.38,106.0,75.0,TORGI-GNSS-20180908T173807.964Z.gpkg,0,Control-3
117,118,15,Glonass,22.0,10.38,29.0,20.0,TORGI-GNSS-20180908T173807.964Z.gpkg,0,Control-3
118,119,5,Glonass,38.5,10.38,92.0,39.0,TORGI-GNSS-20180908T173807.964Z.gpkg,0,Control-3
119,120,7,Glonass,28.8,10.38,314.0,14.0,TORGI-GNSS-20180908T173807.964Z.gpkg,0,Control-3
120,121,3,GPS,42.0,0.23,133.0,61.0,TORGI-GNSS-20180908T173807.964Z.gpkg,0,Control-3
121,122,6,GPS,36.2,0.23,291.0,28.0,TORGI-GNSS-20180908T173807.964Z.gpkg,0,Control-3
122,123,7,GPS,29.7,0.23,224.0,37.0,TORGI-GNSS-20180908T173807.964Z.gpkg,0,Control-3
123,124,9,GPS,42.2,0.23,312.0,52.0,TORGI-GNSS-20180908T173807.964Z.gpkg,0,Control-3
124,125,16,GPS,36.3,0.23,82.0,31.0,TORGI-GNSS-20180908T173807.964Z.gpkg,0,Control-3
125,126,22,GPS,33.1,0.23,139.0,37.0,TORGI-GNSS-20180908T173807.964Z.gpkg,0,Control-3
126,127,23,GPS,39.6,0.23,8.0,63.0,TORGI-GNSS-20180908T173807.964Z.gpkg,0,Control-3
127,128,26,GPS,31.8,0.23,53.0,20.0,TORGI-GNSS-20180908T173807.964Z.gpkg,0,Control-3
128,129,22,Glonass,30.8,10.16,300.0,9.0,TORGI-GNSS-20180908T173807.964Z.gpkg,0,Control-3
129,130,9,Glonass,27.6,10.16,192.0,28.0,TORGI-GNSS-20180908T173807.964Z.gpkg,0,Control-3
130,131,16,Glonass,27.4,10.16,106.0,75.0,TORGI-GNSS-20180908T173807.964Z.gpkg,0,Control-3
131,132,15,Glonass,18.2,10.16,29.0,20.0,TORGI-GNSS-20180908T173807.964Z.gpkg,0,Control-3
132,133,5,Glonass,34.8,10.16,92.0,39.0,TORGI-GNSS-20180908T173807.964Z.gpkg,0,Control-3
133,134,7,Glonass,30.6,10.16,314.0,14.0,TORGI-GNSS-20180908T173807.964Z.gpkg,0,Control-3
134,135,3,GPS,42.0,0.23,133.0,61.0,TORGI-GNSS-20180908T173807.964Z.gpkg,0,Control-3
135,136,6,GPS,37.1,0.23,291.0,28.0,TORGI-GNSS-20180908T173807.964Z.gpkg,0,Control-3
136,137,7,GPS,32.0,0.23,224.0,37.0,TORGI-GNSS-20180908T173807.964Z.gpkg,0,Control-3
137,138,9,GPS,42.2,0.23,312.0,52.0,TORGI-GNSS-20180908T173807.964Z.gpkg,0,Control-3
138,139,16,GPS,39.9,0.23,82.0,31.0,TORGI-GNSS-20180908T173807.964Z.gpkg,0,Control-3
139,140,22,GPS,34.1,0.23,139.0,37.0,TORGI-GNSS-20180908T173807.964Z.gpkg,0,Control-3
140,141,23,GPS,40.0,0.23,8.0,63.0,TORGI-GNSS-20180908T173807.964Z.gpkg,0,Control-3
141,142,26,GPS,28.7,0.23,53.0,20.0,TORGI-GNSS-20180908T173807.964Z.gpkg,0,Control-3
142,143,22,Glonass,33.3,10.16,300.0,9.0,TORGI-GNSS-20180908T173807.964Z.gpkg,0,Control-3
143,144,9,Glonass,29.4,10.16,192.0,28.0,TORGI-GNSS-20180908T173807.964Z.gpkg,0,Control-3
144,145,16,Glonass,29.0,10.16,106.0,75.0,TORGI-GNSS-20180908T173807.964Z.gpkg,0,Control-3
145,146,15,Glonass,18.2,10.16,29.0,20.0,TORGI-GNSS-20180908T173807.964Z.gpkg,0,Control-3
146,147,5,Glonass,33.9,10.16,92.0,39.0,TORGI-GNSS-20180908T173807.964Z.gpkg,0,Control-3
147,148,7,Glonass,31.7,10.16,314.0,14.0,TORGI-GNSS-20180908T173807.964Z.gpkg,0,Control-3
148,149,3,GPS,41.8,0.23,133.0,61.0,TORGI-GNSS-20180908T173807.964Z.gpkg,0,Control-3
149,150,6,GPS,38.0,0.23,291.0,28.0,TORGI-GNSS-20180908T173807.964Z.gpkg,0,Control-3
150,151,7,GPS,35.2,0.23,224.0,37.0,TORGI-GNSS-20180908T173807.964Z.gpkg,0,Control-3
151,152,9,GPS,40.6,0.23,312.0,52.0,TORGI-GNSS-20180908T173807.964Z.gpkg,0,Control-3
152,153,16,GPS,39.6,0.23,82.0,31.0,TORGI-GNSS-20180908T173807.964Z.gpkg,0,Control-3
153,154,22,GPS,34.9,0.23,139.0,37.0,TORGI-GNSS-20180908T173807.964Z.gpkg,0,Control-3
154,155,23,GPS,39.5,0.23,8.0,63.0,TORGI-GNSS-20180908T173807.964Z.gpkg,0,Control-3
155,156,26,GPS,32.1,0.23,53.0,20.0,TORGI-GNSS-20180908T173807.964Z.gpkg,0,Control-3
156,157,9,Glonass,28.3,10.16,192.0,28.0,TORGI-GNSS-20180908T173807.964Z.gpkg,0,Control-3
157,158,16,Glonass,30.1,10.16,106.0,75.0,TORGI-GNSS-20180908T173807.964Z.gpkg,0,Control-3
158,159,15,Glonass,27.1,10.16,29.0,20.0,TORGI-GNSS-20180908T173807.964Z.gpkg,0,Control-3
159,160,5,Glonass,33.3,10.16,92.0,39.0,TORGI-GNSS-20180908T173807.964Z.gpkg,0,Control-3
160,161,1,GPS,26.7,0.23,182.0,8.0,TORGI-GNSS-20180908T173807.964Z.gpkg,0,Control-3
161,162,3,GPS,38.6,0.23,133.0,61.0,TORGI-GNSS-20180908T173807.964Z.gpkg,0,Control-3
162,163,6,GPS,36.8,0.23,291.0,28.0,TORGI-GNSS-20180908T173807.964Z.gpkg,0,Control-3
163,164,7,GPS,34.2,0.23,224.0,37.0,TORGI-GNSS-20180908T173807.964Z.gpkg,0,Control-3
164,165,9,GPS,41.8,0.23,312.0,52.0,TORGI-GNSS-20180908T173807.964Z.gpkg,0,Control-3
165,166,16,GPS,39.7,0.23,82.0,31.0,TORGI-GNSS-20180908T173807.964Z.gpkg,0,Control-3
166,167,22,GPS,32.2,0.23,139.0,37.0,TORGI-GNSS-20180908T173807.964Z.gpkg,0,Control-3
167,168,23,GPS,37.4,0.23,8.0,63.0,TORGI-GNSS-20180908T173807.964Z.gpkg,0,Control-3
168,169,26,GPS,35.5,0.23,53.0,20.0,TORGI-GNSS-20180908T173807.964Z.gpkg,0,Control-3
169,170,9,GPS,32.9,0.0,314.0,52.0,TORGI-GNSS-20180908T173807.964Z.gpkg,0,Control-3
170,171,22,GPS,30.0,0.0,139.0,37.0,TORGI-GNSS-20180908T173807.964Z.gpkg,0,Control-3
