,id,svid,constellation,cn0,agc,azimuth_deg,elevation_deg,fileName,CONUS,fileId
0,1,23,Glonass,36.0,0.0,336.0,44.0,TORGI-GNSS-20180905T110842.728Z.gpkg,0,Control-9
1,2,7,Glonass,34.6,0.0,26.0,45.0,TORGI-GNSS-20180905T110842.728Z.gpkg,0,Control-9
2,3,10,GPS,33.2,0.0,4.0,68.0,TORGI-GNSS-20180905T110842.728Z.gpkg,0,Control-9
3,4,15,GPS,40.0,0.0,37.0,4.0,TORGI-GNSS-20180905T110842.728Z.gpkg,0,Control-9
4,5,20,GPS,35.7,0.0,43.0,45.0,TORGI-GNSS-20180905T110842.728Z.gpkg,0,Control-9
5,6,21,GPS,30.1,0.0,91.0,36.0,TORGI-GNSS-20180905T110842.728Z.gpkg,0,Control-9
6,7,27,GPS,28.7,0.0,282.0,66.0,TORGI-GNSS-20180905T110842.728Z.gpkg,0,Control-9
7,8,22,Glonass,24.0,-0.7,104.0,63.0,TORGI-GNSS-20180905T110842.728Z.gpkg,0,Control-9
8,9,23,Glonass,33.8,-0.7,336.0,44.0,TORGI-GNSS-20180905T110842.728Z.gpkg,0,Control-9
9,10,21,Glonass,24.3,-0.7,133.0,11.0,TORGI-GNSS-20180905T110842.728Z.gpkg,0,Control-9
10,11,7,Glonass,32.3,-0.7,26.0,45.0,TORGI-GNSS-20180905T110842.728Z.gpkg,0,Control-9
11,12,8,Glonass,24.2,-0.7,241.0,75.0,TORGI-GNSS-20180905T110842.728Z.gpkg,0,Control-9
12,13,8,GPS,31.7,-0.15,312.0,34.0,TORGI-GNSS-20180905T110842.728Z.gpkg,0,Control-9
13,14,10,GPS,34.4,-0.15,4.0,68.0,TORGI-GNSS-20180905T110842.728Z.gpkg,0,Control-9
14,15,14,GPS,22.4,-0.15,177.0,28.0,TORGI-GNSS-20180905T110842.728Z.gpkg,0,Control-9
15,16,15,GPS,38.4,-0.15,37.0,4.0,TORGI-GNSS-20180905T110842.728Z.gpkg,0,Control-9
16,17,16,GPS,25.3,-0.15,226.0,17.0,TORGI-GNSS-20180905T110842.728Z.gpkg,0,Control-9
17,18,18,GPS,22.7,-0.15,298.0,8.0,TORGI-GNSS-20180905T110842.728Z.gpkg,0,Control-9
18,19,20,GPS,33.3,-0.15,43.0,45.0,TORGI-GNSS-20180905T110842.728Z.gpkg,0,Control-9
19,20,21,GPS,32.6,-0.15,91.0,36.0,TORGI-GNSS-20180905T110842.728Z.gpkg,0,Control-9
20,21,27,GPS,31.5,-0.15,282.0,66.0,TORGI-GNSS-20180905T110842.728Z.gpkg,0,Control-9
