,id,svid,constellation,cn0,agc,azimuth_deg,elevation_deg,fileName,CONUS,fileId
0,1,3,Glonass,30.4,0.0,28.0,36.0,TORGI-GNSS-20180909T111154.346Z.gpkg,0,Control-66
1,2,4,Glonass,32.7,0.0,270.0,78.0,TORGI-GNSS-20180909T111154.346Z.gpkg,0,Control-66
2,3,8,GPS,38.9,0.0,306.0,41.0,TORGI-GNSS-20180909T111154.346Z.gpkg,0,Control-66
3,4,10,GPS,37.4,0.0,18.0,63.0,TORGI-GNSS-20180909T111154.346Z.gpkg,0,Control-66
4,5,21,GPS,34.1,0.0,98.0,30.0,TORGI-GNSS-20180909T111154.346Z.gpkg,0,Control-66
5,6,27,GPS,39.6,0.0,260.0,68.0,TORGI-GNSS-20180909T111154.346Z.gpkg,0,Control-66
6,7,32,GPS,38.9,0.0,151.0,55.0,TORGI-GNSS-20180909T111154.346Z.gpkg,0,Control-66
7,8,9,Beidou,32.4,0.0,0.0,0.0,TORGI-GNSS-20180909T111154.346Z.gpkg,0,Control-66
8,9,18,Glonass,29.7,0.82,123.0,50.0,TORGI-GNSS-20180909T111154.346Z.gpkg,0,Control-66
9,10,5,Glonass,28.0,0.82,222.0,28.0,TORGI-GNSS-20180909T111154.346Z.gpkg,0,Control-66
10,11,3,Glonass,30.4,0.82,28.0,36.0,TORGI-GNSS-20180909T111154.346Z.gpkg,0,Control-66
11,12,4,Glonass,32.7,0.82,270.0,78.0,TORGI-GNSS-20180909T111154.346Z.gpkg,0,Control-66
12,13,8,GPS,39.4,-0.07,306.0,41.0,TORGI-GNSS-20180909T111154.346Z.gpkg,0,Control-66
13,14,10,GPS,36.9,-0.07,18.0,63.0,TORGI-GNSS-20180909T111154.346Z.gpkg,0,Control-66
14,15,20,GPS,34.1,-0.07,47.0,39.0,TORGI-GNSS-20180909T111154.346Z.gpkg,0,Control-66
15,16,21,GPS,35.2,-0.07,98.0,30.0,TORGI-GNSS-20180909T111154.346Z.gpkg,0,Control-66
16,17,27,GPS,39.8,-0.07,260.0,68.0,TORGI-GNSS-20180909T111154.346Z.gpkg,0,Control-66
17,18,32,GPS,40.1,-0.07,153.0,55.0,TORGI-GNSS-20180909T111154.346Z.gpkg,0,Control-66
18,19,9,Beidou,32.0,0.26,0.0,0.0,TORGI-GNSS-20180909T111154.346Z.gpkg,0,Control-66
19,20,22,Beidou,35.8,0.26,0.0,0.0,TORGI-GNSS-20180909T111154.346Z.gpkg,0,Control-66
20,21,18,Glonass,29.7,2.73,123.0,50.0,TORGI-GNSS-20180909T111154.346Z.gpkg,0,Control-66
21,22,5,Glonass,28.0,2.73,222.0,28.0,TORGI-GNSS-20180909T111154.346Z.gpkg,0,Control-66
22,23,19,Glonass,22.6,2.73,354.0,66.0,TORGI-GNSS-20180909T111154.346Z.gpkg,0,Control-66
23,24,17,Glonass,21.2,2.73,137.0,3.0,TORGI-GNSS-20180909T111154.346Z.gpkg,0,Control-66
24,25,3,Glonass,32.2,2.73,28.0,36.0,TORGI-GNSS-20180909T111154.346Z.gpkg,0,Control-66
25,26,4,Glonass,35.1,2.73,270.0,78.0,TORGI-GNSS-20180909T111154.346Z.gpkg,0,Control-66
26,27,8,GPS,37.3,1.34,306.0,41.0,TORGI-GNSS-20180909T111154.346Z.gpkg,0,Control-66
27,28,10,GPS,36.0,1.34,18.0,63.0,TORGI-GNSS-20180909T111154.346Z.gpkg,0,Control-66
28,29,14,GPS,23.5,1.34,174.0,35.0,TORGI-GNSS-20180909T111154.346Z.gpkg,0,Control-66
29,30,16,GPS,23.6,1.34,220.0,12.0,TORGI-GNSS-20180909T111154.346Z.gpkg,0,Control-66
30,31,20,GPS,32.7,1.34,47.0,39.0,TORGI-GNSS-20180909T111154.346Z.gpkg,0,Control-66
31,32,21,GPS,31.6,1.34,98.0,30.0,TORGI-GNSS-20180909T111154.346Z.gpkg,0,Control-66
32,33,24,GPS,19.6,1.34,60.0,2.0,TORGI-GNSS-20180909T111154.346Z.gpkg,0,Control-66
33,34,27,GPS,40.3,1.34,260.0,68.0,TORGI-GNSS-20180909T111154.346Z.gpkg,0,Control-66
34,35,32,GPS,37.8,1.34,153.0,55.0,TORGI-GNSS-20180909T111154.346Z.gpkg,0,Control-66
35,36,9,Beidou,31.0,1.84,0.0,0.0,TORGI-GNSS-20180909T111154.346Z.gpkg,0,Control-66
36,37,16,Beidou,30.2,1.84,45.0,35.0,TORGI-GNSS-20180909T111154.346Z.gpkg,0,Control-66
37,38,22,Beidou,37.5,1.84,0.0,0.0,TORGI-GNSS-20180909T111154.346Z.gpkg,0,Control-66
38,39,18,Glonass,28.8,1.82,123.0,50.0,TORGI-GNSS-20180909T111154.346Z.gpkg,0,Control-66
39,40,5,Glonass,37.9,1.82,222.0,28.0,TORGI-GNSS-20180909T111154.346Z.gpkg,0,Control-66
40,41,19,Glonass,29.0,1.82,354.0,66.0,TORGI-GNSS-20180909T111154.346Z.gpkg,0,Control-66
41,42,17,Glonass,22.1,1.82,137.0,3.0,TORGI-GNSS-20180909T111154.346Z.gpkg,0,Control-66
42,43,3,Glonass,34.8,1.82,28.0,36.0,TORGI-GNSS-20180909T111154.346Z.gpkg,0,Control-66
43,44,4,Glonass,35.1,1.82,270.0,78.0,TORGI-GNSS-20180909T111154.346Z.gpkg,0,Control-66
44,45,8,GPS,36.7,-0.09,306.0,41.0,TORGI-GNSS-20180909T111154.346Z.gpkg,0,Control-66
45,46,10,GPS,38.2,-0.09,18.0,63.0,TORGI-GNSS-20180909T111154.346Z.gpkg,0,Control-66
46,47,11,GPS,19.9,-0.09,307.0,2.0,TORGI-GNSS-20180909T111154.346Z.gpkg,0,Control-66
47,48,14,GPS,29.7,-0.09,174.0,35.0,TORGI-GNSS-20180909T111154.346Z.gpkg,0,Control-66
48,49,16,GPS,29.4,-0.09,220.0,12.0,TORGI-GNSS-20180909T111154.346Z.gpkg,0,Control-66
49,50,18,GPS,31.7,-0.09,300.0,15.0,TORGI-GNSS-20180909T111154.346Z.gpkg,0,Control-66
50,51,20,GPS,33.6,-0.09,47.0,39.0,TORGI-GNSS-20180909T111154.346Z.gpkg,0,Control-66
51,52,21,GPS,27.0,-0.09,98.0,30.0,TORGI-GNSS-20180909T111154.346Z.gpkg,0,Control-66
52,53,24,GPS,21.6,-0.09,60.0,2.0,TORGI-GNSS-20180909T111154.346Z.gpkg,0,Control-66
53,54,27,GPS,40.6,-0.09,260.0,68.0,TORGI-GNSS-20180909T111154.346Z.gpkg,0,Control-66
54,55,32,GPS,30.6,-0.09,153.0,55.0,TORGI-GNSS-20180909T111154.346Z.gpkg,0,Control-66
55,56,18,Glonass,24.2,-0.44,123.0,50.0,TORGI-GNSS-20180909T111154.346Z.gpkg,0,Control-66
56,57,5,Glonass,37.5,-0.44,222.0,28.0,TORGI-GNSS-20180909T111154.346Z.gpkg,0,Control-66
57,58,19,Glonass,28.3,-0.44,354.0,66.0,TORGI-GNSS-20180909T111154.346Z.gpkg,0,Control-66
58,59,17,Glonass,21.7,-0.44,137.0,3.0,TORGI-GNSS-20180909T111154.346Z.gpkg,0,Control-66
59,60,3,Glonass,38.2,-0.44,28.0,36.0,TORGI-GNSS-20180909T111154.346Z.gpkg,0,Control-66
60,61,4,Glonass,31.2,-0.44,270.0,78.0,TORGI-GNSS-20180909T111154.346Z.gpkg,0,Control-66
61,62,8,GPS,35.2,-1.92,306.0,41.0,TORGI-GNSS-20180909T111154.346Z.gpkg,0,Control-66
62,63,10,GPS,38.0,-1.92,18.0,63.0,TORGI-GNSS-20180909T111154.346Z.gpkg,0,Control-66
63,64,11,GPS,20.0,-1.92,307.0,2.0,TORGI-GNSS-20180909T111154.346Z.gpkg,0,Control-66
64,65,14,GPS,27.4,-1.92,174.0,35.0,TORGI-GNSS-20180909T111154.346Z.gpkg,0,Control-66
65,66,16,GPS,23.7,-1.92,220.0,12.0,TORGI-GNSS-20180909T111154.346Z.gpkg,0,Control-66
66,67,18,GPS,31.1,-1.92,300.0,15.0,TORGI-GNSS-20180909T111154.346Z.gpkg,0,Control-66
67,68,20,GPS,37.3,-1.92,47.0,39.0,TORGI-GNSS-20180909T111154.346Z.gpkg,0,Control-66
68,69,21,GPS,30.7,-1.92,98.0,30.0,TORGI-GNSS-20180909T111154.346Z.gpkg,0,Control-66
69,70,24,GPS,21.2,-1.92,60.0,2.0,TORGI-GNSS-20180909T111154.346Z.gpkg,0,Control-66
70,71,27,GPS,40.7,-1.92,260.0,68.0,TORGI-GNSS-20180909T111154.346Z.gpkg,0,Control-66
71,72,32,GPS,35.9,-1.92,153.0,55.0,TORGI-GNSS-20180909T111154.346Z.gpkg,0,Control-66
72,73,18,Glonass,27.6,2.78,123.0,50.0,TORGI-GNSS-20180909T111154.346Z.gpkg,0,Control-66
73,74,5,Glonass,34.8,2.78,222.0,28.0,TORGI-GNSS-20180909T111154.346Z.gpkg,0,Control-66
74,75,20,Glonass,15.3,2.78,326.0,11.0,TORGI-GNSS-20180909T111154.346Z.gpkg,0,Control-66
75,76,19,Glonass,30.6,2.78,354.0,66.0,TORGI-GNSS-20180909T111154.346Z.gpkg,0,Control-66
76,77,17,Glonass,21.7,2.78,137.0,3.0,TORGI-GNSS-20180909T111154.346Z.gpkg,0,Control-66
77,78,3,Glonass,38.0,2.78,28.0,36.0,TORGI-GNSS-20180909T111154.346Z.gpkg,0,Control-66
78,79,4,Glonass,33.6,2.78,270.0,78.0,TORGI-GNSS-20180909T111154.346Z.gpkg,0,Control-66
79,80,8,GPS,32.0,1.47,306.0,41.0,TORGI-GNSS-20180909T111154.346Z.gpkg,0,Control-66
80,81,10,GPS,39.2,1.47,18.0,63.0,TORGI-GNSS-20180909T111154.346Z.gpkg,0,Control-66
81,82,11,GPS,20.2,1.47,307.0,2.0,TORGI-GNSS-20180909T111154.346Z.gpkg,0,Control-66
82,83,14,GPS,29.2,1.47,174.0,35.0,TORGI-GNSS-20180909T111154.346Z.gpkg,0,Control-66
83,84,16,GPS,28.6,1.47,220.0,12.0,TORGI-GNSS-20180909T111154.346Z.gpkg,0,Control-66
84,85,18,GPS,33.8,1.47,300.0,15.0,TORGI-GNSS-20180909T111154.346Z.gpkg,0,Control-66
85,86,20,GPS,37.8,1.47,47.0,39.0,TORGI-GNSS-20180909T111154.346Z.gpkg,0,Control-66
86,87,21,GPS,28.1,1.47,98.0,30.0,TORGI-GNSS-20180909T111154.346Z.gpkg,0,Control-66
87,88,24,GPS,21.0,1.47,60.0,2.0,TORGI-GNSS-20180909T111154.346Z.gpkg,0,Control-66
88,89,27,GPS,39.8,1.47,260.0,68.0,TORGI-GNSS-20180909T111154.346Z.gpkg,0,Control-66
89,90,32,GPS,35.8,1.47,153.0,55.0,TORGI-GNSS-20180909T111154.346Z.gpkg,0,Control-66
90,91,18,Glonass,26.5,2.01,123.0,50.0,TORGI-GNSS-20180909T111154.346Z.gpkg,0,Control-66
91,92,5,Glonass,31.6,2.01,222.0,28.0,TORGI-GNSS-20180909T111154.346Z.gpkg,0,Control-66
92,93,20,Glonass,14.5,2.01,326.0,11.0,TORGI-GNSS-20180909T111154.346Z.gpkg,0,Control-66
93,94,19,Glonass,29.0,2.01,354.0,66.0,TORGI-GNSS-20180909T111154.346Z.gpkg,0,Control-66
94,95,17,Glonass,21.7,2.01,137.0,3.0,TORGI-GNSS-20180909T111154.346Z.gpkg,0,Control-66
95,96,3,Glonass,36.7,2.01,28.0,36.0,TORGI-GNSS-20180909T111154.346Z.gpkg,0,Control-66
96,97,4,Glonass,33.1,2.01,270.0,78.0,TORGI-GNSS-20180909T111154.346Z.gpkg,0,Control-66
97,98,8,GPS,36.3,-0.03,306.0,41.0,TORGI-GNSS-20180909T111154.346Z.gpkg,0,Control-66
98,99,10,GPS,40.5,-0.03,18.0,63.0,TORGI-GNSS-20180909T111154.346Z.gpkg,0,Control-66
99,100,11,GPS,21.9,-0.03,307.0,2.0,TORGI-GNSS-20180909T111154.346Z.gpkg,0,Control-66
100,101,14,GPS,26.5,-0.03,174.0,35.0,TORGI-GNSS-20180909T111154.346Z.gpkg,0,Control-66
101,102,16,GPS,26.8,-0.03,220.0,12.0,TORGI-GNSS-20180909T111154.346Z.gpkg,0,Control-66
102,103,18,GPS,33.3,-0.03,300.0,15.0,TORGI-GNSS-20180909T111154.346Z.gpkg,0,Control-66
103,104,20,GPS,37.9,-0.03,47.0,39.0,TORGI-GNSS-20180909T111154.346Z.gpkg,0,Control-66
104,105,21,GPS,29.4,-0.03,98.0,30.0,TORGI-GNSS-20180909T111154.346Z.gpkg,0,Control-66
105,106,24,GPS,24.0,-0.03,60.0,2.0,TORGI-GNSS-20180909T111154.346Z.gpkg,0,Control-66
106,107,27,GPS,42.1,-0.03,260.0,68.0,TORGI-GNSS-20180909T111154.346Z.gpkg,0,Control-66
107,108,32,GPS,36.6,-0.03,153.0,55.0,TORGI-GNSS-20180909T111154.346Z.gpkg,0,Control-66
108,109,18,Glonass,24.3,1.98,123.0,50.0,TORGI-GNSS-20180909T111154.346Z.gpkg,0,Control-66
109,110,5,Glonass,36.8,1.98,222.0,28.0,TORGI-GNSS-20180909T111154.346Z.gpkg,0,Control-66
110,111,20,Glonass,14.5,1.98,326.0,11.0,TORGI-GNSS-20180909T111154.346Z.gpkg,0,Control-66
111,112,19,Glonass,31.1,1.98,354.0,66.0,TORGI-GNSS-20180909T111154.346Z.gpkg,0,Control-66
112,113,17,Glonass,21.7,1.98,137.0,3.0,TORGI-GNSS-20180909T111154.346Z.gpkg,0,Control-66
113,114,3,Glonass,36.0,1.98,28.0,36.0,TORGI-GNSS-20180909T111154.346Z.gpkg,0,Control-66
114,115,4,Glonass,35.5,1.98,270.0,78.0,TORGI-GNSS-20180909T111154.346Z.gpkg,0,Control-66
115,116,8,GPS,37.8,-0.43,306.0,41.0,TORGI-GNSS-20180909T111154.346Z.gpkg,0,Control-66
116,117,10,GPS,39.8,-0.43,18.0,63.0,TORGI-GNSS-20180909T111154.346Z.gpkg,0,Control-66
117,118,11,GPS,19.5,-0.43,307.0,2.0,TORGI-GNSS-20180909T111154.346Z.gpkg,0,Control-66
118,119,14,GPS,28.5,-0.43,174.0,35.0,TORGI-GNSS-20180909T111154.346Z.gpkg,0,Control-66
119,120,16,GPS,27.5,-0.43,220.0,12.0,TORGI-GNSS-20180909T111154.346Z.gpkg,0,Control-66
120,121,18,GPS,33.3,-0.43,300.0,15.0,TORGI-GNSS-20180909T111154.346Z.gpkg,0,Control-66
121,122,20,GPS,36.3,-0.43,47.0,39.0,TORGI-GNSS-20180909T111154.346Z.gpkg,0,Control-66
122,123,21,GPS,28.6,-0.43,98.0,30.0,TORGI-GNSS-20180909T111154.346Z.gpkg,0,Control-66
123,124,24,GPS,23.0,-0.43,60.0,2.0,TORGI-GNSS-20180909T111154.346Z.gpkg,0,Control-66
124,125,27,GPS,41.2,-0.43,260.0,68.0,TORGI-GNSS-20180909T111154.346Z.gpkg,0,Control-66
125,126,32,GPS,32.5,-0.43,153.0,55.0,TORGI-GNSS-20180909T111154.346Z.gpkg,0,Control-66
126,127,18,Glonass,22.4,1.81,123.0,50.0,TORGI-GNSS-20180909T111154.346Z.gpkg,0,Control-66
127,128,5,Glonass,35.3,1.81,222.0,28.0,TORGI-GNSS-20180909T111154.346Z.gpkg,0,Control-66
128,129,20,Glonass,14.4,1.81,326.0,11.0,TORGI-GNSS-20180909T111154.346Z.gpkg,0,Control-66
129,130,19,Glonass,30.7,1.81,354.0,66.0,TORGI-GNSS-20180909T111154.346Z.gpkg,0,Control-66
130,131,17,Glonass,13.2,1.81,137.0,3.0,TORGI-GNSS-20180909T111154.346Z.gpkg,0,Control-66
131,132,3,Glonass,35.9,1.81,28.0,36.0,TORGI-GNSS-20180909T111154.346Z.gpkg,0,Control-66
132,133,4,Glonass,35.3,1.81,270.0,78.0,TORGI-GNSS-20180909T111154.346Z.gpkg,0,Control-66
133,134,8,GPS,36.9,-0.59,306.0,41.0,TORGI-GNSS-20180909T111154.346Z.gpkg,0,Control-66
134,135,10,GPS,40.7,-0.59,18.0,63.0,TORGI-GNSS-20180909T111154.346Z.gpkg,0,Control-66
135,136,14,GPS,27.3,-0.59,174.0,35.0,TORGI-GNSS-20180909T111154.346Z.gpkg,0,Control-66
136,137,16,GPS,26.6,-0.59,220.0,12.0,TORGI-GNSS-20180909T111154.346Z.gpkg,0,Control-66
137,138,18,GPS,32.7,-0.59,300.0,15.0,TORGI-GNSS-20180909T111154.346Z.gpkg,0,Control-66
138,139,20,GPS,37.2,-0.59,47.0,39.0,TORGI-GNSS-20180909T111154.346Z.gpkg,0,Control-66
139,140,21,GPS,28.7,-0.59,98.0,30.0,TORGI-GNSS-20180909T111154.346Z.gpkg,0,Control-66
140,141,24,GPS,23.6,-0.59,60.0,2.0,TORGI-GNSS-20180909T111154.346Z.gpkg,0,Control-66
141,142,27,GPS,41.6,-0.59,260.0,68.0,TORGI-GNSS-20180909T111154.346Z.gpkg,0,Control-66
142,143,32,GPS,32.7,-0.59,153.0,55.0,TORGI-GNSS-20180909T111154.346Z.gpkg,0,Control-66
143,144,18,Glonass,26.7,1.84,123.0,50.0,TORGI-GNSS-20180909T111154.346Z.gpkg,0,Control-66
144,145,5,Glonass,35.1,1.84,222.0,28.0,TORGI-GNSS-20180909T111154.346Z.gpkg,0,Control-66
145,146,20,Glonass,13.4,1.84,326.0,11.0,TORGI-GNSS-20180909T111154.346Z.gpkg,0,Control-66
146,147,19,Glonass,31.5,1.84,354.0,66.0,TORGI-GNSS-20180909T111154.346Z.gpkg,0,Control-66
147,148,17,Glonass,17.4,1.84,137.0,3.0,TORGI-GNSS-20180909T111154.346Z.gpkg,0,Control-66
148,149,3,Glonass,36.2,1.84,28.0,36.0,TORGI-GNSS-20180909T111154.346Z.gpkg,0,Control-66
149,150,4,Glonass,34.2,1.84,270.0,78.0,TORGI-GNSS-20180909T111154.346Z.gpkg,0,Control-66
150,151,8,GPS,37.2,-0.64,306.0,41.0,TORGI-GNSS-20180909T111154.346Z.gpkg,0,Control-66
151,152,10,GPS,39.9,-0.64,18.0,63.0,TORGI-GNSS-20180909T111154.346Z.gpkg,0,Control-66
152,153,14,GPS,26.2,-0.64,174.0,35.0,TORGI-GNSS-20180909T111154.346Z.gpkg,0,Control-66
153,154,16,GPS,27.7,-0.64,220.0,12.0,TORGI-GNSS-20180909T111154.346Z.gpkg,0,Control-66
154,155,18,GPS,32.9,-0.64,300.0,15.0,TORGI-GNSS-20180909T111154.346Z.gpkg,0,Control-66
155,156,20,GPS,37.8,-0.64,47.0,39.0,TORGI-GNSS-20180909T111154.346Z.gpkg,0,Control-66
156,157,21,GPS,27.2,-0.64,98.0,30.0,TORGI-GNSS-20180909T111154.346Z.gpkg,0,Control-66
157,158,24,GPS,23.3,-0.64,60.0,2.0,TORGI-GNSS-20180909T111154.346Z.gpkg,0,Control-66
158,159,27,GPS,40.7,-0.64,260.0,68.0,TORGI-GNSS-20180909T111154.346Z.gpkg,0,Control-66
159,160,32,GPS,34.7,-0.64,153.0,55.0,TORGI-GNSS-20180909T111154.346Z.gpkg,0,Control-66
160,161,18,Glonass,30.4,1.72,123.0,50.0,TORGI-GNSS-20180909T111154.346Z.gpkg,0,Control-66
161,162,5,Glonass,27.8,1.72,222.0,28.0,TORGI-GNSS-20180909T111154.346Z.gpkg,0,Control-66
162,163,20,Glonass,12.2,1.72,326.0,11.0,TORGI-GNSS-20180909T111154.346Z.gpkg,0,Control-66
163,164,19,Glonass,29.5,1.72,354.0,66.0,TORGI-GNSS-20180909T111154.346Z.gpkg,0,Control-66
164,165,17,Glonass,17.4,1.72,137.0,3.0,TORGI-GNSS-20180909T111154.346Z.gpkg,0,Control-66
165,166,3,Glonass,37.3,1.72,28.0,36.0,TORGI-GNSS-20180909T111154.346Z.gpkg,0,Control-66
166,167,4,Glonass,33.1,1.72,270.0,78.0,TORGI-GNSS-20180909T111154.346Z.gpkg,0,Control-66
167,168,8,GPS,36.6,-0.53,306.0,41.0,TORGI-GNSS-20180909T111154.346Z.gpkg,0,Control-66
168,169,10,GPS,37.9,-0.53,18.0,63.0,TORGI-GNSS-20180909T111154.346Z.gpkg,0,Control-66
169,170,14,GPS,26.3,-0.53,174.0,35.0,TORGI-GNSS-20180909T111154.346Z.gpkg,0,Control-66
170,171,16,GPS,24.7,-0.53,220.0,12.0,TORGI-GNSS-20180909T111154.346Z.gpkg,0,Control-66
171,172,18,GPS,34.0,-0.53,300.0,15.0,TORGI-GNSS-20180909T111154.346Z.gpkg,0,Control-66
172,173,20,GPS,37.9,-0.53,47.0,39.0,TORGI-GNSS-20180909T111154.346Z.gpkg,0,Control-66
173,174,21,GPS,21.8,-0.53,98.0,30.0,TORGI-GNSS-20180909T111154.346Z.gpkg,0,Control-66
174,175,24,GPS,24.4,-0.53,60.0,2.0,TORGI-GNSS-20180909T111154.346Z.gpkg,0,Control-66
175,176,27,GPS,39.2,-0.53,260.0,68.0,TORGI-GNSS-20180909T111154.346Z.gpkg,0,Control-66
176,177,32,GPS,37.8,-0.53,153.0,55.0,TORGI-GNSS-20180909T111154.346Z.gpkg,0,Control-66
177,178,18,Glonass,32.8,2.1,123.0,50.0,TORGI-GNSS-20180909T111154.346Z.gpkg,0,Control-66
178,179,5,Glonass,27.2,2.1,222.0,28.0,TORGI-GNSS-20180909T111154.346Z.gpkg,0,Control-66
179,180,20,Glonass,12.0,2.1,326.0,11.0,TORGI-GNSS-20180909T111154.346Z.gpkg,0,Control-66
180,181,19,Glonass,27.1,2.1,354.0,66.0,TORGI-GNSS-20180909T111154.346Z.gpkg,0,Control-66
181,182,17,Glonass,19.9,2.1,137.0,3.0,TORGI-GNSS-20180909T111154.346Z.gpkg,0,Control-66
182,183,3,Glonass,38.0,2.1,28.0,36.0,TORGI-GNSS-20180909T111154.346Z.gpkg,0,Control-66
183,184,4,Glonass,31.4,2.1,270.0,78.0,TORGI-GNSS-20180909T111154.346Z.gpkg,0,Control-66
184,185,8,GPS,39.4,0.03,306.0,41.0,TORGI-GNSS-20180909T111154.346Z.gpkg,0,Control-66
185,186,10,GPS,36.2,0.03,18.0,63.0,TORGI-GNSS-20180909T111154.346Z.gpkg,0,Control-66
186,187,11,GPS,19.2,0.03,307.0,2.0,TORGI-GNSS-20180909T111154.346Z.gpkg,0,Control-66
187,188,14,GPS,29.2,0.03,174.0,35.0,TORGI-GNSS-20180909T111154.346Z.gpkg,0,Control-66
188,189,16,GPS,27.0,0.03,220.0,12.0,TORGI-GNSS-20180909T111154.346Z.gpkg,0,Control-66
189,190,18,GPS,31.3,0.03,300.0,15.0,TORGI-GNSS-20180909T111154.346Z.gpkg,0,Control-66
190,191,20,GPS,37.1,0.03,47.0,39.0,TORGI-GNSS-20180909T111154.346Z.gpkg,0,Control-66
191,192,21,GPS,29.5,0.03,98.0,30.0,TORGI-GNSS-20180909T111154.346Z.gpkg,0,Control-66
192,193,24,GPS,24.8,0.03,60.0,2.0,TORGI-GNSS-20180909T111154.346Z.gpkg,0,Control-66
193,194,27,GPS,36.3,0.03,260.0,68.0,TORGI-GNSS-20180909T111154.346Z.gpkg,0,Control-66
194,195,32,GPS,38.9,0.03,153.0,55.0,TORGI-GNSS-20180909T111154.346Z.gpkg,0,Control-66
195,196,18,Glonass,31.4,2.79,123.0,50.0,TORGI-GNSS-20180909T111154.346Z.gpkg,0,Control-66
196,197,5,Glonass,32.3,2.79,222.0,28.0,TORGI-GNSS-20180909T111154.346Z.gpkg,0,Control-66
197,198,20,Glonass,12.0,2.79,326.0,11.0,TORGI-GNSS-20180909T111154.346Z.gpkg,0,Control-66
198,199,19,Glonass,19.5,2.79,354.0,66.0,TORGI-GNSS-20180909T111154.346Z.gpkg,0,Control-66
199,200,17,Glonass,18.8,2.79,137.0,3.0,TORGI-GNSS-20180909T111154.346Z.gpkg,0,Control-66
200,201,3,Glonass,30.6,2.79,28.0,36.0,TORGI-GNSS-20180909T111154.346Z.gpkg,0,Control-66
201,202,4,Glonass,31.4,2.79,270.0,78.0,TORGI-GNSS-20180909T111154.346Z.gpkg,0,Control-66
202,203,8,GPS,37.4,0.35,306.0,41.0,TORGI-GNSS-20180909T111154.346Z.gpkg,0,Control-66
203,204,10,GPS,34.5,0.35,18.0,63.0,TORGI-GNSS-20180909T111154.346Z.gpkg,0,Control-66
204,205,14,GPS,26.1,0.35,174.0,35.0,TORGI-GNSS-20180909T111154.346Z.gpkg,0,Control-66
205,206,16,GPS,17.7,0.35,220.0,12.0,TORGI-GNSS-20180909T111154.346Z.gpkg,0,Control-66
206,207,20,GPS,33.2,0.35,47.0,39.0,TORGI-GNSS-20180909T111154.346Z.gpkg,0,Control-66
207,208,21,GPS,32.3,0.35,98.0,30.0,TORGI-GNSS-20180909T111154.346Z.gpkg,0,Control-66
208,209,24,GPS,18.5,0.35,60.0,2.0,TORGI-GNSS-20180909T111154.346Z.gpkg,0,Control-66
209,210,27,GPS,36.1,0.35,260.0,68.0,TORGI-GNSS-20180909T111154.346Z.gpkg,0,Control-66
210,211,32,GPS,37.0,0.35,153.0,55.0,TORGI-GNSS-20180909T111154.346Z.gpkg,0,Control-66
211,212,21,Beidou,36.3,0.06,0.0,0.0,TORGI-GNSS-20180909T111154.346Z.gpkg,0,Control-66
212,213,22,Beidou,40.5,0.06,0.0,0.0,TORGI-GNSS-20180909T111154.346Z.gpkg,0,Control-66
213,214,6,Glonass,25.4,-0.17,281.0,32.0,TORGI-GNSS-20180909T111154.346Z.gpkg,0,Control-66
214,215,15,Glonass,24.6,-0.17,94.0,21.0,TORGI-GNSS-20180909T111154.346Z.gpkg,0,Control-66
215,216,5,Glonass,35.6,-0.17,2.0,50.0,TORGI-GNSS-20180909T111154.346Z.gpkg,0,Control-66
216,217,21,Glonass,30.7,-0.17,317.0,36.0,TORGI-GNSS-20180909T111154.346Z.gpkg,0,Control-66
217,218,1,GPS,35.3,0.23,313.0,56.0,TORGI-GNSS-20180909T111154.346Z.gpkg,0,Control-66
218,219,3,GPS,38.7,0.23,293.0,27.0,TORGI-GNSS-20180909T111154.346Z.gpkg,0,Control-66
219,220,11,GPS,42.2,0.23,265.0,59.0,TORGI-GNSS-20180909T111154.346Z.gpkg,0,Control-66
220,221,14,GPS,33.0,0.23,40.0,56.0,TORGI-GNSS-20180909T111154.346Z.gpkg,0,Control-66
221,222,18,GPS,37.0,0.23,253.0,82.0,TORGI-GNSS-20180909T111154.346Z.gpkg,0,Control-66
222,223,22,GPS,38.6,0.23,307.0,47.0,TORGI-GNSS-20180909T111154.346Z.gpkg,0,Control-66
223,224,23,GPS,35.6,0.23,232.0,15.0,TORGI-GNSS-20180909T111154.346Z.gpkg,0,Control-66
224,225,31,GPS,38.9,0.23,111.0,41.0,TORGI-GNSS-20180909T111154.346Z.gpkg,0,Control-66
225,226,32,GPS,37.4,0.23,43.0,31.0,TORGI-GNSS-20180909T111154.346Z.gpkg,0,Control-66
226,227,21,Beidou,32.3,0.17,0.0,0.0,TORGI-GNSS-20180909T111154.346Z.gpkg,0,Control-66
227,228,22,Beidou,40.5,0.17,0.0,0.0,TORGI-GNSS-20180909T111154.346Z.gpkg,0,Control-66
228,229,14,Glonass,21.0,-0.33,52.0,16.0,TORGI-GNSS-20180909T111154.346Z.gpkg,0,Control-66
229,230,6,Glonass,27.1,-0.33,281.0,32.0,TORGI-GNSS-20180909T111154.346Z.gpkg,0,Control-66
230,231,15,Glonass,27.9,-0.33,94.0,21.0,TORGI-GNSS-20180909T111154.346Z.gpkg,0,Control-66
231,232,5,Glonass,38.9,-0.33,2.0,50.0,TORGI-GNSS-20180909T111154.346Z.gpkg,0,Control-66
232,233,20,Glonass,31.3,-0.33,227.0,61.0,TORGI-GNSS-20180909T111154.346Z.gpkg,0,Control-66
233,234,21,Glonass,33.3,-0.33,317.0,36.0,TORGI-GNSS-20180909T111154.346Z.gpkg,0,Control-66
234,235,4,Glonass,21.9,-0.33,50.0,16.0,TORGI-GNSS-20180909T111154.346Z.gpkg,0,Control-66
235,236,1,GPS,35.0,0.06,313.0,56.0,TORGI-GNSS-20180909T111154.346Z.gpkg,0,Control-66
236,237,3,GPS,36.3,0.06,293.0,27.0,TORGI-GNSS-20180909T111154.346Z.gpkg,0,Control-66
237,238,8,GPS,23.2,0.06,213.0,22.0,TORGI-GNSS-20180909T111154.346Z.gpkg,0,Control-66
238,239,10,GPS,23.9,0.06,84.0,11.0,TORGI-GNSS-20180909T111154.346Z.gpkg,0,Control-66
239,240,11,GPS,40.3,0.06,265.0,59.0,TORGI-GNSS-20180909T111154.346Z.gpkg,0,Control-66
240,241,14,GPS,33.2,0.06,40.0,56.0,TORGI-GNSS-20180909T111154.346Z.gpkg,0,Control-66
241,242,18,GPS,37.4,0.06,253.0,82.0,TORGI-GNSS-20180909T111154.346Z.gpkg,0,Control-66
242,243,22,GPS,37.1,0.06,307.0,47.0,TORGI-GNSS-20180909T111154.346Z.gpkg,0,Control-66
243,244,23,GPS,37.4,0.06,232.0,15.0,TORGI-GNSS-20180909T111154.346Z.gpkg,0,Control-66
244,245,31,GPS,40.3,0.06,111.0,41.0,TORGI-GNSS-20180909T111154.346Z.gpkg,0,Control-66
245,246,32,GPS,36.6,0.06,43.0,31.0,TORGI-GNSS-20180909T111154.346Z.gpkg,0,Control-66
246,247,2,Beidou,27.1,-0.02,120.0,28.0,TORGI-GNSS-20180909T111154.346Z.gpkg,0,Control-66
247,248,11,Beidou,34.6,-0.02,278.0,42.0,TORGI-GNSS-20180909T111154.346Z.gpkg,0,Control-66
248,249,12,Beidou,24.1,-0.02,202.0,35.0,TORGI-GNSS-20180909T111154.346Z.gpkg,0,Control-66
249,250,14,Beidou,24.3,-0.02,274.0,18.0,TORGI-GNSS-20180909T111154.346Z.gpkg,0,Control-66
250,251,21,Beidou,33.4,-0.02,0.0,0.0,TORGI-GNSS-20180909T111154.346Z.gpkg,0,Control-66
251,252,22,Beidou,35.5,-0.02,0.0,0.0,TORGI-GNSS-20180909T111154.346Z.gpkg,0,Control-66
252,253,14,Glonass,21.3,-0.22,52.0,16.0,TORGI-GNSS-20180909T111154.346Z.gpkg,0,Control-66
253,254,6,Glonass,26.4,-0.22,281.0,32.0,TORGI-GNSS-20180909T111154.346Z.gpkg,0,Control-66
254,255,15,Glonass,27.9,-0.22,94.0,21.0,TORGI-GNSS-20180909T111154.346Z.gpkg,0,Control-66
255,256,5,Glonass,40.0,-0.22,2.0,50.0,TORGI-GNSS-20180909T111154.346Z.gpkg,0,Control-66
256,257,20,Glonass,31.2,-0.22,227.0,61.0,TORGI-GNSS-20180909T111154.346Z.gpkg,0,Control-66
257,258,21,Glonass,34.3,-0.22,317.0,36.0,TORGI-GNSS-20180909T111154.346Z.gpkg,0,Control-66
258,259,4,Glonass,21.5,-0.22,50.0,16.0,TORGI-GNSS-20180909T111154.346Z.gpkg,0,Control-66
259,260,1,GPS,36.1,0.23,313.0,56.0,TORGI-GNSS-20180909T111154.346Z.gpkg,0,Control-66
260,261,3,GPS,36.2,0.23,293.0,27.0,TORGI-GNSS-20180909T111154.346Z.gpkg,0,Control-66
261,262,8,GPS,25.9,0.23,213.0,22.0,TORGI-GNSS-20180909T111154.346Z.gpkg,0,Control-66
262,263,10,GPS,24.5,0.23,84.0,11.0,TORGI-GNSS-20180909T111154.346Z.gpkg,0,Control-66
263,264,11,GPS,39.1,0.23,265.0,59.0,TORGI-GNSS-20180909T111154.346Z.gpkg,0,Control-66
264,265,14,GPS,33.5,0.23,40.0,56.0,TORGI-GNSS-20180909T111154.346Z.gpkg,0,Control-66
265,266,18,GPS,37.4,0.23,253.0,82.0,TORGI-GNSS-20180909T111154.346Z.gpkg,0,Control-66
266,267,22,GPS,37.3,0.23,307.0,47.0,TORGI-GNSS-20180909T111154.346Z.gpkg,0,Control-66
267,268,23,GPS,37.6,0.23,232.0,15.0,TORGI-GNSS-20180909T111154.346Z.gpkg,0,Control-66
268,269,31,GPS,41.2,0.23,111.0,41.0,TORGI-GNSS-20180909T111154.346Z.gpkg,0,Control-66
269,270,32,GPS,36.2,0.23,43.0,31.0,TORGI-GNSS-20180909T111154.346Z.gpkg,0,Control-66
270,271,2,Beidou,28.4,0.06,120.0,28.0,TORGI-GNSS-20180909T111154.346Z.gpkg,0,Control-66
271,272,6,Beidou,19.7,0.06,53.0,12.0,TORGI-GNSS-20180909T111154.346Z.gpkg,0,Control-66
272,273,11,Beidou,34.3,0.06,278.0,42.0,TORGI-GNSS-20180909T111154.346Z.gpkg,0,Control-66
273,274,12,Beidou,23.7,0.06,202.0,35.0,TORGI-GNSS-20180909T111154.346Z.gpkg,0,Control-66
274,275,14,Beidou,22.3,0.06,274.0,18.0,TORGI-GNSS-20180909T111154.346Z.gpkg,0,Control-66
275,276,21,Beidou,34.4,0.06,0.0,0.0,TORGI-GNSS-20180909T111154.346Z.gpkg,0,Control-66
276,277,22,Beidou,35.6,0.06,0.0,0.0,TORGI-GNSS-20180909T111154.346Z.gpkg,0,Control-66
277,278,14,Glonass,24.0,-0.2,52.0,16.0,TORGI-GNSS-20180909T111154.346Z.gpkg,0,Control-66
278,279,6,Glonass,25.9,-0.2,281.0,32.0,TORGI-GNSS-20180909T111154.346Z.gpkg,0,Control-66
279,280,15,Glonass,29.1,-0.2,94.0,21.0,TORGI-GNSS-20180909T111154.346Z.gpkg,0,Control-66
280,281,5,Glonass,40.4,-0.2,2.0,50.0,TORGI-GNSS-20180909T111154.346Z.gpkg,0,Control-66
281,282,20,Glonass,30.9,-0.2,227.0,61.0,TORGI-GNSS-20180909T111154.346Z.gpkg,0,Control-66
282,283,21,Glonass,34.2,-0.2,317.0,36.0,TORGI-GNSS-20180909T111154.346Z.gpkg,0,Control-66
283,284,4,Glonass,26.2,-0.2,50.0,16.0,TORGI-GNSS-20180909T111154.346Z.gpkg,0,Control-66
284,285,1,GPS,35.6,0.28,313.0,56.0,TORGI-GNSS-20180909T111154.346Z.gpkg,0,Control-66
285,286,3,GPS,36.4,0.28,293.0,27.0,TORGI-GNSS-20180909T111154.346Z.gpkg,0,Control-66
286,287,8,GPS,24.0,0.28,213.0,22.0,TORGI-GNSS-20180909T111154.346Z.gpkg,0,Control-66
287,288,10,GPS,23.6,0.28,84.0,11.0,TORGI-GNSS-20180909T111154.346Z.gpkg,0,Control-66
288,289,11,GPS,38.9,0.28,265.0,59.0,TORGI-GNSS-20180909T111154.346Z.gpkg,0,Control-66
289,290,14,GPS,34.3,0.28,40.0,56.0,TORGI-GNSS-20180909T111154.346Z.gpkg,0,Control-66
290,291,18,GPS,38.2,0.28,253.0,82.0,TORGI-GNSS-20180909T111154.346Z.gpkg,0,Control-66
291,292,22,GPS,37.6,0.28,307.0,47.0,TORGI-GNSS-20180909T111154.346Z.gpkg,0,Control-66
292,293,23,GPS,38.0,0.28,232.0,15.0,TORGI-GNSS-20180909T111154.346Z.gpkg,0,Control-66
293,294,31,GPS,41.2,0.28,111.0,41.0,TORGI-GNSS-20180909T111154.346Z.gpkg,0,Control-66
294,295,32,GPS,36.5,0.28,43.0,31.0,TORGI-GNSS-20180909T111154.346Z.gpkg,0,Control-66
295,296,2,Beidou,28.1,0.02,120.0,28.0,TORGI-GNSS-20180909T111154.346Z.gpkg,0,Control-66
296,297,5,Beidou,20.3,0.02,150.0,45.0,TORGI-GNSS-20180909T111154.346Z.gpkg,0,Control-66
297,298,6,Beidou,20.1,0.02,53.0,12.0,TORGI-GNSS-20180909T111154.346Z.gpkg,0,Control-66
298,299,11,Beidou,34.9,0.02,278.0,42.0,TORGI-GNSS-20180909T111154.346Z.gpkg,0,Control-66
299,300,12,Beidou,23.2,0.02,202.0,35.0,TORGI-GNSS-20180909T111154.346Z.gpkg,0,Control-66
300,301,14,Beidou,23.9,0.02,274.0,18.0,TORGI-GNSS-20180909T111154.346Z.gpkg,0,Control-66
301,302,21,Beidou,34.1,0.02,0.0,0.0,TORGI-GNSS-20180909T111154.346Z.gpkg,0,Control-66
302,303,22,Beidou,36.1,0.02,0.0,0.0,TORGI-GNSS-20180909T111154.346Z.gpkg,0,Control-66
303,304,14,Glonass,22.6,-0.19,52.0,16.0,TORGI-GNSS-20180909T111154.346Z.gpkg,0,Control-66
304,305,6,Glonass,25.6,-0.19,281.0,32.0,TORGI-GNSS-20180909T111154.346Z.gpkg,0,Control-66
305,306,15,Glonass,29.4,-0.19,94.0,21.0,TORGI-GNSS-20180909T111154.346Z.gpkg,0,Control-66
306,307,5,Glonass,40.4,-0.19,2.0,50.0,TORGI-GNSS-20180909T111154.346Z.gpkg,0,Control-66
307,308,20,Glonass,31.4,-0.19,227.0,61.0,TORGI-GNSS-20180909T111154.346Z.gpkg,0,Control-66
308,309,21,Glonass,33.5,-0.19,317.0,36.0,TORGI-GNSS-20180909T111154.346Z.gpkg,0,Control-66
309,310,4,Glonass,25.7,-0.19,50.0,16.0,TORGI-GNSS-20180909T111154.346Z.gpkg,0,Control-66
310,311,1,GPS,35.0,0.34,313.0,56.0,TORGI-GNSS-20180909T111154.346Z.gpkg,0,Control-66
311,312,3,GPS,35.9,0.34,293.0,27.0,TORGI-GNSS-20180909T111154.346Z.gpkg,0,Control-66
312,313,8,GPS,26.3,0.34,213.0,22.0,TORGI-GNSS-20180909T111154.346Z.gpkg,0,Control-66
313,314,10,GPS,24.4,0.34,84.0,11.0,TORGI-GNSS-20180909T111154.346Z.gpkg,0,Control-66
314,315,11,GPS,38.8,0.34,265.0,59.0,TORGI-GNSS-20180909T111154.346Z.gpkg,0,Control-66
315,316,14,GPS,33.5,0.34,40.0,56.0,TORGI-GNSS-20180909T111154.346Z.gpkg,0,Control-66
316,317,18,GPS,37.6,0.34,253.0,82.0,TORGI-GNSS-20180909T111154.346Z.gpkg,0,Control-66
317,318,22,GPS,36.8,0.34,307.0,47.0,TORGI-GNSS-20180909T111154.346Z.gpkg,0,Control-66
318,319,23,GPS,37.7,0.34,232.0,15.0,TORGI-GNSS-20180909T111154.346Z.gpkg,0,Control-66
319,320,31,GPS,40.9,0.34,111.0,41.0,TORGI-GNSS-20180909T111154.346Z.gpkg,0,Control-66
320,321,32,GPS,36.3,0.34,43.0,31.0,TORGI-GNSS-20180909T111154.346Z.gpkg,0,Control-66
321,322,2,Beidou,28.1,0.0,120.0,28.0,TORGI-GNSS-20180909T111154.346Z.gpkg,0,Control-66
322,323,5,Beidou,20.4,0.0,150.0,45.0,TORGI-GNSS-20180909T111154.346Z.gpkg,0,Control-66
323,324,6,Beidou,20.1,0.0,53.0,12.0,TORGI-GNSS-20180909T111154.346Z.gpkg,0,Control-66
324,325,11,Beidou,34.0,0.0,278.0,42.0,TORGI-GNSS-20180909T111154.346Z.gpkg,0,Control-66
325,326,12,Beidou,23.1,0.0,202.0,35.0,TORGI-GNSS-20180909T111154.346Z.gpkg,0,Control-66
326,327,14,Beidou,22.1,0.0,274.0,18.0,TORGI-GNSS-20180909T111154.346Z.gpkg,0,Control-66
327,328,16,Beidou,17.2,0.0,52.0,16.0,TORGI-GNSS-20180909T111154.346Z.gpkg,0,Control-66
328,329,21,Beidou,33.8,0.0,0.0,0.0,TORGI-GNSS-20180909T111154.346Z.gpkg,0,Control-66
329,330,22,Beidou,35.8,0.0,0.0,0.0,TORGI-GNSS-20180909T111154.346Z.gpkg,0,Control-66
330,331,14,Glonass,21.8,-0.02,52.0,16.0,TORGI-GNSS-20180909T111154.346Z.gpkg,0,Control-66
331,332,6,Glonass,24.7,-0.02,281.0,32.0,TORGI-GNSS-20180909T111154.346Z.gpkg,0,Control-66
332,333,15,Glonass,30.3,-0.02,94.0,21.0,TORGI-GNSS-20180909T111154.346Z.gpkg,0,Control-66
333,334,5,Glonass,40.0,-0.02,2.0,50.0,TORGI-GNSS-20180909T111154.346Z.gpkg,0,Control-66
334,335,20,Glonass,31.1,-0.02,227.0,61.0,TORGI-GNSS-20180909T111154.346Z.gpkg,0,Control-66
335,336,21,Glonass,33.4,-0.02,317.0,36.0,TORGI-GNSS-20180909T111154.346Z.gpkg,0,Control-66
336,337,4,Glonass,27.0,-0.02,50.0,16.0,TORGI-GNSS-20180909T111154.346Z.gpkg,0,Control-66
337,338,1,GPS,34.9,0.46,313.0,56.0,TORGI-GNSS-20180909T111154.346Z.gpkg,0,Control-66
338,339,3,GPS,35.8,0.46,293.0,27.0,TORGI-GNSS-20180909T111154.346Z.gpkg,0,Control-66
339,340,8,GPS,27.8,0.46,213.0,22.0,TORGI-GNSS-20180909T111154.346Z.gpkg,0,Control-66
340,341,10,GPS,25.1,0.46,84.0,11.0,TORGI-GNSS-20180909T111154.346Z.gpkg,0,Control-66
341,342,11,GPS,38.5,0.46,265.0,59.0,TORGI-GNSS-20180909T111154.346Z.gpkg,0,Control-66
342,343,14,GPS,32.9,0.46,40.0,56.0,TORGI-GNSS-20180909T111154.346Z.gpkg,0,Control-66
343,344,18,GPS,36.7,0.46,253.0,82.0,TORGI-GNSS-20180909T111154.346Z.gpkg,0,Control-66
344,345,22,GPS,36.7,0.46,307.0,47.0,TORGI-GNSS-20180909T111154.346Z.gpkg,0,Control-66
345,346,23,GPS,37.8,0.46,232.0,15.0,TORGI-GNSS-20180909T111154.346Z.gpkg,0,Control-66
346,347,31,GPS,40.7,0.46,111.0,41.0,TORGI-GNSS-20180909T111154.346Z.gpkg,0,Control-66
347,348,32,GPS,36.0,0.46,43.0,31.0,TORGI-GNSS-20180909T111154.346Z.gpkg,0,Control-66
348,349,2,Beidou,27.5,0.11,120.0,28.0,TORGI-GNSS-20180909T111154.346Z.gpkg,0,Control-66
349,350,5,Beidou,20.0,0.11,150.0,45.0,TORGI-GNSS-20180909T111154.346Z.gpkg,0,Control-66
350,351,6,Beidou,19.8,0.11,53.0,12.0,TORGI-GNSS-20180909T111154.346Z.gpkg,0,Control-66
351,352,11,Beidou,34.8,0.11,278.0,42.0,TORGI-GNSS-20180909T111154.346Z.gpkg,0,Control-66
352,353,12,Beidou,24.0,0.11,202.0,35.0,TORGI-GNSS-20180909T111154.346Z.gpkg,0,Control-66
353,354,14,Beidou,22.6,0.11,274.0,18.0,TORGI-GNSS-20180909T111154.346Z.gpkg,0,Control-66
354,355,16,Beidou,17.3,0.11,52.0,16.0,TORGI-GNSS-20180909T111154.346Z.gpkg,0,Control-66
355,356,21,Beidou,33.5,0.11,0.0,0.0,TORGI-GNSS-20180909T111154.346Z.gpkg,0,Control-66
356,357,22,Beidou,34.8,0.11,0.0,0.0,TORGI-GNSS-20180909T111154.346Z.gpkg,0,Control-66
357,358,14,Glonass,21.3,-0.16,52.0,16.0,TORGI-GNSS-20180909T111154.346Z.gpkg,0,Control-66
358,359,6,Glonass,24.5,-0.16,281.0,32.0,TORGI-GNSS-20180909T111154.346Z.gpkg,0,Control-66
359,360,15,Glonass,30.9,-0.16,94.0,21.0,TORGI-GNSS-20180909T111154.346Z.gpkg,0,Control-66
360,361,5,Glonass,39.9,-0.16,2.0,50.0,TORGI-GNSS-20180909T111154.346Z.gpkg,0,Control-66
361,362,20,Glonass,29.6,-0.16,227.0,61.0,TORGI-GNSS-20180909T111154.346Z.gpkg,0,Control-66
362,363,21,Glonass,32.7,-0.16,317.0,36.0,TORGI-GNSS-20180909T111154.346Z.gpkg,0,Control-66
363,364,4,Glonass,27.5,-0.16,50.0,16.0,TORGI-GNSS-20180909T111154.346Z.gpkg,0,Control-66
364,365,1,GPS,33.7,0.4,313.0,56.0,TORGI-GNSS-20180909T111154.346Z.gpkg,0,Control-66
365,366,3,GPS,35.7,0.4,293.0,27.0,TORGI-GNSS-20180909T111154.346Z.gpkg,0,Control-66
366,367,8,GPS,29.6,0.4,213.0,22.0,TORGI-GNSS-20180909T111154.346Z.gpkg,0,Control-66
367,368,10,GPS,24.6,0.4,84.0,11.0,TORGI-GNSS-20180909T111154.346Z.gpkg,0,Control-66
368,369,11,GPS,37.1,0.4,265.0,59.0,TORGI-GNSS-20180909T111154.346Z.gpkg,0,Control-66
369,370,14,GPS,33.0,0.4,40.0,56.0,TORGI-GNSS-20180909T111154.346Z.gpkg,0,Control-66
370,371,18,GPS,36.8,0.4,253.0,82.0,TORGI-GNSS-20180909T111154.346Z.gpkg,0,Control-66
371,372,22,GPS,35.1,0.4,307.0,47.0,TORGI-GNSS-20180909T111154.346Z.gpkg,0,Control-66
372,373,23,GPS,37.6,0.4,232.0,15.0,TORGI-GNSS-20180909T111154.346Z.gpkg,0,Control-66
373,374,31,GPS,40.8,0.4,111.0,41.0,TORGI-GNSS-20180909T111154.346Z.gpkg,0,Control-66
374,375,32,GPS,35.1,0.4,43.0,31.0,TORGI-GNSS-20180909T111154.346Z.gpkg,0,Control-66
375,376,14,Glonass,20.1,-0.18,52.0,16.0,TORGI-GNSS-20180909T111154.346Z.gpkg,0,Control-66
376,377,6,Glonass,25.8,-0.18,281.0,32.0,TORGI-GNSS-20180909T111154.346Z.gpkg,0,Control-66
377,378,15,Glonass,30.4,-0.18,94.0,21.0,TORGI-GNSS-20180909T111154.346Z.gpkg,0,Control-66
378,379,5,Glonass,40.5,-0.18,2.0,50.0,TORGI-GNSS-20180909T111154.346Z.gpkg,0,Control-66
379,380,20,Glonass,30.5,-0.18,227.0,61.0,TORGI-GNSS-20180909T111154.346Z.gpkg,0,Control-66
380,381,21,Glonass,32.7,-0.18,317.0,36.0,TORGI-GNSS-20180909T111154.346Z.gpkg,0,Control-66
381,382,4,Glonass,27.2,-0.18,50.0,16.0,TORGI-GNSS-20180909T111154.346Z.gpkg,0,Control-66
382,383,1,GPS,33.7,0.34,313.0,56.0,TORGI-GNSS-20180909T111154.346Z.gpkg,0,Control-66
383,384,3,GPS,36.2,0.34,293.0,27.0,TORGI-GNSS-20180909T111154.346Z.gpkg,0,Control-66
384,385,8,GPS,27.9,0.34,213.0,22.0,TORGI-GNSS-20180909T111154.346Z.gpkg,0,Control-66
385,386,10,GPS,24.7,0.34,84.0,11.0,TORGI-GNSS-20180909T111154.346Z.gpkg,0,Control-66
386,387,11,GPS,38.0,0.34,265.0,59.0,TORGI-GNSS-20180909T111154.346Z.gpkg,0,Control-66
387,388,14,GPS,33.4,0.34,40.0,56.0,TORGI-GNSS-20180909T111154.346Z.gpkg,0,Control-66
388,389,17,GPS,14.1,0.34,326.0,2.0,TORGI-GNSS-20180909T111154.346Z.gpkg,0,Control-66
389,390,18,GPS,37.3,0.34,253.0,82.0,TORGI-GNSS-20180909T111154.346Z.gpkg,0,Control-66
390,391,22,GPS,36.0,0.34,307.0,47.0,TORGI-GNSS-20180909T111154.346Z.gpkg,0,Control-66
391,392,23,GPS,37.9,0.34,232.0,15.0,TORGI-GNSS-20180909T111154.346Z.gpkg,0,Control-66
392,393,31,GPS,40.8,0.34,111.0,41.0,TORGI-GNSS-20180909T111154.346Z.gpkg,0,Control-66
393,394,32,GPS,35.9,0.34,43.0,31.0,TORGI-GNSS-20180909T111154.346Z.gpkg,0,Control-66
394,395,14,Glonass,24.5,-0.01,52.0,16.0,TORGI-GNSS-20180909T111154.346Z.gpkg,0,Control-66
395,396,6,Glonass,26.4,-0.01,281.0,32.0,TORGI-GNSS-20180909T111154.346Z.gpkg,0,Control-66
396,397,15,Glonass,30.3,-0.01,94.0,21.0,TORGI-GNSS-20180909T111154.346Z.gpkg,0,Control-66
397,398,5,Glonass,40.7,-0.01,2.0,50.0,TORGI-GNSS-20180909T111154.346Z.gpkg,0,Control-66
398,399,20,Glonass,30.5,-0.01,227.0,61.0,TORGI-GNSS-20180909T111154.346Z.gpkg,0,Control-66
399,400,21,Glonass,32.4,-0.01,317.0,36.0,TORGI-GNSS-20180909T111154.346Z.gpkg,0,Control-66
400,401,4,Glonass,28.5,-0.01,50.0,16.0,TORGI-GNSS-20180909T111154.346Z.gpkg,0,Control-66
401,402,1,GPS,34.9,0.52,313.0,56.0,TORGI-GNSS-20180909T111154.346Z.gpkg,0,Control-66
402,403,3,GPS,36.0,0.52,293.0,27.0,TORGI-GNSS-20180909T111154.346Z.gpkg,0,Control-66
403,404,8,GPS,26.8,0.52,213.0,22.0,TORGI-GNSS-20180909T111154.346Z.gpkg,0,Control-66
404,405,10,GPS,22.4,0.52,84.0,11.0,TORGI-GNSS-20180909T111154.346Z.gpkg,0,Control-66
405,406,11,GPS,38.2,0.52,265.0,59.0,TORGI-GNSS-20180909T111154.346Z.gpkg,0,Control-66
406,407,14,GPS,34.3,0.52,40.0,56.0,TORGI-GNSS-20180909T111154.346Z.gpkg,0,Control-66
407,408,17,GPS,15.0,0.52,326.0,2.0,TORGI-GNSS-20180909T111154.346Z.gpkg,0,Control-66
408,409,18,GPS,37.5,0.52,253.0,82.0,TORGI-GNSS-20180909T111154.346Z.gpkg,0,Control-66
409,410,22,GPS,36.8,0.52,307.0,47.0,TORGI-GNSS-20180909T111154.346Z.gpkg,0,Control-66
410,411,23,GPS,38.0,0.52,232.0,15.0,TORGI-GNSS-20180909T111154.346Z.gpkg,0,Control-66
411,412,31,GPS,40.2,0.52,111.0,41.0,TORGI-GNSS-20180909T111154.346Z.gpkg,0,Control-66
412,413,32,GPS,37.0,0.52,43.0,31.0,TORGI-GNSS-20180909T111154.346Z.gpkg,0,Control-66
413,414,2,Beidou,27.8,0.17,120.0,28.0,TORGI-GNSS-20180909T111154.346Z.gpkg,0,Control-66
414,415,5,Beidou,19.0,0.17,150.0,45.0,TORGI-GNSS-20180909T111154.346Z.gpkg,0,Control-66
415,416,6,Beidou,20.2,0.17,53.0,12.0,TORGI-GNSS-20180909T111154.346Z.gpkg,0,Control-66
416,417,11,Beidou,34.8,0.17,278.0,42.0,TORGI-GNSS-20180909T111154.346Z.gpkg,0,Control-66
417,418,12,Beidou,23.9,0.17,202.0,35.0,TORGI-GNSS-20180909T111154.346Z.gpkg,0,Control-66
418,419,14,Beidou,22.2,0.17,274.0,18.0,TORGI-GNSS-20180909T111154.346Z.gpkg,0,Control-66
419,420,16,Beidou,16.2,0.17,52.0,16.0,TORGI-GNSS-20180909T111154.346Z.gpkg,0,Control-66
420,421,21,Beidou,34.0,0.17,0.0,0.0,TORGI-GNSS-20180909T111154.346Z.gpkg,0,Control-66
421,422,22,Beidou,35.4,0.17,0.0,0.0,TORGI-GNSS-20180909T111154.346Z.gpkg,0,Control-66
422,423,14,Glonass,23.8,0.94,52.0,16.0,TORGI-GNSS-20180909T111154.346Z.gpkg,0,Control-66
423,424,6,Glonass,26.6,0.94,281.0,32.0,TORGI-GNSS-20180909T111154.346Z.gpkg,0,Control-66
424,425,15,Glonass,29.3,0.94,94.0,21.0,TORGI-GNSS-20180909T111154.346Z.gpkg,0,Control-66
425,426,5,Glonass,40.7,0.94,2.0,50.0,TORGI-GNSS-20180909T111154.346Z.gpkg,0,Control-66
426,427,20,Glonass,31.4,0.94,227.0,61.0,TORGI-GNSS-20180909T111154.346Z.gpkg,0,Control-66
427,428,21,Glonass,32.1,0.94,317.0,36.0,TORGI-GNSS-20180909T111154.346Z.gpkg,0,Control-66
428,429,4,Glonass,27.9,0.94,50.0,16.0,TORGI-GNSS-20180909T111154.346Z.gpkg,0,Control-66
429,430,1,GPS,34.1,1.1,313.0,56.0,TORGI-GNSS-20180909T111154.346Z.gpkg,0,Control-66
430,431,3,GPS,36.1,1.1,293.0,27.0,TORGI-GNSS-20180909T111154.346Z.gpkg,0,Control-66
431,432,8,GPS,25.2,1.1,213.0,22.0,TORGI-GNSS-20180909T111154.346Z.gpkg,0,Control-66
432,433,10,GPS,22.8,1.1,84.0,11.0,TORGI-GNSS-20180909T111154.346Z.gpkg,0,Control-66
433,434,11,GPS,38.6,1.1,265.0,59.0,TORGI-GNSS-20180909T111154.346Z.gpkg,0,Control-66
434,435,14,GPS,35.2,1.1,40.0,56.0,TORGI-GNSS-20180909T111154.346Z.gpkg,0,Control-66
435,436,17,GPS,15.1,1.1,326.0,2.0,TORGI-GNSS-20180909T111154.346Z.gpkg,0,Control-66
436,437,18,GPS,38.4,1.1,253.0,82.0,TORGI-GNSS-20180909T111154.346Z.gpkg,0,Control-66
437,438,22,GPS,36.9,1.1,307.0,47.0,TORGI-GNSS-20180909T111154.346Z.gpkg,0,Control-66
438,439,23,GPS,38.2,1.1,232.0,15.0,TORGI-GNSS-20180909T111154.346Z.gpkg,0,Control-66
439,440,31,GPS,39.9,1.1,111.0,41.0,TORGI-GNSS-20180909T111154.346Z.gpkg,0,Control-66
440,441,32,GPS,37.0,1.1,43.0,31.0,TORGI-GNSS-20180909T111154.346Z.gpkg,0,Control-66
441,442,14,Glonass,19.7,-0.63,52.0,16.0,TORGI-GNSS-20180909T111154.346Z.gpkg,0,Control-66
442,443,6,Glonass,26.3,-0.63,281.0,32.0,TORGI-GNSS-20180909T111154.346Z.gpkg,0,Control-66
443,444,15,Glonass,30.1,-0.63,94.0,21.0,TORGI-GNSS-20180909T111154.346Z.gpkg,0,Control-66
444,445,5,Glonass,40.1,-0.63,2.0,50.0,TORGI-GNSS-20180909T111154.346Z.gpkg,0,Control-66
445,446,20,Glonass,31.8,-0.63,227.0,61.0,TORGI-GNSS-20180909T111154.346Z.gpkg,0,Control-66
446,447,21,Glonass,32.3,-0.63,317.0,36.0,TORGI-GNSS-20180909T111154.346Z.gpkg,0,Control-66
447,448,4,Glonass,25.6,-0.63,50.0,16.0,TORGI-GNSS-20180909T111154.346Z.gpkg,0,Control-66
448,449,1,GPS,35.2,-0.57,313.0,56.0,TORGI-GNSS-20180909T111154.346Z.gpkg,0,Control-66
449,450,3,GPS,36.9,-0.57,293.0,27.0,TORGI-GNSS-20180909T111154.346Z.gpkg,0,Control-66
450,451,10,GPS,22.1,-0.57,84.0,11.0,TORGI-GNSS-20180909T111154.346Z.gpkg,0,Control-66
451,452,11,GPS,39.2,-0.57,265.0,59.0,TORGI-GNSS-20180909T111154.346Z.gpkg,0,Control-66
452,453,14,GPS,34.2,-0.57,40.0,56.0,TORGI-GNSS-20180909T111154.346Z.gpkg,0,Control-66
453,454,18,GPS,38.0,-0.57,253.0,82.0,TORGI-GNSS-20180909T111154.346Z.gpkg,0,Control-66
454,455,22,GPS,38.2,-0.57,307.0,47.0,TORGI-GNSS-20180909T111154.346Z.gpkg,0,Control-66
455,456,23,GPS,37.4,-0.57,232.0,15.0,TORGI-GNSS-20180909T111154.346Z.gpkg,0,Control-66
456,457,31,GPS,40.3,-0.57,111.0,41.0,TORGI-GNSS-20180909T111154.346Z.gpkg,0,Control-66
457,458,32,GPS,36.2,-0.57,43.0,31.0,TORGI-GNSS-20180909T111154.346Z.gpkg,0,Control-66
458,459,2,Beidou,25.8,-0.74,120.0,28.0,TORGI-GNSS-20180909T111154.346Z.gpkg,0,Control-66
459,460,5,Beidou,18.5,-0.74,150.0,45.0,TORGI-GNSS-20180909T111154.346Z.gpkg,0,Control-66
460,461,6,Beidou,18.5,-0.74,53.0,12.0,TORGI-GNSS-20180909T111154.346Z.gpkg,0,Control-66
461,462,11,Beidou,35.9,-0.74,278.0,42.0,TORGI-GNSS-20180909T111154.346Z.gpkg,0,Control-66
462,463,12,Beidou,21.4,-0.74,202.0,35.0,TORGI-GNSS-20180909T111154.346Z.gpkg,0,Control-66
463,464,14,Beidou,24.3,-0.74,274.0,18.0,TORGI-GNSS-20180909T111154.346Z.gpkg,0,Control-66
464,465,16,Beidou,16.0,-0.74,52.0,16.0,TORGI-GNSS-20180909T111154.346Z.gpkg,0,Control-66
465,466,21,Beidou,34.8,-0.74,0.0,0.0,TORGI-GNSS-20180909T111154.346Z.gpkg,0,Control-66
466,467,22,Beidou,36.8,-0.74,0.0,0.0,TORGI-GNSS-20180909T111154.346Z.gpkg,0,Control-66
467,468,14,Glonass,19.7,-0.63,52.0,16.0,TORGI-GNSS-20180909T111154.346Z.gpkg,0,Control-66
468,469,6,Glonass,29.4,-0.63,281.0,32.0,TORGI-GNSS-20180909T111154.346Z.gpkg,0,Control-66
469,470,15,Glonass,30.1,-0.63,94.0,21.0,TORGI-GNSS-20180909T111154.346Z.gpkg,0,Control-66
470,471,5,Glonass,41.2,-0.63,2.0,50.0,TORGI-GNSS-20180909T111154.346Z.gpkg,0,Control-66
471,472,20,Glonass,33.1,-0.63,227.0,61.0,TORGI-GNSS-20180909T111154.346Z.gpkg,0,Control-66
472,473,21,Glonass,34.8,-0.63,317.0,36.0,TORGI-GNSS-20180909T111154.346Z.gpkg,0,Control-66
473,474,4,Glonass,25.6,-0.63,50.0,16.0,TORGI-GNSS-20180909T111154.346Z.gpkg,0,Control-66
474,475,1,GPS,36.6,-0.57,313.0,56.0,TORGI-GNSS-20180909T111154.346Z.gpkg,0,Control-66
475,476,3,GPS,39.5,-0.57,293.0,27.0,TORGI-GNSS-20180909T111154.346Z.gpkg,0,Control-66
476,477,10,GPS,22.1,-0.57,84.0,11.0,TORGI-GNSS-20180909T111154.346Z.gpkg,0,Control-66
477,478,11,GPS,39.8,-0.57,265.0,59.0,TORGI-GNSS-20180909T111154.346Z.gpkg,0,Control-66
478,479,14,GPS,35.8,-0.57,40.0,56.0,TORGI-GNSS-20180909T111154.346Z.gpkg,0,Control-66
479,480,18,GPS,39.0,-0.57,253.0,82.0,TORGI-GNSS-20180909T111154.346Z.gpkg,0,Control-66
480,481,22,GPS,40.0,-0.57,307.0,47.0,TORGI-GNSS-20180909T111154.346Z.gpkg,0,Control-66
481,482,23,GPS,37.9,-0.57,232.0,15.0,TORGI-GNSS-20180909T111154.346Z.gpkg,0,Control-66
482,483,31,GPS,40.9,-0.57,111.0,41.0,TORGI-GNSS-20180909T111154.346Z.gpkg,0,Control-66
483,484,32,GPS,34.5,-0.57,43.0,31.0,TORGI-GNSS-20180909T111154.346Z.gpkg,0,Control-66
484,485,6,Glonass,30.5,-0.63,281.0,32.0,TORGI-GNSS-20180909T111154.346Z.gpkg,0,Control-66
485,486,15,Glonass,30.9,-0.63,94.0,21.0,TORGI-GNSS-20180909T111154.346Z.gpkg,0,Control-66
486,487,5,Glonass,40.6,-0.63,2.0,50.0,TORGI-GNSS-20180909T111154.346Z.gpkg,0,Control-66
487,488,20,Glonass,32.1,-0.63,227.0,61.0,TORGI-GNSS-20180909T111154.346Z.gpkg,0,Control-66
488,489,21,Glonass,34.5,-0.63,317.0,36.0,TORGI-GNSS-20180909T111154.346Z.gpkg,0,Control-66
489,490,4,Glonass,29.3,-0.63,50.0,16.0,TORGI-GNSS-20180909T111154.346Z.gpkg,0,Control-66
490,491,1,GPS,34.8,-0.57,313.0,56.0,TORGI-GNSS-20180909T111154.346Z.gpkg,0,Control-66
491,492,3,GPS,39.4,-0.57,293.0,27.0,TORGI-GNSS-20180909T111154.346Z.gpkg,0,Control-66
492,493,11,GPS,39.2,-0.57,265.0,59.0,TORGI-GNSS-20180909T111154.346Z.gpkg,0,Control-66
493,494,14,GPS,34.2,-0.57,40.0,56.0,TORGI-GNSS-20180909T111154.346Z.gpkg,0,Control-66
494,495,18,GPS,37.7,-0.57,253.0,82.0,TORGI-GNSS-20180909T111154.346Z.gpkg,0,Control-66
495,496,22,GPS,40.4,-0.57,307.0,47.0,TORGI-GNSS-20180909T111154.346Z.gpkg,0,Control-66
496,497,23,GPS,37.4,-0.57,232.0,15.0,TORGI-GNSS-20180909T111154.346Z.gpkg,0,Control-66
497,498,31,GPS,41.6,-0.57,111.0,41.0,TORGI-GNSS-20180909T111154.346Z.gpkg,0,Control-66
498,499,32,GPS,36.3,-0.57,43.0,31.0,TORGI-GNSS-20180909T111154.346Z.gpkg,0,Control-66
499,500,6,Glonass,30.2,-0.63,281.0,32.0,TORGI-GNSS-20180909T111154.346Z.gpkg,0,Control-66
500,501,15,Glonass,30.9,-0.63,94.0,21.0,TORGI-GNSS-20180909T111154.346Z.gpkg,0,Control-66
501,502,5,Glonass,41.6,-0.63,2.0,50.0,TORGI-GNSS-20180909T111154.346Z.gpkg,0,Control-66
502,503,20,Glonass,34.3,-0.63,227.0,61.0,TORGI-GNSS-20180909T111154.346Z.gpkg,0,Control-66
503,504,21,Glonass,36.6,-0.63,317.0,36.0,TORGI-GNSS-20180909T111154.346Z.gpkg,0,Control-66
504,505,4,Glonass,28.4,-0.63,50.0,16.0,TORGI-GNSS-20180909T111154.346Z.gpkg,0,Control-66
505,506,1,GPS,35.3,-0.57,313.0,56.0,TORGI-GNSS-20180909T111154.346Z.gpkg,0,Control-66
506,507,3,GPS,40.0,-0.57,293.0,27.0,TORGI-GNSS-20180909T111154.346Z.gpkg,0,Control-66
507,508,11,GPS,40.1,-0.57,265.0,59.0,TORGI-GNSS-20180909T111154.346Z.gpkg,0,Control-66
508,509,14,GPS,34.7,-0.57,40.0,56.0,TORGI-GNSS-20180909T111154.346Z.gpkg,0,Control-66
509,510,18,GPS,37.8,-0.57,253.0,82.0,TORGI-GNSS-20180909T111154.346Z.gpkg,0,Control-66
510,511,22,GPS,40.1,-0.57,307.0,47.0,TORGI-GNSS-20180909T111154.346Z.gpkg,0,Control-66
511,512,23,GPS,37.5,-0.57,232.0,15.0,TORGI-GNSS-20180909T111154.346Z.gpkg,0,Control-66
512,513,31,GPS,41.5,-0.57,111.0,41.0,TORGI-GNSS-20180909T111154.346Z.gpkg,0,Control-66
513,514,32,GPS,35.1,-0.57,43.0,31.0,TORGI-GNSS-20180909T111154.346Z.gpkg,0,Control-66
514,515,15,Glonass,32.3,-0.63,94.0,21.0,TORGI-GNSS-20180909T111154.346Z.gpkg,0,Control-66
515,516,5,Glonass,42.3,-0.63,2.0,50.0,TORGI-GNSS-20180909T111154.346Z.gpkg,0,Control-66
516,517,20,Glonass,33.0,-0.63,227.0,61.0,TORGI-GNSS-20180909T111154.346Z.gpkg,0,Control-66
517,518,21,Glonass,37.2,-0.63,317.0,36.0,TORGI-GNSS-20180909T111154.346Z.gpkg,0,Control-66
518,519,4,Glonass,32.4,-0.63,50.0,16.0,TORGI-GNSS-20180909T111154.346Z.gpkg,0,Control-66
519,520,1,GPS,37.9,-0.57,313.0,56.0,TORGI-GNSS-20180909T111154.346Z.gpkg,0,Control-66
520,521,3,GPS,40.5,-0.57,293.0,27.0,TORGI-GNSS-20180909T111154.346Z.gpkg,0,Control-66
521,522,11,GPS,35.3,-0.57,265.0,59.0,TORGI-GNSS-20180909T111154.346Z.gpkg,0,Control-66
522,523,14,GPS,36.0,-0.57,40.0,56.0,TORGI-GNSS-20180909T111154.346Z.gpkg,0,Control-66
523,524,18,GPS,40.2,-0.57,253.0,82.0,TORGI-GNSS-20180909T111154.346Z.gpkg,0,Control-66
524,525,22,GPS,39.7,-0.57,307.0,47.0,TORGI-GNSS-20180909T111154.346Z.gpkg,0,Control-66
525,526,23,GPS,37.8,-0.57,232.0,15.0,TORGI-GNSS-20180909T111154.346Z.gpkg,0,Control-66
526,527,31,GPS,42.4,-0.57,111.0,41.0,TORGI-GNSS-20180909T111154.346Z.gpkg,0,Control-66
527,528,32,GPS,35.7,-0.57,43.0,31.0,TORGI-GNSS-20180909T111154.346Z.gpkg,0,Control-66
528,529,6,Glonass,28.0,-0.63,281.0,32.0,TORGI-GNSS-20180909T111154.346Z.gpkg,0,Control-66
529,530,15,Glonass,29.9,-0.63,94.0,21.0,TORGI-GNSS-20180909T111154.346Z.gpkg,0,Control-66
530,531,5,Glonass,42.1,-0.63,2.0,50.0,TORGI-GNSS-20180909T111154.346Z.gpkg,0,Control-66
531,532,20,Glonass,30.7,-0.63,227.0,61.0,TORGI-GNSS-20180909T111154.346Z.gpkg,0,Control-66
532,533,21,Glonass,36.3,-0.63,317.0,36.0,TORGI-GNSS-20180909T111154.346Z.gpkg,0,Control-66
533,534,4,Glonass,29.9,-0.63,50.0,16.0,TORGI-GNSS-20180909T111154.346Z.gpkg,0,Control-66
534,535,1,GPS,35.6,-0.57,313.0,56.0,TORGI-GNSS-20180909T111154.346Z.gpkg,0,Control-66
535,536,3,GPS,34.6,-0.57,293.0,27.0,TORGI-GNSS-20180909T111154.346Z.gpkg,0,Control-66
536,537,8,GPS,26.0,-0.57,213.0,22.0,TORGI-GNSS-20180909T111154.346Z.gpkg,0,Control-66
537,538,10,GPS,29.7,-0.57,84.0,11.0,TORGI-GNSS-20180909T111154.346Z.gpkg,0,Control-66
538,539,11,GPS,34.1,-0.57,265.0,59.0,TORGI-GNSS-20180909T111154.346Z.gpkg,0,Control-66
539,540,14,GPS,35.6,-0.57,40.0,56.0,TORGI-GNSS-20180909T111154.346Z.gpkg,0,Control-66
540,541,18,GPS,38.5,-0.57,253.0,82.0,TORGI-GNSS-20180909T111154.346Z.gpkg,0,Control-66
541,542,22,GPS,38.0,-0.57,307.0,47.0,TORGI-GNSS-20180909T111154.346Z.gpkg,0,Control-66
542,543,23,GPS,37.7,-0.57,232.0,15.0,TORGI-GNSS-20180909T111154.346Z.gpkg,0,Control-66
543,544,31,GPS,43.0,-0.57,111.0,41.0,TORGI-GNSS-20180909T111154.346Z.gpkg,0,Control-66
544,545,32,GPS,32.8,-0.57,43.0,31.0,TORGI-GNSS-20180909T111154.346Z.gpkg,0,Control-66
545,546,6,Glonass,27.3,-0.63,281.0,32.0,TORGI-GNSS-20180909T111154.346Z.gpkg,0,Control-66
546,547,15,Glonass,31.0,-0.63,94.0,21.0,TORGI-GNSS-20180909T111154.346Z.gpkg,0,Control-66
547,548,5,Glonass,42.8,-0.63,2.0,50.0,TORGI-GNSS-20180909T111154.346Z.gpkg,0,Control-66
548,549,20,Glonass,32.4,-0.63,227.0,61.0,TORGI-GNSS-20180909T111154.346Z.gpkg,0,Control-66
549,550,21,Glonass,36.5,-0.63,317.0,36.0,TORGI-GNSS-20180909T111154.346Z.gpkg,0,Control-66
550,551,4,Glonass,31.2,-0.63,50.0,16.0,TORGI-GNSS-20180909T111154.346Z.gpkg,0,Control-66
551,552,1,GPS,36.0,-0.57,313.0,56.0,TORGI-GNSS-20180909T111154.346Z.gpkg,0,Control-66
552,553,3,GPS,34.7,-0.57,293.0,27.0,TORGI-GNSS-20180909T111154.346Z.gpkg,0,Control-66
553,554,8,GPS,29.3,-0.57,213.0,22.0,TORGI-GNSS-20180909T111154.346Z.gpkg,0,Control-66
554,555,10,GPS,31.2,-0.57,84.0,11.0,TORGI-GNSS-20180909T111154.346Z.gpkg,0,Control-66
555,556,11,GPS,35.6,-0.57,265.0,59.0,TORGI-GNSS-20180909T111154.346Z.gpkg,0,Control-66
556,557,14,GPS,37.1,-0.57,40.0,56.0,TORGI-GNSS-20180909T111154.346Z.gpkg,0,Control-66
557,558,18,GPS,38.5,-0.57,253.0,82.0,TORGI-GNSS-20180909T111154.346Z.gpkg,0,Control-66
558,559,22,GPS,38.8,-0.57,307.0,47.0,TORGI-GNSS-20180909T111154.346Z.gpkg,0,Control-66
559,560,23,GPS,37.4,-0.57,232.0,15.0,TORGI-GNSS-20180909T111154.346Z.gpkg,0,Control-66
560,561,31,GPS,43.9,-0.57,111.0,41.0,TORGI-GNSS-20180909T111154.346Z.gpkg,0,Control-66
561,562,32,GPS,32.4,-0.57,43.0,31.0,TORGI-GNSS-20180909T111154.346Z.gpkg,0,Control-66
562,563,6,Glonass,28.2,-0.63,281.0,32.0,TORGI-GNSS-20180909T111154.346Z.gpkg,0,Control-66
563,564,15,Glonass,30.2,-0.63,94.0,21.0,TORGI-GNSS-20180909T111154.346Z.gpkg,0,Control-66
564,565,5,Glonass,43.2,-0.63,2.0,50.0,TORGI-GNSS-20180909T111154.346Z.gpkg,0,Control-66
565,566,20,Glonass,32.9,-0.63,227.0,61.0,TORGI-GNSS-20180909T111154.346Z.gpkg,0,Control-66
566,567,21,Glonass,37.0,-0.63,317.0,36.0,TORGI-GNSS-20180909T111154.346Z.gpkg,0,Control-66
567,568,4,Glonass,31.4,-0.63,50.0,16.0,TORGI-GNSS-20180909T111154.346Z.gpkg,0,Control-66
568,569,1,GPS,36.8,-0.57,313.0,56.0,TORGI-GNSS-20180909T111154.346Z.gpkg,0,Control-66
569,570,3,GPS,35.4,-0.57,293.0,27.0,TORGI-GNSS-20180909T111154.346Z.gpkg,0,Control-66
570,571,10,GPS,32.1,-0.57,84.0,11.0,TORGI-GNSS-20180909T111154.346Z.gpkg,0,Control-66
571,572,11,GPS,36.0,-0.57,265.0,59.0,TORGI-GNSS-20180909T111154.346Z.gpkg,0,Control-66
572,573,14,GPS,36.4,-0.57,40.0,56.0,TORGI-GNSS-20180909T111154.346Z.gpkg,0,Control-66
573,574,18,GPS,38.5,-0.57,253.0,82.0,TORGI-GNSS-20180909T111154.346Z.gpkg,0,Control-66
574,575,22,GPS,38.9,-0.57,307.0,47.0,TORGI-GNSS-20180909T111154.346Z.gpkg,0,Control-66
575,576,23,GPS,38.4,-0.57,232.0,15.0,TORGI-GNSS-20180909T111154.346Z.gpkg,0,Control-66
576,577,31,GPS,43.6,-0.57,111.0,41.0,TORGI-GNSS-20180909T111154.346Z.gpkg,0,Control-66
577,578,32,GPS,33.4,-0.57,43.0,31.0,TORGI-GNSS-20180909T111154.346Z.gpkg,0,Control-66
578,579,15,Glonass,25.5,-0.63,94.0,21.0,TORGI-GNSS-20180909T111154.346Z.gpkg,0,Control-66
579,580,5,Glonass,36.8,-0.63,2.0,50.0,TORGI-GNSS-20180909T111154.346Z.gpkg,0,Control-66
580,581,20,Glonass,37.8,-0.63,227.0,61.0,TORGI-GNSS-20180909T111154.346Z.gpkg,0,Control-66
581,582,21,Glonass,26.1,-0.63,317.0,36.0,TORGI-GNSS-20180909T111154.346Z.gpkg,0,Control-66
582,583,4,Glonass,27.9,-0.63,50.0,16.0,TORGI-GNSS-20180909T111154.346Z.gpkg,0,Control-66
583,584,1,GPS,36.6,-0.57,313.0,56.0,TORGI-GNSS-20180909T111154.346Z.gpkg,0,Control-66
584,585,11,GPS,43.3,-0.57,265.0,59.0,TORGI-GNSS-20180909T111154.346Z.gpkg,0,Control-66
585,586,14,GPS,31.2,-0.57,40.0,56.0,TORGI-GNSS-20180909T111154.346Z.gpkg,0,Control-66
586,587,18,GPS,40.0,-0.57,253.0,82.0,TORGI-GNSS-20180909T111154.346Z.gpkg,0,Control-66
587,588,22,GPS,30.8,-0.57,307.0,47.0,TORGI-GNSS-20180909T111154.346Z.gpkg,0,Control-66
588,589,23,GPS,35.1,-0.57,232.0,15.0,TORGI-GNSS-20180909T111154.346Z.gpkg,0,Control-66
589,590,31,GPS,40.4,-0.57,111.0,41.0,TORGI-GNSS-20180909T111154.346Z.gpkg,0,Control-66
590,591,5,Glonass,39.9,-0.63,2.0,50.0,TORGI-GNSS-20180909T111154.346Z.gpkg,0,Control-66
591,592,20,Glonass,36.7,-0.63,227.0,61.0,TORGI-GNSS-20180909T111154.346Z.gpkg,0,Control-66
592,593,21,Glonass,34.4,-0.63,317.0,36.0,TORGI-GNSS-20180909T111154.346Z.gpkg,0,Control-66
593,594,4,Glonass,31.7,-0.63,50.0,16.0,TORGI-GNSS-20180909T111154.346Z.gpkg,0,Control-66
594,595,1,GPS,39.4,-0.57,313.0,56.0,TORGI-GNSS-20180909T111154.346Z.gpkg,0,Control-66
595,596,3,GPS,27.8,-0.57,293.0,27.0,TORGI-GNSS-20180909T111154.346Z.gpkg,0,Control-66
596,597,8,GPS,27.8,-0.57,213.0,22.0,TORGI-GNSS-20180909T111154.346Z.gpkg,0,Control-66
597,598,11,GPS,42.4,-0.57,265.0,59.0,TORGI-GNSS-20180909T111154.346Z.gpkg,0,Control-66
598,599,14,GPS,35.5,-0.57,40.0,56.0,TORGI-GNSS-20180909T111154.346Z.gpkg,0,Control-66
599,600,18,GPS,42.0,-0.57,253.0,82.0,TORGI-GNSS-20180909T111154.346Z.gpkg,0,Control-66
600,601,22,GPS,34.4,-0.57,307.0,47.0,TORGI-GNSS-20180909T111154.346Z.gpkg,0,Control-66
601,602,23,GPS,33.0,-0.57,232.0,15.0,TORGI-GNSS-20180909T111154.346Z.gpkg,0,Control-66
602,603,31,GPS,36.6,-0.57,111.0,41.0,TORGI-GNSS-20180909T111154.346Z.gpkg,0,Control-66
603,604,6,Glonass,29.6,-0.63,281.0,32.0,TORGI-GNSS-20180909T111154.346Z.gpkg,0,Control-66
604,605,15,Glonass,31.9,-0.63,94.0,21.0,TORGI-GNSS-20180909T111154.346Z.gpkg,0,Control-66
605,606,5,Glonass,40.1,-0.63,2.0,50.0,TORGI-GNSS-20180909T111154.346Z.gpkg,0,Control-66
606,607,20,Glonass,33.9,-0.63,227.0,61.0,TORGI-GNSS-20180909T111154.346Z.gpkg,0,Control-66
607,608,21,Glonass,37.5,-0.63,317.0,36.0,TORGI-GNSS-20180909T111154.346Z.gpkg,0,Control-66
608,609,4,Glonass,31.5,-0.63,50.0,16.0,TORGI-GNSS-20180909T111154.346Z.gpkg,0,Control-66
609,610,1,GPS,40.6,-0.57,313.0,56.0,TORGI-GNSS-20180909T111154.346Z.gpkg,0,Control-66
610,611,3,GPS,35.5,-0.57,293.0,27.0,TORGI-GNSS-20180909T111154.346Z.gpkg,0,Control-66
611,612,8,GPS,33.5,-0.57,213.0,22.0,TORGI-GNSS-20180909T111154.346Z.gpkg,0,Control-66
612,613,10,GPS,27.3,-0.57,84.0,11.0,TORGI-GNSS-20180909T111154.346Z.gpkg,0,Control-66
613,614,11,GPS,42.4,-0.57,265.0,59.0,TORGI-GNSS-20180909T111154.346Z.gpkg,0,Control-66
614,615,14,GPS,35.8,-0.57,40.0,56.0,TORGI-GNSS-20180909T111154.346Z.gpkg,0,Control-66
615,616,18,GPS,39.8,-0.57,253.0,82.0,TORGI-GNSS-20180909T111154.346Z.gpkg,0,Control-66
616,617,22,GPS,41.4,-0.57,307.0,47.0,TORGI-GNSS-20180909T111154.346Z.gpkg,0,Control-66
617,618,23,GPS,31.8,-0.57,232.0,15.0,TORGI-GNSS-20180909T111154.346Z.gpkg,0,Control-66
618,619,31,GPS,36.0,-0.57,111.0,41.0,TORGI-GNSS-20180909T111154.346Z.gpkg,0,Control-66
619,620,32,GPS,31.8,-0.57,43.0,31.0,TORGI-GNSS-20180909T111154.346Z.gpkg,0,Control-66
620,621,14,Glonass,27.2,-0.63,52.0,16.0,TORGI-GNSS-20180909T111154.346Z.gpkg,0,Control-66
621,622,15,Glonass,29.9,-0.63,94.0,21.0,TORGI-GNSS-20180909T111154.346Z.gpkg,0,Control-66
622,623,5,Glonass,38.2,-0.63,2.0,50.0,TORGI-GNSS-20180909T111154.346Z.gpkg,0,Control-66
623,624,20,Glonass,32.0,-0.63,227.0,61.0,TORGI-GNSS-20180909T111154.346Z.gpkg,0,Control-66
624,625,21,Glonass,34.0,-0.63,317.0,36.0,TORGI-GNSS-20180909T111154.346Z.gpkg,0,Control-66
625,626,4,Glonass,28.7,-0.63,50.0,16.0,TORGI-GNSS-20180909T111154.346Z.gpkg,0,Control-66
626,627,1,GPS,40.4,-0.57,313.0,56.0,TORGI-GNSS-20180909T111154.346Z.gpkg,0,Control-66
627,628,3,GPS,27.0,-0.57,293.0,27.0,TORGI-GNSS-20180909T111154.346Z.gpkg,0,Control-66
628,629,8,GPS,38.7,-0.57,213.0,22.0,TORGI-GNSS-20180909T111154.346Z.gpkg,0,Control-66
629,630,10,GPS,33.2,-0.57,84.0,11.0,TORGI-GNSS-20180909T111154.346Z.gpkg,0,Control-66
630,631,11,GPS,30.2,-0.57,265.0,59.0,TORGI-GNSS-20180909T111154.346Z.gpkg,0,Control-66
631,632,14,GPS,35.1,-0.57,40.0,56.0,TORGI-GNSS-20180909T111154.346Z.gpkg,0,Control-66
632,633,18,GPS,35.8,-0.57,253.0,82.0,TORGI-GNSS-20180909T111154.346Z.gpkg,0,Control-66
633,634,22,GPS,34.7,-0.57,307.0,47.0,TORGI-GNSS-20180909T111154.346Z.gpkg,0,Control-66
634,635,23,GPS,34.0,-0.57,232.0,15.0,TORGI-GNSS-20180909T111154.346Z.gpkg,0,Control-66
635,636,31,GPS,38.1,-0.57,111.0,41.0,TORGI-GNSS-20180909T111154.346Z.gpkg,0,Control-66
636,637,32,GPS,39.9,-0.57,43.0,31.0,TORGI-GNSS-20180909T111154.346Z.gpkg,0,Control-66
637,638,14,Glonass,30.3,-0.63,52.0,16.0,TORGI-GNSS-20180909T111154.346Z.gpkg,0,Control-66
638,639,15,Glonass,29.9,-0.63,94.0,21.0,TORGI-GNSS-20180909T111154.346Z.gpkg,0,Control-66
639,640,5,Glonass,40.7,-0.63,2.0,50.0,TORGI-GNSS-20180909T111154.346Z.gpkg,0,Control-66
640,641,20,Glonass,32.0,-0.63,227.0,61.0,TORGI-GNSS-20180909T111154.346Z.gpkg,0,Control-66
641,642,21,Glonass,36.9,-0.63,317.0,36.0,TORGI-GNSS-20180909T111154.346Z.gpkg,0,Control-66
642,643,4,Glonass,33.1,-0.63,50.0,16.0,TORGI-GNSS-20180909T111154.346Z.gpkg,0,Control-66
643,644,1,GPS,38.3,-0.57,313.0,56.0,TORGI-GNSS-20180909T111154.346Z.gpkg,0,Control-66
644,645,3,GPS,38.1,-0.57,293.0,27.0,TORGI-GNSS-20180909T111154.346Z.gpkg,0,Control-66
645,646,8,GPS,26.4,-0.57,213.0,22.0,TORGI-GNSS-20180909T111154.346Z.gpkg,0,Control-66
646,647,11,GPS,34.6,-0.57,265.0,59.0,TORGI-GNSS-20180909T111154.346Z.gpkg,0,Control-66
647,648,14,GPS,30.0,-0.57,40.0,56.0,TORGI-GNSS-20180909T111154.346Z.gpkg,0,Control-66
648,649,18,GPS,34.7,-0.57,253.0,82.0,TORGI-GNSS-20180909T111154.346Z.gpkg,0,Control-66
649,650,22,GPS,36.7,-0.57,307.0,47.0,TORGI-GNSS-20180909T111154.346Z.gpkg,0,Control-66
650,651,23,GPS,27.5,-0.57,232.0,15.0,TORGI-GNSS-20180909T111154.346Z.gpkg,0,Control-66
651,652,31,GPS,38.2,-0.57,111.0,41.0,TORGI-GNSS-20180909T111154.346Z.gpkg,0,Control-66
652,653,32,GPS,35.1,-0.57,43.0,31.0,TORGI-GNSS-20180909T111154.346Z.gpkg,0,Control-66
653,654,14,Glonass,24.9,-0.63,52.0,16.0,TORGI-GNSS-20180909T111154.346Z.gpkg,0,Control-66
654,655,6,Glonass,27.6,-0.63,281.0,32.0,TORGI-GNSS-20180909T111154.346Z.gpkg,0,Control-66
655,656,5,Glonass,28.3,-0.63,2.0,50.0,TORGI-GNSS-20180909T111154.346Z.gpkg,0,Control-66
656,657,20,Glonass,28.2,-0.63,227.0,61.0,TORGI-GNSS-20180909T111154.346Z.gpkg,0,Control-66
657,658,21,Glonass,37.2,-0.63,317.0,36.0,TORGI-GNSS-20180909T111154.346Z.gpkg,0,Control-66
658,659,1,GPS,34.6,-0.57,313.0,56.0,TORGI-GNSS-20180909T111154.346Z.gpkg,0,Control-66
659,660,3,GPS,38.2,-0.57,293.0,27.0,TORGI-GNSS-20180909T111154.346Z.gpkg,0,Control-66
660,661,8,GPS,35.2,-0.57,213.0,22.0,TORGI-GNSS-20180909T111154.346Z.gpkg,0,Control-66
661,662,10,GPS,25.1,-0.57,84.0,11.0,TORGI-GNSS-20180909T111154.346Z.gpkg,0,Control-66
662,663,11,GPS,35.9,-0.57,265.0,59.0,TORGI-GNSS-20180909T111154.346Z.gpkg,0,Control-66
663,664,14,GPS,28.8,-0.57,40.0,56.0,TORGI-GNSS-20180909T111154.346Z.gpkg,0,Control-66
664,665,18,GPS,32.7,-0.57,253.0,82.0,TORGI-GNSS-20180909T111154.346Z.gpkg,0,Control-66
665,666,22,GPS,27.9,-0.57,307.0,47.0,TORGI-GNSS-20180909T111154.346Z.gpkg,0,Control-66
666,667,23,GPS,33.2,-0.57,232.0,15.0,TORGI-GNSS-20180909T111154.346Z.gpkg,0,Control-66
667,668,31,GPS,26.4,-0.57,111.0,41.0,TORGI-GNSS-20180909T111154.346Z.gpkg,0,Control-66
668,669,32,GPS,25.8,-0.57,43.0,31.0,TORGI-GNSS-20180909T111154.346Z.gpkg,0,Control-66
669,670,14,Glonass,28.1,-0.63,52.0,16.0,TORGI-GNSS-20180909T111154.346Z.gpkg,0,Control-66
670,671,6,Glonass,24.7,-0.63,281.0,32.0,TORGI-GNSS-20180909T111154.346Z.gpkg,0,Control-66
671,672,15,Glonass,25.1,-0.63,94.0,21.0,TORGI-GNSS-20180909T111154.346Z.gpkg,0,Control-66
672,673,5,Glonass,36.7,-0.63,2.0,50.0,TORGI-GNSS-20180909T111154.346Z.gpkg,0,Control-66
673,674,20,Glonass,29.9,-0.63,227.0,61.0,TORGI-GNSS-20180909T111154.346Z.gpkg,0,Control-66
674,675,21,Glonass,32.3,-0.63,317.0,36.0,TORGI-GNSS-20180909T111154.346Z.gpkg,0,Control-66
675,676,1,GPS,36.0,-0.57,313.0,56.0,TORGI-GNSS-20180909T111154.346Z.gpkg,0,Control-66
676,677,3,GPS,37.1,-0.57,293.0,27.0,TORGI-GNSS-20180909T111154.346Z.gpkg,0,Control-66
677,678,8,GPS,33.2,-0.57,213.0,22.0,TORGI-GNSS-20180909T111154.346Z.gpkg,0,Control-66
678,679,10,GPS,28.1,-0.57,84.0,11.0,TORGI-GNSS-20180909T111154.346Z.gpkg,0,Control-66
679,680,11,GPS,36.0,-0.57,265.0,59.0,TORGI-GNSS-20180909T111154.346Z.gpkg,0,Control-66
680,681,14,GPS,31.3,-0.57,40.0,56.0,TORGI-GNSS-20180909T111154.346Z.gpkg,0,Control-66
681,682,18,GPS,34.4,-0.57,253.0,82.0,TORGI-GNSS-20180909T111154.346Z.gpkg,0,Control-66
682,683,22,GPS,33.9,-0.57,307.0,47.0,TORGI-GNSS-20180909T111154.346Z.gpkg,0,Control-66
683,684,23,GPS,31.3,-0.57,232.0,15.0,TORGI-GNSS-20180909T111154.346Z.gpkg,0,Control-66
684,685,31,GPS,34.5,-0.57,111.0,41.0,TORGI-GNSS-20180909T111154.346Z.gpkg,0,Control-66
685,686,32,GPS,29.2,-0.57,43.0,31.0,TORGI-GNSS-20180909T111154.346Z.gpkg,0,Control-66
686,687,6,Glonass,29.5,-0.63,281.0,32.0,TORGI-GNSS-20180909T111154.346Z.gpkg,0,Control-66
687,688,5,Glonass,35.8,-0.63,2.0,50.0,TORGI-GNSS-20180909T111154.346Z.gpkg,0,Control-66
688,689,20,Glonass,35.1,-0.63,227.0,61.0,TORGI-GNSS-20180909T111154.346Z.gpkg,0,Control-66
689,690,21,Glonass,35.4,-0.63,317.0,36.0,TORGI-GNSS-20180909T111154.346Z.gpkg,0,Control-66
690,691,4,Glonass,26.1,-0.63,50.0,16.0,TORGI-GNSS-20180909T111154.346Z.gpkg,0,Control-66
691,692,1,GPS,39.1,-0.57,313.0,56.0,TORGI-GNSS-20180909T111154.346Z.gpkg,0,Control-66
692,693,3,GPS,36.0,-0.57,293.0,27.0,TORGI-GNSS-20180909T111154.346Z.gpkg,0,Control-66
693,694,8,GPS,29.5,-0.57,213.0,22.0,TORGI-GNSS-20180909T111154.346Z.gpkg,0,Control-66
694,695,11,GPS,41.4,-0.57,265.0,59.0,TORGI-GNSS-20180909T111154.346Z.gpkg,0,Control-66
695,696,14,GPS,30.4,-0.57,40.0,56.0,TORGI-GNSS-20180909T111154.346Z.gpkg,0,Control-66
696,697,18,GPS,40.5,-0.57,253.0,82.0,TORGI-GNSS-20180909T111154.346Z.gpkg,0,Control-66
697,698,22,GPS,39.6,-0.57,307.0,47.0,TORGI-GNSS-20180909T111154.346Z.gpkg,0,Control-66
698,699,23,GPS,35.5,-0.57,232.0,15.0,TORGI-GNSS-20180909T111154.346Z.gpkg,0,Control-66
699,700,31,GPS,36.5,-0.57,111.0,41.0,TORGI-GNSS-20180909T111154.346Z.gpkg,0,Control-66
700,701,14,Glonass,25.9,-0.63,52.0,16.0,TORGI-GNSS-20180909T111154.346Z.gpkg,0,Control-66
701,702,6,Glonass,31.6,-0.63,281.0,32.0,TORGI-GNSS-20180909T111154.346Z.gpkg,0,Control-66
702,703,5,Glonass,37.0,-0.63,2.0,50.0,TORGI-GNSS-20180909T111154.346Z.gpkg,0,Control-66
703,704,20,Glonass,32.7,-0.63,227.0,61.0,TORGI-GNSS-20180909T111154.346Z.gpkg,0,Control-66
704,705,21,Glonass,35.9,-0.63,317.0,36.0,TORGI-GNSS-20180909T111154.346Z.gpkg,0,Control-66
705,706,4,Glonass,30.4,-0.63,50.0,16.0,TORGI-GNSS-20180909T111154.346Z.gpkg,0,Control-66
706,707,1,GPS,38.1,-0.57,313.0,56.0,TORGI-GNSS-20180909T111154.346Z.gpkg,0,Control-66
707,708,3,GPS,39.5,-0.57,293.0,27.0,TORGI-GNSS-20180909T111154.346Z.gpkg,0,Control-66
708,709,11,GPS,41.6,-0.57,265.0,59.0,TORGI-GNSS-20180909T111154.346Z.gpkg,0,Control-66
709,710,14,GPS,31.9,-0.57,40.0,56.0,TORGI-GNSS-20180909T111154.346Z.gpkg,0,Control-66
710,711,18,GPS,38.8,-0.57,253.0,82.0,TORGI-GNSS-20180909T111154.346Z.gpkg,0,Control-66
711,712,22,GPS,40.2,-0.57,307.0,47.0,TORGI-GNSS-20180909T111154.346Z.gpkg,0,Control-66
712,713,23,GPS,35.2,-0.57,232.0,15.0,TORGI-GNSS-20180909T111154.346Z.gpkg,0,Control-66
713,714,31,GPS,36.8,-0.57,111.0,41.0,TORGI-GNSS-20180909T111154.346Z.gpkg,0,Control-66
714,715,32,GPS,29.0,-0.57,43.0,31.0,TORGI-GNSS-20180909T111154.346Z.gpkg,0,Control-66
715,716,14,Glonass,30.1,-0.63,52.0,16.0,TORGI-GNSS-20180909T111154.346Z.gpkg,0,Control-66
716,717,6,Glonass,31.7,-0.63,281.0,32.0,TORGI-GNSS-20180909T111154.346Z.gpkg,0,Control-66
717,718,15,Glonass,26.0,-0.63,94.0,21.0,TORGI-GNSS-20180909T111154.346Z.gpkg,0,Control-66
718,719,5,Glonass,36.1,-0.63,2.0,50.0,TORGI-GNSS-20180909T111154.346Z.gpkg,0,Control-66
719,720,20,Glonass,32.0,-0.63,227.0,61.0,TORGI-GNSS-20180909T111154.346Z.gpkg,0,Control-66
720,721,21,Glonass,36.8,-0.63,317.0,36.0,TORGI-GNSS-20180909T111154.346Z.gpkg,0,Control-66
721,722,4,Glonass,32.8,-0.63,50.0,16.0,TORGI-GNSS-20180909T111154.346Z.gpkg,0,Control-66
722,723,1,GPS,37.6,-0.57,313.0,56.0,TORGI-GNSS-20180909T111154.346Z.gpkg,0,Control-66
723,724,3,GPS,40.1,-0.57,293.0,27.0,TORGI-GNSS-20180909T111154.346Z.gpkg,0,Control-66
724,725,8,GPS,26.6,-0.57,213.0,22.0,TORGI-GNSS-20180909T111154.346Z.gpkg,0,Control-66
725,726,11,GPS,40.7,-0.57,265.0,59.0,TORGI-GNSS-20180909T111154.346Z.gpkg,0,Control-66
726,727,14,GPS,33.6,-0.57,40.0,56.0,TORGI-GNSS-20180909T111154.346Z.gpkg,0,Control-66
727,728,18,GPS,37.7,-0.57,253.0,82.0,TORGI-GNSS-20180909T111154.346Z.gpkg,0,Control-66
728,729,22,GPS,38.0,-0.57,307.0,47.0,TORGI-GNSS-20180909T111154.346Z.gpkg,0,Control-66
729,730,23,GPS,35.9,-0.57,232.0,15.0,TORGI-GNSS-20180909T111154.346Z.gpkg,0,Control-66
730,731,31,GPS,36.0,-0.57,111.0,41.0,TORGI-GNSS-20180909T111154.346Z.gpkg,0,Control-66
731,732,32,GPS,31.6,-0.57,43.0,31.0,TORGI-GNSS-20180909T111154.346Z.gpkg,0,Control-66
