,id,svid,constellation,cn0,agc,azimuth_deg,elevation_deg,fileName,CONUS,fileId
0,1,9,Glonass,25.4,0.0,217.0,2.0,TORGI-GNSS-20180911T085859.548Z.gpkg,0,Control-34
1,2,5,Glonass,34.9,0.0,147.0,63.0,TORGI-GNSS-20180911T085859.548Z.gpkg,0,Control-34
2,3,20,Glonass,23.2,0.0,348.0,48.0,TORGI-GNSS-20180911T085859.548Z.gpkg,0,Control-34
3,4,19,Glonass,29.9,0.0,77.0,39.0,TORGI-GNSS-20180911T085859.548Z.gpkg,0,Control-34
4,5,4,Glonass,34.8,0.0,43.0,45.0,TORGI-GNSS-20180911T085859.548Z.gpkg,0,Control-34
5,6,10,GPS,37.7,0.0,215.0,54.0,TORGI-GNSS-20180911T085859.548Z.gpkg,0,Control-34
6,7,13,GPS,29.3,0.0,42.0,7.0,TORGI-GNSS-20180911T085859.548Z.gpkg,0,Control-34
7,8,15,GPS,39.6,0.0,75.0,28.0,TORGI-GNSS-20180911T085859.548Z.gpkg,0,Control-34
8,9,16,GPS,34.7,0.0,278.0,43.0,TORGI-GNSS-20180911T085859.548Z.gpkg,0,Control-34
9,10,20,GPS,34.8,0.0,222.0,84.0,TORGI-GNSS-20180911T085859.548Z.gpkg,0,Control-34
10,11,21,GPS,35.3,0.0,28.0,60.0,TORGI-GNSS-20180911T085859.548Z.gpkg,0,Control-34
11,12,26,GPS,37.3,0.0,239.0,41.0,TORGI-GNSS-20180911T085859.548Z.gpkg,0,Control-34
12,13,29,GPS,34.3,0.0,122.0,28.0,TORGI-GNSS-20180911T085859.548Z.gpkg,0,Control-34
13,14,10,Glonass,17.9,-0.61,262.0,15.0,TORGI-GNSS-20180911T085859.548Z.gpkg,0,Control-34
14,15,9,Glonass,24.3,-0.61,217.0,2.0,TORGI-GNSS-20180911T085859.548Z.gpkg,0,Control-34
15,16,5,Glonass,28.0,-0.61,147.0,63.0,TORGI-GNSS-20180911T085859.548Z.gpkg,0,Control-34
16,17,20,Glonass,17.9,-0.61,348.0,48.0,TORGI-GNSS-20180911T085859.548Z.gpkg,0,Control-34
17,18,19,Glonass,30.3,-0.61,77.0,39.0,TORGI-GNSS-20180911T085859.548Z.gpkg,0,Control-34
18,19,4,Glonass,33.7,-0.61,43.0,45.0,TORGI-GNSS-20180911T085859.548Z.gpkg,0,Control-34
19,20,10,GPS,32.4,-0.28,215.0,54.0,TORGI-GNSS-20180911T085859.548Z.gpkg,0,Control-34
20,21,13,GPS,27.5,-0.28,42.0,7.0,TORGI-GNSS-20180911T085859.548Z.gpkg,0,Control-34
21,22,15,GPS,37.2,-0.28,75.0,28.0,TORGI-GNSS-20180911T085859.548Z.gpkg,0,Control-34
22,23,16,GPS,30.4,-0.28,278.0,43.0,TORGI-GNSS-20180911T085859.548Z.gpkg,0,Control-34
23,24,20,GPS,33.5,-0.28,222.0,84.0,TORGI-GNSS-20180911T085859.548Z.gpkg,0,Control-34
24,25,21,GPS,30.7,-0.28,28.0,60.0,TORGI-GNSS-20180911T085859.548Z.gpkg,0,Control-34
25,26,26,GPS,36.5,-0.28,239.0,41.0,TORGI-GNSS-20180911T085859.548Z.gpkg,0,Control-34
26,27,27,GPS,22.9,-0.28,314.0,24.0,TORGI-GNSS-20180911T085859.548Z.gpkg,0,Control-34
27,28,29,GPS,29.8,-0.28,122.0,28.0,TORGI-GNSS-20180911T085859.548Z.gpkg,0,Control-34
28,29,20,Beidou,31.3,-0.14,0.0,0.0,TORGI-GNSS-20180911T085859.548Z.gpkg,0,Control-34
29,30,10,Glonass,16.9,-1.49,262.0,15.0,TORGI-GNSS-20180911T085859.548Z.gpkg,0,Control-34
30,31,9,Glonass,22.8,-1.49,217.0,2.0,TORGI-GNSS-20180911T085859.548Z.gpkg,0,Control-34
31,32,5,Glonass,26.5,-1.49,147.0,63.0,TORGI-GNSS-20180911T085859.548Z.gpkg,0,Control-34
32,33,20,Glonass,20.5,-1.49,348.0,48.0,TORGI-GNSS-20180911T085859.548Z.gpkg,0,Control-34
33,34,19,Glonass,24.0,-1.49,77.0,39.0,TORGI-GNSS-20180911T085859.548Z.gpkg,0,Control-34
34,35,4,Glonass,36.9,-1.49,43.0,45.0,TORGI-GNSS-20180911T085859.548Z.gpkg,0,Control-34
35,36,10,GPS,36.7,-1.95,215.0,54.0,TORGI-GNSS-20180911T085859.548Z.gpkg,0,Control-34
36,37,13,GPS,25.5,-1.95,42.0,7.0,TORGI-GNSS-20180911T085859.548Z.gpkg,0,Control-34
37,38,15,GPS,32.7,-1.95,75.0,28.0,TORGI-GNSS-20180911T085859.548Z.gpkg,0,Control-34
38,39,16,GPS,33.0,-1.95,278.0,43.0,TORGI-GNSS-20180911T085859.548Z.gpkg,0,Control-34
39,40,20,GPS,30.9,-1.95,222.0,84.0,TORGI-GNSS-20180911T085859.548Z.gpkg,0,Control-34
40,41,21,GPS,33.3,-1.95,28.0,60.0,TORGI-GNSS-20180911T085859.548Z.gpkg,0,Control-34
41,42,26,GPS,37.1,-1.95,239.0,41.0,TORGI-GNSS-20180911T085859.548Z.gpkg,0,Control-34
42,43,27,GPS,26.7,-1.95,314.0,24.0,TORGI-GNSS-20180911T085859.548Z.gpkg,0,Control-34
43,44,29,GPS,25.0,-1.95,122.0,28.0,TORGI-GNSS-20180911T085859.548Z.gpkg,0,Control-34
44,45,5,Beidou,24.8,-1.92,149.0,47.0,TORGI-GNSS-20180911T085859.548Z.gpkg,0,Control-34
45,46,9,Beidou,23.6,-1.92,94.0,44.0,TORGI-GNSS-20180911T085859.548Z.gpkg,0,Control-34
46,47,13,Beidou,30.3,-1.92,82.0,23.0,TORGI-GNSS-20180911T085859.548Z.gpkg,0,Control-34
47,48,16,Beidou,27.5,-1.92,67.0,39.0,TORGI-GNSS-20180911T085859.548Z.gpkg,0,Control-34
48,49,20,Beidou,23.9,-1.92,0.0,0.0,TORGI-GNSS-20180911T085859.548Z.gpkg,0,Control-34
49,50,27,Beidou,30.9,-1.92,0.0,0.0,TORGI-GNSS-20180911T085859.548Z.gpkg,0,Control-34
50,51,10,Glonass,16.7,-0.94,262.0,15.0,TORGI-GNSS-20180911T085859.548Z.gpkg,0,Control-34
51,52,6,Glonass,15.7,-0.94,191.0,14.0,TORGI-GNSS-20180911T085859.548Z.gpkg,0,Control-34
52,53,9,Glonass,20.8,-0.94,217.0,2.0,TORGI-GNSS-20180911T085859.548Z.gpkg,0,Control-34
53,54,5,Glonass,24.4,-0.94,147.0,63.0,TORGI-GNSS-20180911T085859.548Z.gpkg,0,Control-34
54,55,20,Glonass,23.5,-0.94,348.0,48.0,TORGI-GNSS-20180911T085859.548Z.gpkg,0,Control-34
55,56,19,Glonass,20.9,-0.94,77.0,39.0,TORGI-GNSS-20180911T085859.548Z.gpkg,0,Control-34
56,57,4,Glonass,37.2,-0.94,43.0,45.0,TORGI-GNSS-20180911T085859.548Z.gpkg,0,Control-34
57,58,10,GPS,37.6,-0.96,215.0,54.0,TORGI-GNSS-20180911T085859.548Z.gpkg,0,Control-34
58,59,13,GPS,27.2,-0.96,42.0,7.0,TORGI-GNSS-20180911T085859.548Z.gpkg,0,Control-34
59,60,15,GPS,34.3,-0.96,75.0,28.0,TORGI-GNSS-20180911T085859.548Z.gpkg,0,Control-34
60,61,16,GPS,31.4,-0.96,278.0,43.0,TORGI-GNSS-20180911T085859.548Z.gpkg,0,Control-34
61,62,20,GPS,29.7,-0.96,222.0,84.0,TORGI-GNSS-20180911T085859.548Z.gpkg,0,Control-34
62,63,21,GPS,35.0,-0.96,28.0,60.0,TORGI-GNSS-20180911T085859.548Z.gpkg,0,Control-34
63,64,26,GPS,37.0,-0.96,239.0,41.0,TORGI-GNSS-20180911T085859.548Z.gpkg,0,Control-34
64,65,27,GPS,27.3,-0.96,314.0,24.0,TORGI-GNSS-20180911T085859.548Z.gpkg,0,Control-34
65,66,5,Beidou,27.5,-1.12,149.0,47.0,TORGI-GNSS-20180911T085859.548Z.gpkg,0,Control-34
66,67,9,Beidou,24.9,-1.12,94.0,44.0,TORGI-GNSS-20180911T085859.548Z.gpkg,0,Control-34
67,68,13,Beidou,27.0,-1.12,82.0,23.0,TORGI-GNSS-20180911T085859.548Z.gpkg,0,Control-34
68,69,16,Beidou,28.9,-1.12,67.0,39.0,TORGI-GNSS-20180911T085859.548Z.gpkg,0,Control-34
69,70,20,Beidou,23.9,-1.12,0.0,0.0,TORGI-GNSS-20180911T085859.548Z.gpkg,0,Control-34
70,71,27,Beidou,30.8,-1.12,0.0,0.0,TORGI-GNSS-20180911T085859.548Z.gpkg,0,Control-34
71,72,10,Glonass,16.7,-0.68,262.0,15.0,TORGI-GNSS-20180911T085859.548Z.gpkg,0,Control-34
72,73,6,Glonass,16.7,-0.68,191.0,14.0,TORGI-GNSS-20180911T085859.548Z.gpkg,0,Control-34
73,74,9,Glonass,19.1,-0.68,217.0,2.0,TORGI-GNSS-20180911T085859.548Z.gpkg,0,Control-34
74,75,5,Glonass,31.2,-0.68,147.0,63.0,TORGI-GNSS-20180911T085859.548Z.gpkg,0,Control-34
75,76,20,Glonass,25.2,-0.68,348.0,48.0,TORGI-GNSS-20180911T085859.548Z.gpkg,0,Control-34
76,77,19,Glonass,24.5,-0.68,77.0,39.0,TORGI-GNSS-20180911T085859.548Z.gpkg,0,Control-34
77,78,4,Glonass,35.9,-0.68,43.0,45.0,TORGI-GNSS-20180911T085859.548Z.gpkg,0,Control-34
78,79,10,GPS,36.4,-0.8,215.0,54.0,TORGI-GNSS-20180911T085859.548Z.gpkg,0,Control-34
79,80,13,GPS,24.1,-0.8,42.0,7.0,TORGI-GNSS-20180911T085859.548Z.gpkg,0,Control-34
80,81,15,GPS,34.0,-0.8,75.0,28.0,TORGI-GNSS-20180911T085859.548Z.gpkg,0,Control-34
81,82,16,GPS,27.9,-0.8,278.0,43.0,TORGI-GNSS-20180911T085859.548Z.gpkg,0,Control-34
82,83,20,GPS,26.1,-0.8,222.0,84.0,TORGI-GNSS-20180911T085859.548Z.gpkg,0,Control-34
83,84,21,GPS,34.7,-0.8,28.0,60.0,TORGI-GNSS-20180911T085859.548Z.gpkg,0,Control-34
84,85,26,GPS,36.8,-0.8,239.0,41.0,TORGI-GNSS-20180911T085859.548Z.gpkg,0,Control-34
85,86,27,GPS,29.5,-0.8,314.0,24.0,TORGI-GNSS-20180911T085859.548Z.gpkg,0,Control-34
86,87,29,GPS,29.1,-0.8,122.0,28.0,TORGI-GNSS-20180911T085859.548Z.gpkg,0,Control-34
87,88,5,Beidou,28.2,-1.06,149.0,47.0,TORGI-GNSS-20180911T085859.548Z.gpkg,0,Control-34
88,89,9,Beidou,21.4,-1.06,94.0,44.0,TORGI-GNSS-20180911T085859.548Z.gpkg,0,Control-34
89,90,13,Beidou,29.6,-1.06,82.0,23.0,TORGI-GNSS-20180911T085859.548Z.gpkg,0,Control-34
90,91,16,Beidou,26.9,-1.06,67.0,39.0,TORGI-GNSS-20180911T085859.548Z.gpkg,0,Control-34
91,92,20,Beidou,20.4,-1.06,0.0,0.0,TORGI-GNSS-20180911T085859.548Z.gpkg,0,Control-34
92,93,27,Beidou,32.3,-1.06,0.0,0.0,TORGI-GNSS-20180911T085859.548Z.gpkg,0,Control-34
93,94,10,Glonass,18.8,-0.57,262.0,15.0,TORGI-GNSS-20180911T085859.548Z.gpkg,0,Control-34
94,95,6,Glonass,16.7,-0.57,191.0,14.0,TORGI-GNSS-20180911T085859.548Z.gpkg,0,Control-34
95,96,9,Glonass,27.1,-0.57,217.0,2.0,TORGI-GNSS-20180911T085859.548Z.gpkg,0,Control-34
96,97,5,Glonass,28.4,-0.57,147.0,63.0,TORGI-GNSS-20180911T085859.548Z.gpkg,0,Control-34
97,98,20,Glonass,27.5,-0.57,348.0,48.0,TORGI-GNSS-20180911T085859.548Z.gpkg,0,Control-34
98,99,19,Glonass,28.1,-0.57,77.0,39.0,TORGI-GNSS-20180911T085859.548Z.gpkg,0,Control-34
99,100,4,Glonass,32.4,-0.57,43.0,45.0,TORGI-GNSS-20180911T085859.548Z.gpkg,0,Control-34
100,101,10,GPS,32.7,-0.51,215.0,54.0,TORGI-GNSS-20180911T085859.548Z.gpkg,0,Control-34
101,102,13,GPS,22.8,-0.51,42.0,7.0,TORGI-GNSS-20180911T085859.548Z.gpkg,0,Control-34
102,103,15,GPS,35.3,-0.51,75.0,28.0,TORGI-GNSS-20180911T085859.548Z.gpkg,0,Control-34
103,104,16,GPS,34.7,-0.51,278.0,43.0,TORGI-GNSS-20180911T085859.548Z.gpkg,0,Control-34
104,105,20,GPS,30.2,-0.51,222.0,84.0,TORGI-GNSS-20180911T085859.548Z.gpkg,0,Control-34
105,106,21,GPS,27.9,-0.51,28.0,60.0,TORGI-GNSS-20180911T085859.548Z.gpkg,0,Control-34
106,107,26,GPS,30.8,-0.51,239.0,41.0,TORGI-GNSS-20180911T085859.548Z.gpkg,0,Control-34
107,108,27,GPS,36.2,-0.51,314.0,24.0,TORGI-GNSS-20180911T085859.548Z.gpkg,0,Control-34
108,109,29,GPS,20.6,-0.51,122.0,28.0,TORGI-GNSS-20180911T085859.548Z.gpkg,0,Control-34
109,110,32,GPS,19.9,-0.51,178.0,2.0,TORGI-GNSS-20180911T085859.548Z.gpkg,0,Control-34
110,111,5,Beidou,28.2,-0.85,149.0,47.0,TORGI-GNSS-20180911T085859.548Z.gpkg,0,Control-34
111,112,9,Beidou,25.4,-0.85,94.0,44.0,TORGI-GNSS-20180911T085859.548Z.gpkg,0,Control-34
112,113,13,Beidou,22.4,-0.85,82.0,23.0,TORGI-GNSS-20180911T085859.548Z.gpkg,0,Control-34
113,114,16,Beidou,25.5,-0.85,67.0,39.0,TORGI-GNSS-20180911T085859.548Z.gpkg,0,Control-34
114,115,20,Beidou,29.8,-0.85,0.0,0.0,TORGI-GNSS-20180911T085859.548Z.gpkg,0,Control-34
115,116,27,Beidou,29.0,-0.85,0.0,0.0,TORGI-GNSS-20180911T085859.548Z.gpkg,0,Control-34
116,117,10,Glonass,21.8,-0.7,262.0,15.0,TORGI-GNSS-20180911T085859.548Z.gpkg,0,Control-34
117,118,6,Glonass,16.2,-0.7,191.0,14.0,TORGI-GNSS-20180911T085859.548Z.gpkg,0,Control-34
118,119,9,Glonass,25.6,-0.7,217.0,2.0,TORGI-GNSS-20180911T085859.548Z.gpkg,0,Control-34
119,120,5,Glonass,33.1,-0.7,147.0,63.0,TORGI-GNSS-20180911T085859.548Z.gpkg,0,Control-34
120,121,20,Glonass,25.3,-0.7,348.0,48.0,TORGI-GNSS-20180911T085859.548Z.gpkg,0,Control-34
121,122,19,Glonass,28.8,-0.7,77.0,39.0,TORGI-GNSS-20180911T085859.548Z.gpkg,0,Control-34
122,123,4,Glonass,34.3,-0.7,43.0,45.0,TORGI-GNSS-20180911T085859.548Z.gpkg,0,Control-34
123,124,10,GPS,35.8,-0.65,215.0,54.0,TORGI-GNSS-20180911T085859.548Z.gpkg,0,Control-34
124,125,13,GPS,25.0,-0.65,42.0,7.0,TORGI-GNSS-20180911T085859.548Z.gpkg,0,Control-34
125,126,15,GPS,36.9,-0.65,75.0,28.0,TORGI-GNSS-20180911T085859.548Z.gpkg,0,Control-34
126,127,16,GPS,37.1,-0.65,278.0,43.0,TORGI-GNSS-20180911T085859.548Z.gpkg,0,Control-34
127,128,20,GPS,32.9,-0.65,222.0,84.0,TORGI-GNSS-20180911T085859.548Z.gpkg,0,Control-34
128,129,21,GPS,31.9,-0.65,28.0,60.0,TORGI-GNSS-20180911T085859.548Z.gpkg,0,Control-34
129,130,26,GPS,34.0,-0.65,239.0,41.0,TORGI-GNSS-20180911T085859.548Z.gpkg,0,Control-34
130,131,27,GPS,34.3,-0.65,314.0,24.0,TORGI-GNSS-20180911T085859.548Z.gpkg,0,Control-34
131,132,29,GPS,36.4,-0.65,122.0,28.0,TORGI-GNSS-20180911T085859.548Z.gpkg,0,Control-34
132,133,5,Beidou,28.2,-0.96,149.0,47.0,TORGI-GNSS-20180911T085859.548Z.gpkg,0,Control-34
133,134,9,Beidou,27.8,-0.96,94.0,44.0,TORGI-GNSS-20180911T085859.548Z.gpkg,0,Control-34
134,135,13,Beidou,28.5,-0.96,82.0,23.0,TORGI-GNSS-20180911T085859.548Z.gpkg,0,Control-34
135,136,16,Beidou,29.6,-0.96,67.0,39.0,TORGI-GNSS-20180911T085859.548Z.gpkg,0,Control-34
136,137,20,Beidou,27.6,-0.96,0.0,0.0,TORGI-GNSS-20180911T085859.548Z.gpkg,0,Control-34
137,138,27,Beidou,32.6,-0.96,0.0,0.0,TORGI-GNSS-20180911T085859.548Z.gpkg,0,Control-34
138,139,30,Beidou,28.6,-0.96,0.0,0.0,TORGI-GNSS-20180911T085859.548Z.gpkg,0,Control-34
