,id,svid,constellation,cn0,agc,azimuth_deg,elevation_deg,fileName,CONUS,fileId
0,1,22,Glonass,34.9,-3.74,0.0,0.0,TORGI-GNSS-20180908T040556.864Z.gpkg,0,Control-35
1,2,13,Glonass,28.3,-3.74,329.0,29.0,TORGI-GNSS-20180908T040556.864Z.gpkg,0,Control-35
2,3,12,Glonass,30.9,-3.74,144.0,85.0,TORGI-GNSS-20180908T040556.864Z.gpkg,0,Control-35
3,4,11,Glonass,30.9,-3.74,146.0,35.0,TORGI-GNSS-20180908T040556.864Z.gpkg,0,Control-35
4,5,23,Glonass,34.5,-3.74,244.0,42.0,TORGI-GNSS-20180908T040556.864Z.gpkg,0,Control-35
5,6,21,Glonass,34.3,-3.74,36.0,11.0,TORGI-GNSS-20180908T040556.864Z.gpkg,0,Control-35
6,7,2,GPS,23.0,-0.76,74.0,66.0,TORGI-GNSS-20180908T040556.864Z.gpkg,0,Control-35
7,8,5,GPS,29.5,-0.76,133.0,14.0,TORGI-GNSS-20180908T040556.864Z.gpkg,0,Control-35
8,9,6,GPS,32.1,-0.76,42.0,22.0,TORGI-GNSS-20180908T040556.864Z.gpkg,0,Control-35
9,10,12,GPS,36.4,-0.76,49.0,68.0,TORGI-GNSS-20180908T040556.864Z.gpkg,0,Control-35
10,11,19,GPS,28.8,-0.76,57.0,7.0,TORGI-GNSS-20180908T040556.864Z.gpkg,0,Control-35
11,12,24,GPS,34.7,-0.76,188.0,39.0,TORGI-GNSS-20180908T040556.864Z.gpkg,0,Control-35
12,13,25,GPS,33.2,-0.76,320.0,47.0,TORGI-GNSS-20180908T040556.864Z.gpkg,0,Control-35
13,14,29,GPS,32.1,-0.76,265.0,33.0,TORGI-GNSS-20180908T040556.864Z.gpkg,0,Control-35
14,15,32,GPS,26.4,-0.76,281.0,2.0,TORGI-GNSS-20180908T040556.864Z.gpkg,0,Control-35
