,id,svid,constellation,cn0,agc,azimuth_deg,elevation_deg,fileName,CONUS,fileId
0,1,14,Glonass,23.6,0.43,282.0,23.0,TORGI-GNSS-20180907T083502.998Z.gpkg,0,Control-24
1,2,22,Glonass,26.4,0.43,87.0,16.0,TORGI-GNSS-20180907T083502.998Z.gpkg,0,Control-24
2,3,13,Glonass,31.6,0.43,230.0,16.0,TORGI-GNSS-20180907T083502.998Z.gpkg,0,Control-24
3,4,15,Glonass,22.6,0.43,323.0,11.0,TORGI-GNSS-20180907T083502.998Z.gpkg,0,Control-24
4,5,1,Glonass,31.3,0.43,156.0,45.0,TORGI-GNSS-20180907T083502.998Z.gpkg,0,Control-24
5,6,23,Glonass,36.9,0.43,28.0,50.0,TORGI-GNSS-20180907T083502.998Z.gpkg,0,Control-24
6,7,7,Glonass,32.9,0.43,29.0,15.0,TORGI-GNSS-20180907T083502.998Z.gpkg,0,Control-24
7,8,8,Glonass,35.0,0.43,73.0,53.0,TORGI-GNSS-20180907T083502.998Z.gpkg,0,Control-24
8,9,10,GPS,31.6,-0.38,205.0,35.0,TORGI-GNSS-20180907T083502.998Z.gpkg,0,Control-24
9,10,13,GPS,29.5,-0.38,59.0,9.0,TORGI-GNSS-20180907T083502.998Z.gpkg,0,Control-24
10,11,15,GPS,34.9,-0.38,97.0,25.0,TORGI-GNSS-20180907T083502.998Z.gpkg,0,Control-24
11,12,20,GPS,31.8,-0.38,201.0,63.0,TORGI-GNSS-20180907T083502.998Z.gpkg,0,Control-24
12,13,21,GPS,32.3,-0.38,350.0,65.0,TORGI-GNSS-20180907T083502.998Z.gpkg,0,Control-24
13,14,26,GPS,32.9,-0.38,265.0,49.0,TORGI-GNSS-20180907T083502.998Z.gpkg,0,Control-24
14,15,29,GPS,32.0,-0.38,105.0,42.0,TORGI-GNSS-20180907T083502.998Z.gpkg,0,Control-24
15,16,14,Glonass,29.4,0.43,282.0,23.0,TORGI-GNSS-20180907T083502.998Z.gpkg,0,Control-24
16,17,22,Glonass,32.1,0.43,87.0,16.0,TORGI-GNSS-20180907T083502.998Z.gpkg,0,Control-24
17,18,13,Glonass,31.0,0.43,230.0,16.0,TORGI-GNSS-20180907T083502.998Z.gpkg,0,Control-24
18,19,1,Glonass,27.8,0.43,156.0,45.0,TORGI-GNSS-20180907T083502.998Z.gpkg,0,Control-24
19,20,24,Glonass,22.6,0.43,322.0,33.0,TORGI-GNSS-20180907T083502.998Z.gpkg,0,Control-24
20,21,23,Glonass,38.6,0.43,28.0,50.0,TORGI-GNSS-20180907T083502.998Z.gpkg,0,Control-24
21,22,8,Glonass,30.6,0.43,73.0,53.0,TORGI-GNSS-20180907T083502.998Z.gpkg,0,Control-24
22,23,10,GPS,34.2,-0.38,205.0,35.0,TORGI-GNSS-20180907T083502.998Z.gpkg,0,Control-24
23,24,13,GPS,26.9,-0.38,59.0,9.0,TORGI-GNSS-20180907T083502.998Z.gpkg,0,Control-24
24,25,15,GPS,36.5,-0.38,97.0,25.0,TORGI-GNSS-20180907T083502.998Z.gpkg,0,Control-24
25,26,16,GPS,31.7,-0.38,302.0,37.0,TORGI-GNSS-20180907T083502.998Z.gpkg,0,Control-24
26,27,20,GPS,32.1,-0.38,201.0,63.0,TORGI-GNSS-20180907T083502.998Z.gpkg,0,Control-24
27,28,21,GPS,31.5,-0.38,350.0,65.0,TORGI-GNSS-20180907T083502.998Z.gpkg,0,Control-24
28,29,26,GPS,34.0,-0.38,265.0,49.0,TORGI-GNSS-20180907T083502.998Z.gpkg,0,Control-24
29,30,27,GPS,24.0,-0.38,309.0,9.0,TORGI-GNSS-20180907T083502.998Z.gpkg,0,Control-24
30,31,29,GPS,36.7,-0.38,105.0,42.0,TORGI-GNSS-20180907T083502.998Z.gpkg,0,Control-24
31,32,14,Glonass,28.7,0.43,282.0,23.0,TORGI-GNSS-20180907T083502.998Z.gpkg,0,Control-24
32,33,22,Glonass,31.8,0.43,87.0,16.0,TORGI-GNSS-20180907T083502.998Z.gpkg,0,Control-24
33,34,13,Glonass,31.8,0.43,230.0,16.0,TORGI-GNSS-20180907T083502.998Z.gpkg,0,Control-24
34,35,1,Glonass,25.9,0.43,156.0,45.0,TORGI-GNSS-20180907T083502.998Z.gpkg,0,Control-24
35,36,24,Glonass,24.3,0.43,322.0,33.0,TORGI-GNSS-20180907T083502.998Z.gpkg,0,Control-24
36,37,23,Glonass,38.7,0.43,28.0,50.0,TORGI-GNSS-20180907T083502.998Z.gpkg,0,Control-24
37,38,8,Glonass,28.6,0.43,73.0,53.0,TORGI-GNSS-20180907T083502.998Z.gpkg,0,Control-24
38,39,10,GPS,33.9,-0.38,205.0,35.0,TORGI-GNSS-20180907T083502.998Z.gpkg,0,Control-24
39,40,13,GPS,27.5,-0.38,59.0,9.0,TORGI-GNSS-20180907T083502.998Z.gpkg,0,Control-24
40,41,15,GPS,36.9,-0.38,97.0,25.0,TORGI-GNSS-20180907T083502.998Z.gpkg,0,Control-24
41,42,16,GPS,30.0,-0.38,302.0,37.0,TORGI-GNSS-20180907T083502.998Z.gpkg,0,Control-24
42,43,20,GPS,31.3,-0.38,201.0,63.0,TORGI-GNSS-20180907T083502.998Z.gpkg,0,Control-24
43,44,21,GPS,30.7,-0.38,350.0,65.0,TORGI-GNSS-20180907T083502.998Z.gpkg,0,Control-24
44,45,26,GPS,34.3,-0.38,265.0,49.0,TORGI-GNSS-20180907T083502.998Z.gpkg,0,Control-24
45,46,29,GPS,37.8,-0.38,105.0,42.0,TORGI-GNSS-20180907T083502.998Z.gpkg,0,Control-24
46,47,14,Glonass,27.8,0.43,282.0,23.0,TORGI-GNSS-20180907T083502.998Z.gpkg,0,Control-24
47,48,22,Glonass,30.0,0.43,87.0,16.0,TORGI-GNSS-20180907T083502.998Z.gpkg,0,Control-24
48,49,13,Glonass,30.1,0.43,230.0,16.0,TORGI-GNSS-20180907T083502.998Z.gpkg,0,Control-24
49,50,1,Glonass,30.8,0.43,156.0,45.0,TORGI-GNSS-20180907T083502.998Z.gpkg,0,Control-24
50,51,24,Glonass,25.9,0.43,322.0,33.0,TORGI-GNSS-20180907T083502.998Z.gpkg,0,Control-24
51,52,23,Glonass,41.4,0.43,28.0,50.0,TORGI-GNSS-20180907T083502.998Z.gpkg,0,Control-24
52,53,7,Glonass,29.7,0.43,29.0,15.0,TORGI-GNSS-20180907T083502.998Z.gpkg,0,Control-24
53,54,8,Glonass,34.2,0.43,73.0,53.0,TORGI-GNSS-20180907T083502.998Z.gpkg,0,Control-24
54,55,10,GPS,35.8,-0.38,205.0,35.0,TORGI-GNSS-20180907T083502.998Z.gpkg,0,Control-24
55,56,13,GPS,31.7,-0.38,59.0,9.0,TORGI-GNSS-20180907T083502.998Z.gpkg,0,Control-24
56,57,15,GPS,39.7,-0.38,97.0,25.0,TORGI-GNSS-20180907T083502.998Z.gpkg,0,Control-24
57,58,16,GPS,33.7,-0.38,302.0,37.0,TORGI-GNSS-20180907T083502.998Z.gpkg,0,Control-24
58,59,20,GPS,32.6,-0.38,201.0,63.0,TORGI-GNSS-20180907T083502.998Z.gpkg,0,Control-24
59,60,21,GPS,33.5,-0.38,350.0,65.0,TORGI-GNSS-20180907T083502.998Z.gpkg,0,Control-24
60,61,25,GPS,25.9,-0.38,167.0,7.0,TORGI-GNSS-20180907T083502.998Z.gpkg,0,Control-24
61,62,26,GPS,35.2,-0.38,265.0,49.0,TORGI-GNSS-20180907T083502.998Z.gpkg,0,Control-24
62,63,29,GPS,41.7,-0.38,105.0,42.0,TORGI-GNSS-20180907T083502.998Z.gpkg,0,Control-24
63,64,14,Glonass,29.7,0.43,282.0,23.0,TORGI-GNSS-20180907T083502.998Z.gpkg,0,Control-24
64,65,22,Glonass,29.3,0.43,87.0,16.0,TORGI-GNSS-20180907T083502.998Z.gpkg,0,Control-24
65,66,13,Glonass,30.0,0.43,230.0,16.0,TORGI-GNSS-20180907T083502.998Z.gpkg,0,Control-24
66,67,24,Glonass,26.7,0.43,322.0,33.0,TORGI-GNSS-20180907T083502.998Z.gpkg,0,Control-24
67,68,23,Glonass,42.7,0.43,28.0,50.0,TORGI-GNSS-20180907T083502.998Z.gpkg,0,Control-24
68,69,7,Glonass,31.1,0.43,29.0,15.0,TORGI-GNSS-20180907T083502.998Z.gpkg,0,Control-24
69,70,8,Glonass,35.0,0.43,73.0,53.0,TORGI-GNSS-20180907T083502.998Z.gpkg,0,Control-24
70,71,10,GPS,36.5,-0.38,205.0,35.0,TORGI-GNSS-20180907T083502.998Z.gpkg,0,Control-24
71,72,13,GPS,32.2,-0.38,59.0,9.0,TORGI-GNSS-20180907T083502.998Z.gpkg,0,Control-24
72,73,15,GPS,37.6,-0.38,97.0,25.0,TORGI-GNSS-20180907T083502.998Z.gpkg,0,Control-24
73,74,16,GPS,33.2,-0.38,302.0,37.0,TORGI-GNSS-20180907T083502.998Z.gpkg,0,Control-24
74,75,20,GPS,35.1,-0.38,201.0,63.0,TORGI-GNSS-20180907T083502.998Z.gpkg,0,Control-24
75,76,21,GPS,34.5,-0.38,350.0,65.0,TORGI-GNSS-20180907T083502.998Z.gpkg,0,Control-24
76,77,26,GPS,35.7,-0.38,265.0,49.0,TORGI-GNSS-20180907T083502.998Z.gpkg,0,Control-24
77,78,29,GPS,40.3,-0.38,105.0,42.0,TORGI-GNSS-20180907T083502.998Z.gpkg,0,Control-24
78,79,14,Glonass,26.7,0.43,282.0,23.0,TORGI-GNSS-20180907T083502.998Z.gpkg,0,Control-24
79,80,22,Glonass,32.1,0.43,87.0,16.0,TORGI-GNSS-20180907T083502.998Z.gpkg,0,Control-24
80,81,13,Glonass,31.1,0.43,230.0,16.0,TORGI-GNSS-20180907T083502.998Z.gpkg,0,Control-24
81,82,1,Glonass,25.2,0.43,156.0,45.0,TORGI-GNSS-20180907T083502.998Z.gpkg,0,Control-24
82,83,23,Glonass,41.4,0.43,28.0,50.0,TORGI-GNSS-20180907T083502.998Z.gpkg,0,Control-24
83,84,7,Glonass,30.1,0.43,29.0,15.0,TORGI-GNSS-20180907T083502.998Z.gpkg,0,Control-24
84,85,8,Glonass,35.3,0.43,73.0,53.0,TORGI-GNSS-20180907T083502.998Z.gpkg,0,Control-24
85,86,10,GPS,36.1,-0.38,205.0,35.0,TORGI-GNSS-20180907T083502.998Z.gpkg,0,Control-24
86,87,13,GPS,31.3,-0.38,59.0,9.0,TORGI-GNSS-20180907T083502.998Z.gpkg,0,Control-24
87,88,15,GPS,37.4,-0.38,97.0,25.0,TORGI-GNSS-20180907T083502.998Z.gpkg,0,Control-24
88,89,16,GPS,30.6,-0.38,302.0,37.0,TORGI-GNSS-20180907T083502.998Z.gpkg,0,Control-24
89,90,20,GPS,32.4,-0.38,201.0,63.0,TORGI-GNSS-20180907T083502.998Z.gpkg,0,Control-24
90,91,21,GPS,31.9,-0.38,350.0,65.0,TORGI-GNSS-20180907T083502.998Z.gpkg,0,Control-24
91,92,26,GPS,34.6,-0.38,265.0,49.0,TORGI-GNSS-20180907T083502.998Z.gpkg,0,Control-24
92,93,29,GPS,39.8,-0.38,105.0,42.0,TORGI-GNSS-20180907T083502.998Z.gpkg,0,Control-24
93,94,22,Glonass,30.4,0.43,87.0,16.0,TORGI-GNSS-20180907T083502.998Z.gpkg,0,Control-24
94,95,13,Glonass,29.7,0.43,230.0,16.0,TORGI-GNSS-20180907T083502.998Z.gpkg,0,Control-24
95,96,1,Glonass,28.0,0.43,156.0,45.0,TORGI-GNSS-20180907T083502.998Z.gpkg,0,Control-24
96,97,23,Glonass,40.0,0.43,28.0,50.0,TORGI-GNSS-20180907T083502.998Z.gpkg,0,Control-24
97,98,7,Glonass,28.1,0.43,29.0,15.0,TORGI-GNSS-20180907T083502.998Z.gpkg,0,Control-24
98,99,8,Glonass,30.3,0.43,73.0,53.0,TORGI-GNSS-20180907T083502.998Z.gpkg,0,Control-24
99,100,10,GPS,35.6,-0.38,205.0,35.0,TORGI-GNSS-20180907T083502.998Z.gpkg,0,Control-24
100,101,13,GPS,31.4,-0.38,59.0,9.0,TORGI-GNSS-20180907T083502.998Z.gpkg,0,Control-24
101,102,15,GPS,37.9,-0.38,97.0,25.0,TORGI-GNSS-20180907T083502.998Z.gpkg,0,Control-24
102,103,16,GPS,30.1,-0.38,302.0,37.0,TORGI-GNSS-20180907T083502.998Z.gpkg,0,Control-24
103,104,20,GPS,34.0,-0.38,201.0,63.0,TORGI-GNSS-20180907T083502.998Z.gpkg,0,Control-24
104,105,21,GPS,32.2,-0.38,350.0,65.0,TORGI-GNSS-20180907T083502.998Z.gpkg,0,Control-24
105,106,26,GPS,35.5,-0.38,265.0,49.0,TORGI-GNSS-20180907T083502.998Z.gpkg,0,Control-24
106,107,29,GPS,38.4,-0.38,105.0,42.0,TORGI-GNSS-20180907T083502.998Z.gpkg,0,Control-24
