,id,svid,constellation,cn0,agc,azimuth_deg,elevation_deg,fileName,CONUS,fileId
0,1,14,Glonass,34.2,6.5,47.0,29.0,TORGI-GNSS-20180908T154238.129Z.gpkg,0,Control-74
1,2,15,Glonass,35.5,6.5,97.0,45.0,TORGI-GNSS-20180908T154238.129Z.gpkg,0,Control-74
2,3,5,Glonass,37.0,6.5,357.0,49.0,TORGI-GNSS-20180908T154238.129Z.gpkg,0,Control-74
3,4,21,Glonass,27.4,6.5,309.0,26.0,TORGI-GNSS-20180908T154238.129Z.gpkg,0,Control-74
4,5,4,Glonass,35.4,6.5,63.0,28.0,TORGI-GNSS-20180908T154238.129Z.gpkg,0,Control-74
5,6,1,GPS,34.6,-0.32,206.0,59.0,TORGI-GNSS-20180908T154238.129Z.gpkg,0,Control-74
6,7,3,GPS,38.5,-0.32,336.0,60.0,TORGI-GNSS-20180908T154238.129Z.gpkg,0,Control-74
7,8,9,GPS,28.9,-0.32,257.0,20.0,TORGI-GNSS-20180908T154238.129Z.gpkg,0,Control-74
8,9,14,GPS,29.9,-0.32,53.0,16.0,TORGI-GNSS-20180908T154238.129Z.gpkg,0,Control-74
9,10,17,GPS,26.5,-0.32,288.0,9.0,TORGI-GNSS-20180908T154238.129Z.gpkg,0,Control-74
10,11,18,GPS,38.8,-0.32,177.0,37.0,TORGI-GNSS-20180908T154238.129Z.gpkg,0,Control-74
11,12,22,GPS,36.4,-0.32,35.0,73.0,TORGI-GNSS-20180908T154238.129Z.gpkg,0,Control-74
12,13,23,GPS,30.9,-0.32,271.0,47.0,TORGI-GNSS-20180908T154238.129Z.gpkg,0,Control-74
13,14,26,GPS,33.3,-0.32,106.0,12.0,TORGI-GNSS-20180908T154238.129Z.gpkg,0,Control-74
14,15,31,GPS,43.1,-0.32,50.0,34.0,TORGI-GNSS-20180908T154238.129Z.gpkg,0,Control-74
15,16,14,Glonass,32.5,6.5,47.0,29.0,TORGI-GNSS-20180908T154238.129Z.gpkg,0,Control-74
16,17,15,Glonass,35.5,6.5,97.0,45.0,TORGI-GNSS-20180908T154238.129Z.gpkg,0,Control-74
17,18,5,Glonass,35.3,6.5,357.0,49.0,TORGI-GNSS-20180908T154238.129Z.gpkg,0,Control-74
18,19,21,Glonass,28.2,6.5,309.0,26.0,TORGI-GNSS-20180908T154238.129Z.gpkg,0,Control-74
19,20,4,Glonass,29.4,6.5,63.0,28.0,TORGI-GNSS-20180908T154238.129Z.gpkg,0,Control-74
20,21,1,GPS,36.7,-0.32,206.0,59.0,TORGI-GNSS-20180908T154238.129Z.gpkg,0,Control-74
21,22,3,GPS,42.8,-0.32,336.0,60.0,TORGI-GNSS-20180908T154238.129Z.gpkg,0,Control-74
22,23,9,GPS,29.1,-0.32,257.0,20.0,TORGI-GNSS-20180908T154238.129Z.gpkg,0,Control-74
23,24,11,GPS,30.1,-0.32,205.0,30.0,TORGI-GNSS-20180908T154238.129Z.gpkg,0,Control-74
24,25,14,GPS,33.6,-0.32,53.0,16.0,TORGI-GNSS-20180908T154238.129Z.gpkg,0,Control-74
25,26,17,GPS,25.9,-0.32,288.0,9.0,TORGI-GNSS-20180908T154238.129Z.gpkg,0,Control-74
26,27,18,GPS,34.0,-0.32,177.0,37.0,TORGI-GNSS-20180908T154238.129Z.gpkg,0,Control-74
27,28,22,GPS,38.9,-0.32,35.0,73.0,TORGI-GNSS-20180908T154238.129Z.gpkg,0,Control-74
28,29,23,GPS,32.6,-0.32,271.0,47.0,TORGI-GNSS-20180908T154238.129Z.gpkg,0,Control-74
29,30,26,GPS,33.3,-0.32,106.0,12.0,TORGI-GNSS-20180908T154238.129Z.gpkg,0,Control-74
30,31,31,GPS,42.2,-0.32,50.0,34.0,TORGI-GNSS-20180908T154238.129Z.gpkg,0,Control-74
31,32,14,Glonass,28.8,6.5,47.0,29.0,TORGI-GNSS-20180908T154238.129Z.gpkg,0,Control-74
32,33,16,Glonass,28.2,6.5,167.0,15.0,TORGI-GNSS-20180908T154238.129Z.gpkg,0,Control-74
33,34,15,Glonass,34.2,6.5,97.0,45.0,TORGI-GNSS-20180908T154238.129Z.gpkg,0,Control-74
34,35,5,Glonass,25.8,6.5,357.0,49.0,TORGI-GNSS-20180908T154238.129Z.gpkg,0,Control-74
35,36,20,Glonass,29.5,6.5,244.0,35.0,TORGI-GNSS-20180908T154238.129Z.gpkg,0,Control-74
36,37,4,Glonass,29.3,6.5,63.0,28.0,TORGI-GNSS-20180908T154238.129Z.gpkg,0,Control-74
37,38,1,GPS,36.1,-0.32,206.0,59.0,TORGI-GNSS-20180908T154238.129Z.gpkg,0,Control-74
38,39,3,GPS,38.5,-0.32,336.0,60.0,TORGI-GNSS-20180908T154238.129Z.gpkg,0,Control-74
39,40,9,GPS,34.4,-0.32,257.0,20.0,TORGI-GNSS-20180908T154238.129Z.gpkg,0,Control-74
40,41,11,GPS,24.0,-0.32,205.0,30.0,TORGI-GNSS-20180908T154238.129Z.gpkg,0,Control-74
41,42,14,GPS,32.7,-0.32,53.0,16.0,TORGI-GNSS-20180908T154238.129Z.gpkg,0,Control-74
42,43,17,GPS,26.5,-0.32,288.0,9.0,TORGI-GNSS-20180908T154238.129Z.gpkg,0,Control-74
43,44,18,GPS,35.1,-0.32,177.0,37.0,TORGI-GNSS-20180908T154238.129Z.gpkg,0,Control-74
44,45,22,GPS,35.9,-0.32,35.0,73.0,TORGI-GNSS-20180908T154238.129Z.gpkg,0,Control-74
45,46,23,GPS,37.1,-0.32,271.0,47.0,TORGI-GNSS-20180908T154238.129Z.gpkg,0,Control-74
46,47,31,GPS,35.4,-0.32,50.0,34.0,TORGI-GNSS-20180908T154238.129Z.gpkg,0,Control-74
47,48,14,Glonass,28.4,6.5,47.0,29.0,TORGI-GNSS-20180908T154238.129Z.gpkg,0,Control-74
48,49,16,Glonass,25.5,6.5,167.0,15.0,TORGI-GNSS-20180908T154238.129Z.gpkg,0,Control-74
49,50,15,Glonass,35.1,6.5,97.0,45.0,TORGI-GNSS-20180908T154238.129Z.gpkg,0,Control-74
50,51,5,Glonass,27.0,6.5,357.0,49.0,TORGI-GNSS-20180908T154238.129Z.gpkg,0,Control-74
51,52,20,Glonass,28.3,6.5,244.0,35.0,TORGI-GNSS-20180908T154238.129Z.gpkg,0,Control-74
52,53,4,Glonass,24.6,6.5,63.0,28.0,TORGI-GNSS-20180908T154238.129Z.gpkg,0,Control-74
53,54,1,GPS,38.2,-0.32,206.0,59.0,TORGI-GNSS-20180908T154238.129Z.gpkg,0,Control-74
54,55,3,GPS,39.7,-0.32,336.0,60.0,TORGI-GNSS-20180908T154238.129Z.gpkg,0,Control-74
55,56,9,GPS,34.5,-0.32,257.0,20.0,TORGI-GNSS-20180908T154238.129Z.gpkg,0,Control-74
56,57,11,GPS,27.6,-0.32,205.0,30.0,TORGI-GNSS-20180908T154238.129Z.gpkg,0,Control-74
57,58,17,GPS,26.1,-0.32,288.0,9.0,TORGI-GNSS-20180908T154238.129Z.gpkg,0,Control-74
58,59,18,GPS,33.2,-0.32,177.0,37.0,TORGI-GNSS-20180908T154238.129Z.gpkg,0,Control-74
59,60,22,GPS,37.5,-0.32,35.0,73.0,TORGI-GNSS-20180908T154238.129Z.gpkg,0,Control-74
60,61,23,GPS,36.5,-0.32,271.0,47.0,TORGI-GNSS-20180908T154238.129Z.gpkg,0,Control-74
61,62,26,GPS,23.1,-0.32,106.0,12.0,TORGI-GNSS-20180908T154238.129Z.gpkg,0,Control-74
62,63,31,GPS,29.3,-0.32,50.0,34.0,TORGI-GNSS-20180908T154238.129Z.gpkg,0,Control-74
63,64,14,Glonass,25.5,6.5,47.0,29.0,TORGI-GNSS-20180908T154238.129Z.gpkg,0,Control-74
64,65,16,Glonass,27.2,6.5,167.0,15.0,TORGI-GNSS-20180908T154238.129Z.gpkg,0,Control-74
65,66,15,Glonass,35.5,6.5,97.0,45.0,TORGI-GNSS-20180908T154238.129Z.gpkg,0,Control-74
66,67,5,Glonass,33.1,6.5,357.0,49.0,TORGI-GNSS-20180908T154238.129Z.gpkg,0,Control-74
67,68,20,Glonass,26.7,6.5,244.0,35.0,TORGI-GNSS-20180908T154238.129Z.gpkg,0,Control-74
68,69,4,Glonass,27.2,6.5,63.0,28.0,TORGI-GNSS-20180908T154238.129Z.gpkg,0,Control-74
69,70,1,GPS,39.5,-0.32,206.0,59.0,TORGI-GNSS-20180908T154238.129Z.gpkg,0,Control-74
70,71,3,GPS,41.0,-0.32,336.0,60.0,TORGI-GNSS-20180908T154238.129Z.gpkg,0,Control-74
71,72,9,GPS,33.9,-0.32,257.0,20.0,TORGI-GNSS-20180908T154238.129Z.gpkg,0,Control-74
72,73,11,GPS,32.8,-0.32,205.0,30.0,TORGI-GNSS-20180908T154238.129Z.gpkg,0,Control-74
73,74,18,GPS,27.1,-0.32,177.0,37.0,TORGI-GNSS-20180908T154238.129Z.gpkg,0,Control-74
74,75,22,GPS,36.4,-0.32,35.0,73.0,TORGI-GNSS-20180908T154238.129Z.gpkg,0,Control-74
75,76,23,GPS,35.9,-0.32,271.0,47.0,TORGI-GNSS-20180908T154238.129Z.gpkg,0,Control-74
76,77,26,GPS,26.3,-0.32,106.0,12.0,TORGI-GNSS-20180908T154238.129Z.gpkg,0,Control-74
77,78,31,GPS,29.6,-0.32,50.0,34.0,TORGI-GNSS-20180908T154238.129Z.gpkg,0,Control-74
78,79,14,Glonass,29.0,6.5,47.0,29.0,TORGI-GNSS-20180908T154238.129Z.gpkg,0,Control-74
79,80,16,Glonass,27.6,6.5,167.0,15.0,TORGI-GNSS-20180908T154238.129Z.gpkg,0,Control-74
80,81,15,Glonass,34.8,6.5,97.0,45.0,TORGI-GNSS-20180908T154238.129Z.gpkg,0,Control-74
81,82,5,Glonass,27.0,6.5,357.0,49.0,TORGI-GNSS-20180908T154238.129Z.gpkg,0,Control-74
82,83,20,Glonass,28.3,6.5,244.0,35.0,TORGI-GNSS-20180908T154238.129Z.gpkg,0,Control-74
83,84,4,Glonass,25.4,6.5,63.0,28.0,TORGI-GNSS-20180908T154238.129Z.gpkg,0,Control-74
84,85,1,GPS,38.7,-0.32,206.0,59.0,TORGI-GNSS-20180908T154238.129Z.gpkg,0,Control-74
85,86,3,GPS,38.9,-0.32,336.0,60.0,TORGI-GNSS-20180908T154238.129Z.gpkg,0,Control-74
86,87,9,GPS,31.9,-0.32,257.0,20.0,TORGI-GNSS-20180908T154238.129Z.gpkg,0,Control-74
87,88,11,GPS,31.6,-0.32,205.0,30.0,TORGI-GNSS-20180908T154238.129Z.gpkg,0,Control-74
88,89,14,GPS,26.5,-0.32,53.0,16.0,TORGI-GNSS-20180908T154238.129Z.gpkg,0,Control-74
89,90,17,GPS,24.8,-0.32,288.0,9.0,TORGI-GNSS-20180908T154238.129Z.gpkg,0,Control-74
90,91,18,GPS,28.4,-0.32,177.0,37.0,TORGI-GNSS-20180908T154238.129Z.gpkg,0,Control-74
91,92,22,GPS,33.2,-0.32,35.0,73.0,TORGI-GNSS-20180908T154238.129Z.gpkg,0,Control-74
92,93,23,GPS,35.2,-0.32,271.0,47.0,TORGI-GNSS-20180908T154238.129Z.gpkg,0,Control-74
93,94,26,GPS,29.8,-0.32,106.0,12.0,TORGI-GNSS-20180908T154238.129Z.gpkg,0,Control-74
94,95,31,GPS,34.5,-0.32,50.0,34.0,TORGI-GNSS-20180908T154238.129Z.gpkg,0,Control-74
95,96,3,GPS,38.4,-0.81,336.0,61.0,TORGI-GNSS-20180908T154238.129Z.gpkg,0,Control-74
96,97,22,GPS,32.9,-0.81,37.0,74.0,TORGI-GNSS-20180908T154238.129Z.gpkg,0,Control-74
97,98,31,GPS,37.6,-0.81,49.0,33.0,TORGI-GNSS-20180908T154238.129Z.gpkg,0,Control-74
98,99,14,Glonass,32.0,-1.35,46.0,29.0,TORGI-GNSS-20180908T154238.129Z.gpkg,0,Control-74
99,100,16,Glonass,19.9,-1.35,167.0,16.0,TORGI-GNSS-20180908T154238.129Z.gpkg,0,Control-74
100,101,15,Glonass,32.4,-1.35,97.0,45.0,TORGI-GNSS-20180908T154238.129Z.gpkg,0,Control-74
101,102,5,Glonass,29.7,-1.35,358.0,49.0,TORGI-GNSS-20180908T154238.129Z.gpkg,0,Control-74
102,103,20,Glonass,22.3,-1.35,243.0,35.0,TORGI-GNSS-20180908T154238.129Z.gpkg,0,Control-74
103,104,21,Glonass,22.2,-1.35,307.0,26.0,TORGI-GNSS-20180908T154238.129Z.gpkg,0,Control-74
104,105,4,Glonass,29.3,-1.35,64.0,28.0,TORGI-GNSS-20180908T154238.129Z.gpkg,0,Control-74
105,106,1,GPS,35.2,0.9,205.0,59.0,TORGI-GNSS-20180908T154238.129Z.gpkg,0,Control-74
106,107,3,GPS,40.7,0.9,336.0,61.0,TORGI-GNSS-20180908T154238.129Z.gpkg,0,Control-74
107,108,11,GPS,29.4,0.9,203.0,30.0,TORGI-GNSS-20180908T154238.129Z.gpkg,0,Control-74
108,109,14,GPS,30.8,0.9,53.0,16.0,TORGI-GNSS-20180908T154238.129Z.gpkg,0,Control-74
109,110,18,GPS,32.2,0.9,177.0,36.0,TORGI-GNSS-20180908T154238.129Z.gpkg,0,Control-74
110,111,22,GPS,36.8,0.9,37.0,74.0,TORGI-GNSS-20180908T154238.129Z.gpkg,0,Control-74
111,112,23,GPS,29.9,0.9,272.0,47.0,TORGI-GNSS-20180908T154238.129Z.gpkg,0,Control-74
112,113,26,GPS,28.9,0.9,105.0,13.0,TORGI-GNSS-20180908T154238.129Z.gpkg,0,Control-74
113,114,31,GPS,38.9,0.9,49.0,33.0,TORGI-GNSS-20180908T154238.129Z.gpkg,0,Control-74
114,115,14,Glonass,33.1,-2.97,46.0,29.0,TORGI-GNSS-20180908T154238.129Z.gpkg,0,Control-74
115,116,16,Glonass,20.3,-2.97,167.0,16.0,TORGI-GNSS-20180908T154238.129Z.gpkg,0,Control-74
116,117,15,Glonass,31.5,-2.97,97.0,45.0,TORGI-GNSS-20180908T154238.129Z.gpkg,0,Control-74
117,118,5,Glonass,33.0,-2.97,358.0,49.0,TORGI-GNSS-20180908T154238.129Z.gpkg,0,Control-74
118,119,20,Glonass,26.0,-2.97,243.0,35.0,TORGI-GNSS-20180908T154238.129Z.gpkg,0,Control-74
119,120,21,Glonass,21.0,-2.97,307.0,26.0,TORGI-GNSS-20180908T154238.129Z.gpkg,0,Control-74
120,121,4,Glonass,26.4,-2.97,64.0,28.0,TORGI-GNSS-20180908T154238.129Z.gpkg,0,Control-74
121,122,1,GPS,36.3,2.17,205.0,59.0,TORGI-GNSS-20180908T154238.129Z.gpkg,0,Control-74
122,123,3,GPS,41.3,2.17,336.0,61.0,TORGI-GNSS-20180908T154238.129Z.gpkg,0,Control-74
123,124,9,GPS,32.0,2.17,257.0,21.0,TORGI-GNSS-20180908T154238.129Z.gpkg,0,Control-74
124,125,11,GPS,29.2,2.17,203.0,30.0,TORGI-GNSS-20180908T154238.129Z.gpkg,0,Control-74
125,126,14,GPS,31.6,2.17,53.0,16.0,TORGI-GNSS-20180908T154238.129Z.gpkg,0,Control-74
126,127,17,GPS,22.9,2.17,288.0,9.0,TORGI-GNSS-20180908T154238.129Z.gpkg,0,Control-74
127,128,18,GPS,29.3,2.17,177.0,36.0,TORGI-GNSS-20180908T154238.129Z.gpkg,0,Control-74
128,129,22,GPS,37.6,2.17,37.0,74.0,TORGI-GNSS-20180908T154238.129Z.gpkg,0,Control-74
129,130,23,GPS,33.8,2.17,272.0,47.0,TORGI-GNSS-20180908T154238.129Z.gpkg,0,Control-74
130,131,26,GPS,29.9,2.17,105.0,13.0,TORGI-GNSS-20180908T154238.129Z.gpkg,0,Control-74
131,132,31,GPS,39.1,2.17,49.0,33.0,TORGI-GNSS-20180908T154238.129Z.gpkg,0,Control-74
132,133,14,Glonass,33.7,-4.14,46.0,29.0,TORGI-GNSS-20180908T154238.129Z.gpkg,0,Control-74
133,134,16,Glonass,23.0,-4.14,167.0,16.0,TORGI-GNSS-20180908T154238.129Z.gpkg,0,Control-74
134,135,15,Glonass,32.8,-4.14,97.0,45.0,TORGI-GNSS-20180908T154238.129Z.gpkg,0,Control-74
135,136,5,Glonass,30.2,-4.14,358.0,49.0,TORGI-GNSS-20180908T154238.129Z.gpkg,0,Control-74
136,137,20,Glonass,19.4,-4.14,243.0,35.0,TORGI-GNSS-20180908T154238.129Z.gpkg,0,Control-74
137,138,21,Glonass,26.0,-4.14,307.0,26.0,TORGI-GNSS-20180908T154238.129Z.gpkg,0,Control-74
138,139,4,Glonass,27.8,-4.14,64.0,28.0,TORGI-GNSS-20180908T154238.129Z.gpkg,0,Control-74
139,140,1,GPS,35.0,1.34,205.0,59.0,TORGI-GNSS-20180908T154238.129Z.gpkg,0,Control-74
140,141,3,GPS,41.6,1.34,336.0,61.0,TORGI-GNSS-20180908T154238.129Z.gpkg,0,Control-74
141,142,9,GPS,26.6,1.34,257.0,21.0,TORGI-GNSS-20180908T154238.129Z.gpkg,0,Control-74
142,143,11,GPS,33.0,1.34,203.0,30.0,TORGI-GNSS-20180908T154238.129Z.gpkg,0,Control-74
143,144,14,GPS,32.0,1.34,53.0,16.0,TORGI-GNSS-20180908T154238.129Z.gpkg,0,Control-74
144,145,18,GPS,24.3,1.34,177.0,36.0,TORGI-GNSS-20180908T154238.129Z.gpkg,0,Control-74
145,146,22,GPS,37.3,1.34,37.0,74.0,TORGI-GNSS-20180908T154238.129Z.gpkg,0,Control-74
146,147,23,GPS,31.1,1.34,272.0,47.0,TORGI-GNSS-20180908T154238.129Z.gpkg,0,Control-74
147,148,26,GPS,30.4,1.34,105.0,13.0,TORGI-GNSS-20180908T154238.129Z.gpkg,0,Control-74
148,149,31,GPS,39.6,1.34,49.0,33.0,TORGI-GNSS-20180908T154238.129Z.gpkg,0,Control-74
149,150,14,Glonass,32.6,-4.05,46.0,29.0,TORGI-GNSS-20180908T154238.129Z.gpkg,0,Control-74
150,151,16,Glonass,26.5,-4.05,167.0,16.0,TORGI-GNSS-20180908T154238.129Z.gpkg,0,Control-74
151,152,15,Glonass,32.0,-4.05,97.0,45.0,TORGI-GNSS-20180908T154238.129Z.gpkg,0,Control-74
152,153,5,Glonass,31.4,-4.05,358.0,49.0,TORGI-GNSS-20180908T154238.129Z.gpkg,0,Control-74
153,154,20,Glonass,19.4,-4.05,243.0,35.0,TORGI-GNSS-20180908T154238.129Z.gpkg,0,Control-74
154,155,21,Glonass,26.6,-4.05,307.0,26.0,TORGI-GNSS-20180908T154238.129Z.gpkg,0,Control-74
155,156,4,Glonass,27.2,-4.05,64.0,28.0,TORGI-GNSS-20180908T154238.129Z.gpkg,0,Control-74
156,157,1,GPS,34.1,1.34,205.0,59.0,TORGI-GNSS-20180908T154238.129Z.gpkg,0,Control-74
157,158,3,GPS,41.0,1.34,336.0,61.0,TORGI-GNSS-20180908T154238.129Z.gpkg,0,Control-74
158,159,11,GPS,33.1,1.34,203.0,30.0,TORGI-GNSS-20180908T154238.129Z.gpkg,0,Control-74
159,160,14,GPS,32.1,1.34,53.0,16.0,TORGI-GNSS-20180908T154238.129Z.gpkg,0,Control-74
160,161,17,GPS,24.9,1.34,288.0,9.0,TORGI-GNSS-20180908T154238.129Z.gpkg,0,Control-74
161,162,18,GPS,22.7,1.34,177.0,36.0,TORGI-GNSS-20180908T154238.129Z.gpkg,0,Control-74
162,163,22,GPS,37.8,1.34,37.0,74.0,TORGI-GNSS-20180908T154238.129Z.gpkg,0,Control-74
163,164,23,GPS,30.4,1.34,272.0,47.0,TORGI-GNSS-20180908T154238.129Z.gpkg,0,Control-74
164,165,26,GPS,26.6,1.34,105.0,13.0,TORGI-GNSS-20180908T154238.129Z.gpkg,0,Control-74
165,166,31,GPS,40.4,1.34,49.0,33.0,TORGI-GNSS-20180908T154238.129Z.gpkg,0,Control-74
166,167,14,Glonass,32.5,-4.12,46.0,29.0,TORGI-GNSS-20180908T154238.129Z.gpkg,0,Control-74
167,168,16,Glonass,25.0,-4.12,167.0,16.0,TORGI-GNSS-20180908T154238.129Z.gpkg,0,Control-74
168,169,15,Glonass,30.8,-4.12,97.0,45.0,TORGI-GNSS-20180908T154238.129Z.gpkg,0,Control-74
169,170,5,Glonass,34.2,-4.12,358.0,49.0,TORGI-GNSS-20180908T154238.129Z.gpkg,0,Control-74
170,171,20,Glonass,19.2,-4.12,243.0,35.0,TORGI-GNSS-20180908T154238.129Z.gpkg,0,Control-74
171,172,21,Glonass,24.9,-4.12,307.0,26.0,TORGI-GNSS-20180908T154238.129Z.gpkg,0,Control-74
172,173,4,Glonass,26.0,-4.12,64.0,28.0,TORGI-GNSS-20180908T154238.129Z.gpkg,0,Control-74
173,174,1,GPS,36.0,1.34,205.0,59.0,TORGI-GNSS-20180908T154238.129Z.gpkg,0,Control-74
174,175,3,GPS,39.1,1.34,336.0,61.0,TORGI-GNSS-20180908T154238.129Z.gpkg,0,Control-74
175,176,11,GPS,34.7,1.34,203.0,30.0,TORGI-GNSS-20180908T154238.129Z.gpkg,0,Control-74
176,177,14,GPS,29.8,1.34,53.0,16.0,TORGI-GNSS-20180908T154238.129Z.gpkg,0,Control-74
177,178,17,GPS,23.8,1.34,288.0,9.0,TORGI-GNSS-20180908T154238.129Z.gpkg,0,Control-74
178,179,18,GPS,19.3,1.34,177.0,36.0,TORGI-GNSS-20180908T154238.129Z.gpkg,0,Control-74
179,180,22,GPS,36.4,1.34,37.0,74.0,TORGI-GNSS-20180908T154238.129Z.gpkg,0,Control-74
180,181,23,GPS,26.5,1.34,272.0,47.0,TORGI-GNSS-20180908T154238.129Z.gpkg,0,Control-74
181,182,26,GPS,26.5,1.34,105.0,13.0,TORGI-GNSS-20180908T154238.129Z.gpkg,0,Control-74
182,183,31,GPS,40.9,1.34,49.0,33.0,TORGI-GNSS-20180908T154238.129Z.gpkg,0,Control-74
183,184,7,Glonass,30.6,0.0,314.0,14.0,TORGI-GNSS-20180908T154238.129Z.gpkg,0,Control-74
184,185,3,GPS,38.3,0.0,133.0,61.0,TORGI-GNSS-20180908T154238.129Z.gpkg,0,Control-74
185,186,6,GPS,23.6,0.0,291.0,28.0,TORGI-GNSS-20180908T154238.129Z.gpkg,0,Control-74
186,187,7,GPS,34.3,0.0,224.0,37.0,TORGI-GNSS-20180908T154238.129Z.gpkg,0,Control-74
187,188,9,GPS,39.4,0.0,312.0,52.0,TORGI-GNSS-20180908T154238.129Z.gpkg,0,Control-74
188,189,16,GPS,34.7,0.0,82.0,31.0,TORGI-GNSS-20180908T154238.129Z.gpkg,0,Control-74
189,190,23,GPS,34.7,0.0,8.0,63.0,TORGI-GNSS-20180908T154238.129Z.gpkg,0,Control-74
190,191,16,Glonass,28.4,-4.34,106.0,75.0,TORGI-GNSS-20180908T154238.129Z.gpkg,0,Control-74
191,192,15,Glonass,24.9,-4.34,29.0,20.0,TORGI-GNSS-20180908T154238.129Z.gpkg,0,Control-74
192,193,5,Glonass,26.4,-4.34,92.0,39.0,TORGI-GNSS-20180908T154238.129Z.gpkg,0,Control-74
193,194,7,Glonass,29.1,-4.34,314.0,14.0,TORGI-GNSS-20180908T154238.129Z.gpkg,0,Control-74
194,195,3,GPS,38.1,0.7,133.0,61.0,TORGI-GNSS-20180908T154238.129Z.gpkg,0,Control-74
195,196,6,GPS,37.1,0.7,291.0,28.0,TORGI-GNSS-20180908T154238.129Z.gpkg,0,Control-74
196,197,7,GPS,34.6,0.7,224.0,37.0,TORGI-GNSS-20180908T154238.129Z.gpkg,0,Control-74
197,198,9,GPS,42.0,0.7,312.0,52.0,TORGI-GNSS-20180908T154238.129Z.gpkg,0,Control-74
198,199,16,GPS,37.4,0.7,82.0,31.0,TORGI-GNSS-20180908T154238.129Z.gpkg,0,Control-74
199,200,22,GPS,28.0,0.7,139.0,37.0,TORGI-GNSS-20180908T154238.129Z.gpkg,0,Control-74
200,201,23,GPS,40.1,0.7,8.0,63.0,TORGI-GNSS-20180908T154238.129Z.gpkg,0,Control-74
201,202,26,GPS,29.5,0.7,53.0,20.0,TORGI-GNSS-20180908T154238.129Z.gpkg,0,Control-74
202,203,9,Glonass,18.1,-4.56,192.0,28.0,TORGI-GNSS-20180908T154238.129Z.gpkg,0,Control-74
203,204,16,Glonass,28.1,-4.56,106.0,75.0,TORGI-GNSS-20180908T154238.129Z.gpkg,0,Control-74
204,205,15,Glonass,25.9,-4.56,29.0,20.0,TORGI-GNSS-20180908T154238.129Z.gpkg,0,Control-74
205,206,5,Glonass,30.4,-4.56,92.0,39.0,TORGI-GNSS-20180908T154238.129Z.gpkg,0,Control-74
206,207,7,Glonass,28.7,-4.56,314.0,14.0,TORGI-GNSS-20180908T154238.129Z.gpkg,0,Control-74
207,208,3,GPS,38.4,0.01,133.0,61.0,TORGI-GNSS-20180908T154238.129Z.gpkg,0,Control-74
208,209,6,GPS,38.9,0.01,291.0,28.0,TORGI-GNSS-20180908T154238.129Z.gpkg,0,Control-74
209,210,7,GPS,37.0,0.01,224.0,37.0,TORGI-GNSS-20180908T154238.129Z.gpkg,0,Control-74
210,211,9,GPS,43.6,0.01,312.0,52.0,TORGI-GNSS-20180908T154238.129Z.gpkg,0,Control-74
211,212,16,GPS,37.4,0.01,82.0,31.0,TORGI-GNSS-20180908T154238.129Z.gpkg,0,Control-74
212,213,22,GPS,23.8,0.01,139.0,37.0,TORGI-GNSS-20180908T154238.129Z.gpkg,0,Control-74
213,214,23,GPS,40.4,0.01,8.0,63.0,TORGI-GNSS-20180908T154238.129Z.gpkg,0,Control-74
214,215,26,GPS,28.6,0.01,53.0,20.0,TORGI-GNSS-20180908T154238.129Z.gpkg,0,Control-74
215,216,9,Glonass,19.9,-4.7,192.0,28.0,TORGI-GNSS-20180908T154238.129Z.gpkg,0,Control-74
216,217,16,Glonass,29.5,-4.7,106.0,75.0,TORGI-GNSS-20180908T154238.129Z.gpkg,0,Control-74
217,218,15,Glonass,26.4,-4.7,29.0,20.0,TORGI-GNSS-20180908T154238.129Z.gpkg,0,Control-74
218,219,5,Glonass,28.7,-4.7,92.0,39.0,TORGI-GNSS-20180908T154238.129Z.gpkg,0,Control-74
219,220,7,Glonass,25.3,-4.7,314.0,14.0,TORGI-GNSS-20180908T154238.129Z.gpkg,0,Control-74
220,221,3,GPS,38.1,0.01,133.0,61.0,TORGI-GNSS-20180908T154238.129Z.gpkg,0,Control-74
221,222,6,GPS,39.4,0.01,291.0,28.0,TORGI-GNSS-20180908T154238.129Z.gpkg,0,Control-74
222,223,7,GPS,35.9,0.01,224.0,37.0,TORGI-GNSS-20180908T154238.129Z.gpkg,0,Control-74
223,224,9,GPS,42.4,0.01,312.0,52.0,TORGI-GNSS-20180908T154238.129Z.gpkg,0,Control-74
224,225,16,GPS,39.8,0.01,82.0,31.0,TORGI-GNSS-20180908T154238.129Z.gpkg,0,Control-74
225,226,22,GPS,31.4,0.01,139.0,37.0,TORGI-GNSS-20180908T154238.129Z.gpkg,0,Control-74
226,227,23,GPS,37.2,0.01,8.0,63.0,TORGI-GNSS-20180908T154238.129Z.gpkg,0,Control-74
227,228,26,GPS,24.5,0.01,53.0,20.0,TORGI-GNSS-20180908T154238.129Z.gpkg,0,Control-74
228,229,9,Glonass,24.3,-4.46,192.0,28.0,TORGI-GNSS-20180908T154238.129Z.gpkg,0,Control-74
229,230,16,Glonass,30.8,-4.46,106.0,75.0,TORGI-GNSS-20180908T154238.129Z.gpkg,0,Control-74
230,231,15,Glonass,22.1,-4.46,29.0,20.0,TORGI-GNSS-20180908T154238.129Z.gpkg,0,Control-74
231,232,5,Glonass,35.3,-4.46,92.0,39.0,TORGI-GNSS-20180908T154238.129Z.gpkg,0,Control-74
232,233,7,Glonass,21.5,-4.46,314.0,14.0,TORGI-GNSS-20180908T154238.129Z.gpkg,0,Control-74
233,234,3,GPS,39.7,0.01,133.0,61.0,TORGI-GNSS-20180908T154238.129Z.gpkg,0,Control-74
234,235,6,GPS,36.5,0.01,291.0,28.0,TORGI-GNSS-20180908T154238.129Z.gpkg,0,Control-74
235,236,7,GPS,34.5,0.01,224.0,37.0,TORGI-GNSS-20180908T154238.129Z.gpkg,0,Control-74
236,237,9,GPS,43.1,0.01,312.0,52.0,TORGI-GNSS-20180908T154238.129Z.gpkg,0,Control-74
237,238,16,GPS,39.4,0.01,82.0,31.0,TORGI-GNSS-20180908T154238.129Z.gpkg,0,Control-74
238,239,22,GPS,31.2,0.01,139.0,37.0,TORGI-GNSS-20180908T154238.129Z.gpkg,0,Control-74
239,240,23,GPS,37.0,0.01,8.0,63.0,TORGI-GNSS-20180908T154238.129Z.gpkg,0,Control-74
240,241,26,GPS,30.1,0.01,53.0,20.0,TORGI-GNSS-20180908T154238.129Z.gpkg,0,Control-74
241,242,22,Glonass,27.8,-4.52,300.0,9.0,TORGI-GNSS-20180908T154238.129Z.gpkg,0,Control-74
242,243,9,Glonass,26.6,-4.52,192.0,28.0,TORGI-GNSS-20180908T154238.129Z.gpkg,0,Control-74
243,244,16,Glonass,31.8,-4.52,106.0,75.0,TORGI-GNSS-20180908T154238.129Z.gpkg,0,Control-74
244,245,15,Glonass,27.7,-4.52,29.0,20.0,TORGI-GNSS-20180908T154238.129Z.gpkg,0,Control-74
245,246,5,Glonass,35.8,-4.52,92.0,39.0,TORGI-GNSS-20180908T154238.129Z.gpkg,0,Control-74
246,247,7,Glonass,26.5,-4.52,314.0,14.0,TORGI-GNSS-20180908T154238.129Z.gpkg,0,Control-74
247,248,3,GPS,42.4,0.23,133.0,61.0,TORGI-GNSS-20180908T154238.129Z.gpkg,0,Control-74
248,249,6,GPS,38.1,0.23,291.0,28.0,TORGI-GNSS-20180908T154238.129Z.gpkg,0,Control-74
249,250,7,GPS,37.7,0.23,224.0,37.0,TORGI-GNSS-20180908T154238.129Z.gpkg,0,Control-74
250,251,9,GPS,43.3,0.23,312.0,52.0,TORGI-GNSS-20180908T154238.129Z.gpkg,0,Control-74
251,252,16,GPS,38.6,0.23,82.0,31.0,TORGI-GNSS-20180908T154238.129Z.gpkg,0,Control-74
252,253,22,GPS,34.7,0.23,139.0,37.0,TORGI-GNSS-20180908T154238.129Z.gpkg,0,Control-74
253,254,23,GPS,36.5,0.23,8.0,63.0,TORGI-GNSS-20180908T154238.129Z.gpkg,0,Control-74
254,255,26,GPS,33.7,0.23,53.0,20.0,TORGI-GNSS-20180908T154238.129Z.gpkg,0,Control-74
255,256,22,Glonass,30.0,9.24,300.0,9.0,TORGI-GNSS-20180908T154238.129Z.gpkg,0,Control-74
256,257,9,Glonass,29.9,9.24,192.0,28.0,TORGI-GNSS-20180908T154238.129Z.gpkg,0,Control-74
257,258,16,Glonass,30.9,9.24,106.0,75.0,TORGI-GNSS-20180908T154238.129Z.gpkg,0,Control-74
258,259,15,Glonass,26.0,9.24,29.0,20.0,TORGI-GNSS-20180908T154238.129Z.gpkg,0,Control-74
259,260,5,Glonass,35.3,9.24,92.0,39.0,TORGI-GNSS-20180908T154238.129Z.gpkg,0,Control-74
260,261,7,Glonass,27.5,9.24,314.0,14.0,TORGI-GNSS-20180908T154238.129Z.gpkg,0,Control-74
261,262,3,GPS,42.3,0.01,133.0,61.0,TORGI-GNSS-20180908T154238.129Z.gpkg,0,Control-74
262,263,6,GPS,38.7,0.01,291.0,28.0,TORGI-GNSS-20180908T154238.129Z.gpkg,0,Control-74
263,264,7,GPS,37.3,0.01,224.0,37.0,TORGI-GNSS-20180908T154238.129Z.gpkg,0,Control-74
264,265,9,GPS,43.8,0.01,312.0,52.0,TORGI-GNSS-20180908T154238.129Z.gpkg,0,Control-74
265,266,16,GPS,39.6,0.01,82.0,31.0,TORGI-GNSS-20180908T154238.129Z.gpkg,0,Control-74
266,267,22,GPS,33.6,0.01,139.0,37.0,TORGI-GNSS-20180908T154238.129Z.gpkg,0,Control-74
267,268,23,GPS,38.0,0.01,8.0,63.0,TORGI-GNSS-20180908T154238.129Z.gpkg,0,Control-74
268,269,26,GPS,34.8,0.01,53.0,20.0,TORGI-GNSS-20180908T154238.129Z.gpkg,0,Control-74
269,270,22,Glonass,29.6,9.35,300.0,9.0,TORGI-GNSS-20180908T154238.129Z.gpkg,0,Control-74
270,271,9,Glonass,29.8,9.35,192.0,28.0,TORGI-GNSS-20180908T154238.129Z.gpkg,0,Control-74
271,272,16,Glonass,29.7,9.35,106.0,75.0,TORGI-GNSS-20180908T154238.129Z.gpkg,0,Control-74
272,273,15,Glonass,21.9,9.35,29.0,20.0,TORGI-GNSS-20180908T154238.129Z.gpkg,0,Control-74
273,274,5,Glonass,36.2,9.35,92.0,39.0,TORGI-GNSS-20180908T154238.129Z.gpkg,0,Control-74
274,275,7,Glonass,28.8,9.35,314.0,14.0,TORGI-GNSS-20180908T154238.129Z.gpkg,0,Control-74
275,276,3,GPS,42.4,0.01,133.0,61.0,TORGI-GNSS-20180908T154238.129Z.gpkg,0,Control-74
276,277,6,GPS,38.0,0.01,291.0,28.0,TORGI-GNSS-20180908T154238.129Z.gpkg,0,Control-74
277,278,7,GPS,36.7,0.01,224.0,37.0,TORGI-GNSS-20180908T154238.129Z.gpkg,0,Control-74
278,279,9,GPS,44.3,0.01,312.0,52.0,TORGI-GNSS-20180908T154238.129Z.gpkg,0,Control-74
279,280,16,GPS,39.6,0.01,82.0,31.0,TORGI-GNSS-20180908T154238.129Z.gpkg,0,Control-74
280,281,22,GPS,33.6,0.01,139.0,37.0,TORGI-GNSS-20180908T154238.129Z.gpkg,0,Control-74
281,282,23,GPS,40.0,0.01,8.0,63.0,TORGI-GNSS-20180908T154238.129Z.gpkg,0,Control-74
282,283,26,GPS,32.6,0.01,53.0,20.0,TORGI-GNSS-20180908T154238.129Z.gpkg,0,Control-74
283,284,22,Glonass,29.1,9.57,300.0,9.0,TORGI-GNSS-20180908T154238.129Z.gpkg,0,Control-74
284,285,9,Glonass,24.2,9.57,192.0,28.0,TORGI-GNSS-20180908T154238.129Z.gpkg,0,Control-74
285,286,16,Glonass,27.7,9.57,106.0,75.0,TORGI-GNSS-20180908T154238.129Z.gpkg,0,Control-74
286,287,15,Glonass,24.8,9.57,29.0,20.0,TORGI-GNSS-20180908T154238.129Z.gpkg,0,Control-74
287,288,5,Glonass,37.1,9.57,92.0,39.0,TORGI-GNSS-20180908T154238.129Z.gpkg,0,Control-74
288,289,7,Glonass,29.7,9.57,314.0,14.0,TORGI-GNSS-20180908T154238.129Z.gpkg,0,Control-74
289,290,3,GPS,40.4,0.01,133.0,61.0,TORGI-GNSS-20180908T154238.129Z.gpkg,0,Control-74
290,291,6,GPS,36.5,0.01,291.0,28.0,TORGI-GNSS-20180908T154238.129Z.gpkg,0,Control-74
291,292,7,GPS,34.2,0.01,224.0,37.0,TORGI-GNSS-20180908T154238.129Z.gpkg,0,Control-74
292,293,9,GPS,43.5,0.01,312.0,52.0,TORGI-GNSS-20180908T154238.129Z.gpkg,0,Control-74
293,294,16,GPS,38.0,0.01,82.0,31.0,TORGI-GNSS-20180908T154238.129Z.gpkg,0,Control-74
294,295,22,GPS,31.1,0.01,139.0,37.0,TORGI-GNSS-20180908T154238.129Z.gpkg,0,Control-74
295,296,23,GPS,38.8,0.01,8.0,63.0,TORGI-GNSS-20180908T154238.129Z.gpkg,0,Control-74
296,297,26,GPS,31.3,0.01,53.0,20.0,TORGI-GNSS-20180908T154238.129Z.gpkg,0,Control-74
297,298,22,Glonass,23.6,10.38,300.0,9.0,TORGI-GNSS-20180908T154238.129Z.gpkg,0,Control-74
298,299,9,Glonass,31.5,10.38,192.0,28.0,TORGI-GNSS-20180908T154238.129Z.gpkg,0,Control-74
299,300,16,Glonass,28.9,10.38,106.0,75.0,TORGI-GNSS-20180908T154238.129Z.gpkg,0,Control-74
300,301,15,Glonass,22.0,10.38,29.0,20.0,TORGI-GNSS-20180908T154238.129Z.gpkg,0,Control-74
301,302,5,Glonass,38.5,10.38,92.0,39.0,TORGI-GNSS-20180908T154238.129Z.gpkg,0,Control-74
302,303,7,Glonass,28.8,10.38,314.0,14.0,TORGI-GNSS-20180908T154238.129Z.gpkg,0,Control-74
303,304,3,GPS,42.0,0.23,133.0,61.0,TORGI-GNSS-20180908T154238.129Z.gpkg,0,Control-74
304,305,6,GPS,36.2,0.23,291.0,28.0,TORGI-GNSS-20180908T154238.129Z.gpkg,0,Control-74
305,306,7,GPS,29.7,0.23,224.0,37.0,TORGI-GNSS-20180908T154238.129Z.gpkg,0,Control-74
306,307,9,GPS,42.2,0.23,312.0,52.0,TORGI-GNSS-20180908T154238.129Z.gpkg,0,Control-74
307,308,16,GPS,36.3,0.23,82.0,31.0,TORGI-GNSS-20180908T154238.129Z.gpkg,0,Control-74
308,309,22,GPS,33.1,0.23,139.0,37.0,TORGI-GNSS-20180908T154238.129Z.gpkg,0,Control-74
309,310,23,GPS,39.6,0.23,8.0,63.0,TORGI-GNSS-20180908T154238.129Z.gpkg,0,Control-74
310,311,26,GPS,31.8,0.23,53.0,20.0,TORGI-GNSS-20180908T154238.129Z.gpkg,0,Control-74
311,312,22,Glonass,30.8,10.16,300.0,9.0,TORGI-GNSS-20180908T154238.129Z.gpkg,0,Control-74
312,313,9,Glonass,27.6,10.16,192.0,28.0,TORGI-GNSS-20180908T154238.129Z.gpkg,0,Control-74
313,314,16,Glonass,27.4,10.16,106.0,75.0,TORGI-GNSS-20180908T154238.129Z.gpkg,0,Control-74
314,315,15,Glonass,18.2,10.16,29.0,20.0,TORGI-GNSS-20180908T154238.129Z.gpkg,0,Control-74
315,316,5,Glonass,34.8,10.16,92.0,39.0,TORGI-GNSS-20180908T154238.129Z.gpkg,0,Control-74
316,317,7,Glonass,30.6,10.16,314.0,14.0,TORGI-GNSS-20180908T154238.129Z.gpkg,0,Control-74
317,318,3,GPS,42.0,0.23,133.0,61.0,TORGI-GNSS-20180908T154238.129Z.gpkg,0,Control-74
318,319,6,GPS,37.1,0.23,291.0,28.0,TORGI-GNSS-20180908T154238.129Z.gpkg,0,Control-74
319,320,7,GPS,32.0,0.23,224.0,37.0,TORGI-GNSS-20180908T154238.129Z.gpkg,0,Control-74
320,321,9,GPS,42.2,0.23,312.0,52.0,TORGI-GNSS-20180908T154238.129Z.gpkg,0,Control-74
321,322,16,GPS,39.9,0.23,82.0,31.0,TORGI-GNSS-20180908T154238.129Z.gpkg,0,Control-74
322,323,22,GPS,34.1,0.23,139.0,37.0,TORGI-GNSS-20180908T154238.129Z.gpkg,0,Control-74
323,324,23,GPS,40.0,0.23,8.0,63.0,TORGI-GNSS-20180908T154238.129Z.gpkg,0,Control-74
324,325,26,GPS,28.7,0.23,53.0,20.0,TORGI-GNSS-20180908T154238.129Z.gpkg,0,Control-74
325,326,22,Glonass,33.3,10.16,300.0,9.0,TORGI-GNSS-20180908T154238.129Z.gpkg,0,Control-74
326,327,9,Glonass,29.4,10.16,192.0,28.0,TORGI-GNSS-20180908T154238.129Z.gpkg,0,Control-74
327,328,16,Glonass,29.0,10.16,106.0,75.0,TORGI-GNSS-20180908T154238.129Z.gpkg,0,Control-74
328,329,15,Glonass,18.2,10.16,29.0,20.0,TORGI-GNSS-20180908T154238.129Z.gpkg,0,Control-74
329,330,5,Glonass,33.9,10.16,92.0,39.0,TORGI-GNSS-20180908T154238.129Z.gpkg,0,Control-74
330,331,7,Glonass,31.7,10.16,314.0,14.0,TORGI-GNSS-20180908T154238.129Z.gpkg,0,Control-74
331,332,3,GPS,41.8,0.23,133.0,61.0,TORGI-GNSS-20180908T154238.129Z.gpkg,0,Control-74
332,333,6,GPS,38.0,0.23,291.0,28.0,TORGI-GNSS-20180908T154238.129Z.gpkg,0,Control-74
333,334,7,GPS,35.2,0.23,224.0,37.0,TORGI-GNSS-20180908T154238.129Z.gpkg,0,Control-74
334,335,9,GPS,40.6,0.23,312.0,52.0,TORGI-GNSS-20180908T154238.129Z.gpkg,0,Control-74
335,336,16,GPS,39.6,0.23,82.0,31.0,TORGI-GNSS-20180908T154238.129Z.gpkg,0,Control-74
336,337,22,GPS,34.9,0.23,139.0,37.0,TORGI-GNSS-20180908T154238.129Z.gpkg,0,Control-74
337,338,23,GPS,39.5,0.23,8.0,63.0,TORGI-GNSS-20180908T154238.129Z.gpkg,0,Control-74
338,339,26,GPS,32.1,0.23,53.0,20.0,TORGI-GNSS-20180908T154238.129Z.gpkg,0,Control-74
339,340,9,Glonass,28.3,10.16,192.0,28.0,TORGI-GNSS-20180908T154238.129Z.gpkg,0,Control-74
340,341,16,Glonass,30.1,10.16,106.0,75.0,TORGI-GNSS-20180908T154238.129Z.gpkg,0,Control-74
341,342,15,Glonass,27.1,10.16,29.0,20.0,TORGI-GNSS-20180908T154238.129Z.gpkg,0,Control-74
342,343,5,Glonass,33.3,10.16,92.0,39.0,TORGI-GNSS-20180908T154238.129Z.gpkg,0,Control-74
343,344,1,GPS,26.7,0.23,182.0,8.0,TORGI-GNSS-20180908T154238.129Z.gpkg,0,Control-74
344,345,3,GPS,38.6,0.23,133.0,61.0,TORGI-GNSS-20180908T154238.129Z.gpkg,0,Control-74
345,346,6,GPS,36.8,0.23,291.0,28.0,TORGI-GNSS-20180908T154238.129Z.gpkg,0,Control-74
346,347,7,GPS,34.2,0.23,224.0,37.0,TORGI-GNSS-20180908T154238.129Z.gpkg,0,Control-74
347,348,9,GPS,41.8,0.23,312.0,52.0,TORGI-GNSS-20180908T154238.129Z.gpkg,0,Control-74
348,349,16,GPS,39.7,0.23,82.0,31.0,TORGI-GNSS-20180908T154238.129Z.gpkg,0,Control-74
349,350,22,GPS,32.2,0.23,139.0,37.0,TORGI-GNSS-20180908T154238.129Z.gpkg,0,Control-74
350,351,23,GPS,37.4,0.23,8.0,63.0,TORGI-GNSS-20180908T154238.129Z.gpkg,0,Control-74
351,352,26,GPS,35.5,0.23,53.0,20.0,TORGI-GNSS-20180908T154238.129Z.gpkg,0,Control-74
352,353,9,GPS,32.9,0.0,314.0,52.0,TORGI-GNSS-20180908T154238.129Z.gpkg,0,Control-74
353,354,22,GPS,30.0,0.0,139.0,37.0,TORGI-GNSS-20180908T154238.129Z.gpkg,0,Control-74
