,id,svid,constellation,cn0,agc,azimuth_deg,elevation_deg,fileName,CONUS,fileId
0,1,14,Glonass,32.1,3.14,98.0,51.0,TORGI-GNSS-20180907T160930.857Z.gpkg,0,Control-89
1,2,5,Glonass,27.5,3.14,309.0,26.0,TORGI-GNSS-20180907T160930.857Z.gpkg,0,Control-89
2,3,19,Glonass,24.8,3.14,230.0,25.0,TORGI-GNSS-20180907T160930.857Z.gpkg,0,Control-89
3,4,3,Glonass,33.0,3.14,75.0,22.0,TORGI-GNSS-20180907T160930.857Z.gpkg,0,Control-89
4,5,4,Glonass,32.9,3.14,12.0,51.0,TORGI-GNSS-20180907T160930.857Z.gpkg,0,Control-89
5,6,1,GPS,24.9,0.42,198.0,49.0,TORGI-GNSS-20180907T160930.857Z.gpkg,0,Control-89
6,7,3,GPS,42.2,0.42,351.0,68.0,TORGI-GNSS-20180907T160930.857Z.gpkg,0,Control-89
7,8,9,GPS,26.7,0.42,265.0,26.0,TORGI-GNSS-20180907T160930.857Z.gpkg,0,Control-89
8,9,11,GPS,27.7,0.42,199.0,22.0,TORGI-GNSS-20180907T160930.857Z.gpkg,0,Control-89
9,10,18,GPS,31.4,0.42,175.0,26.0,TORGI-GNSS-20180907T160930.857Z.gpkg,0,Control-89
10,11,22,GPS,36.9,0.42,74.0,73.0,TORGI-GNSS-20180907T160930.857Z.gpkg,0,Control-89
11,12,23,GPS,34.7,0.42,285.0,53.0,TORGI-GNSS-20180907T160930.857Z.gpkg,0,Control-89
12,13,26,GPS,34.2,0.42,97.0,17.0,TORGI-GNSS-20180907T160930.857Z.gpkg,0,Control-89
13,14,31,GPS,32.1,0.42,43.0,26.0,TORGI-GNSS-20180907T160930.857Z.gpkg,0,Control-89
14,15,14,Glonass,30.1,3.14,98.0,51.0,TORGI-GNSS-20180907T160930.857Z.gpkg,0,Control-89
15,16,5,Glonass,28.3,3.14,309.0,26.0,TORGI-GNSS-20180907T160930.857Z.gpkg,0,Control-89
16,17,20,Glonass,22.6,3.14,295.0,28.0,TORGI-GNSS-20180907T160930.857Z.gpkg,0,Control-89
17,18,19,Glonass,27.7,3.14,230.0,25.0,TORGI-GNSS-20180907T160930.857Z.gpkg,0,Control-89
18,19,3,Glonass,29.8,3.14,75.0,22.0,TORGI-GNSS-20180907T160930.857Z.gpkg,0,Control-89
19,20,4,Glonass,35.0,3.14,12.0,51.0,TORGI-GNSS-20180907T160930.857Z.gpkg,0,Control-89
20,21,1,GPS,29.7,0.42,198.0,49.0,TORGI-GNSS-20180907T160930.857Z.gpkg,0,Control-89
21,22,3,GPS,43.6,0.42,351.0,68.0,TORGI-GNSS-20180907T160930.857Z.gpkg,0,Control-89
22,23,9,GPS,36.1,0.42,265.0,26.0,TORGI-GNSS-20180907T160930.857Z.gpkg,0,Control-89
23,24,11,GPS,28.5,0.42,199.0,22.0,TORGI-GNSS-20180907T160930.857Z.gpkg,0,Control-89
24,25,16,GPS,25.4,0.42,125.0,9.0,TORGI-GNSS-20180907T160930.857Z.gpkg,0,Control-89
25,26,18,GPS,31.2,0.42,175.0,26.0,TORGI-GNSS-20180907T160930.857Z.gpkg,0,Control-89
26,27,22,GPS,38.9,0.42,74.0,73.0,TORGI-GNSS-20180907T160930.857Z.gpkg,0,Control-89
27,28,23,GPS,38.3,0.42,285.0,53.0,TORGI-GNSS-20180907T160930.857Z.gpkg,0,Control-89
28,29,26,GPS,33.5,0.42,97.0,17.0,TORGI-GNSS-20180907T160930.857Z.gpkg,0,Control-89
