,id,svid,constellation,cn0,agc,azimuth_deg,elevation_deg,fileName,CONUS,fileId
0,1,14,Glonass,28.4,6.5,0.0,0.0,TORGI-GNSS-20180908T154241.048Z.gpkg,0,Control-41
1,2,16,Glonass,25.5,6.5,0.0,0.0,TORGI-GNSS-20180908T154241.048Z.gpkg,0,Control-41
2,3,15,Glonass,35.1,6.5,0.0,0.0,TORGI-GNSS-20180908T154241.048Z.gpkg,0,Control-41
3,4,5,Glonass,27.0,6.5,0.0,0.0,TORGI-GNSS-20180908T154241.048Z.gpkg,0,Control-41
4,5,20,Glonass,28.3,6.5,0.0,0.0,TORGI-GNSS-20180908T154241.048Z.gpkg,0,Control-41
5,6,4,Glonass,24.6,6.5,0.0,0.0,TORGI-GNSS-20180908T154241.048Z.gpkg,0,Control-41
6,7,1,GPS,38.2,-0.32,0.0,0.0,TORGI-GNSS-20180908T154241.048Z.gpkg,0,Control-41
7,8,3,GPS,39.7,-0.32,0.0,0.0,TORGI-GNSS-20180908T154241.048Z.gpkg,0,Control-41
8,9,9,GPS,34.5,-0.32,0.0,0.0,TORGI-GNSS-20180908T154241.048Z.gpkg,0,Control-41
9,10,11,GPS,27.6,-0.32,0.0,0.0,TORGI-GNSS-20180908T154241.048Z.gpkg,0,Control-41
10,11,17,GPS,26.1,-0.32,0.0,0.0,TORGI-GNSS-20180908T154241.048Z.gpkg,0,Control-41
11,12,18,GPS,33.2,-0.32,0.0,0.0,TORGI-GNSS-20180908T154241.048Z.gpkg,0,Control-41
12,13,22,GPS,37.5,-0.32,0.0,0.0,TORGI-GNSS-20180908T154241.048Z.gpkg,0,Control-41
13,14,23,GPS,36.5,-0.32,0.0,0.0,TORGI-GNSS-20180908T154241.048Z.gpkg,0,Control-41
14,15,26,GPS,23.1,-0.32,0.0,0.0,TORGI-GNSS-20180908T154241.048Z.gpkg,0,Control-41
15,16,31,GPS,29.3,-0.32,0.0,0.0,TORGI-GNSS-20180908T154241.048Z.gpkg,0,Control-41
16,17,14,Glonass,25.5,6.5,47.0,29.0,TORGI-GNSS-20180908T154241.048Z.gpkg,0,Control-41
17,18,16,Glonass,27.2,6.5,167.0,15.0,TORGI-GNSS-20180908T154241.048Z.gpkg,0,Control-41
18,19,15,Glonass,35.5,6.5,97.0,45.0,TORGI-GNSS-20180908T154241.048Z.gpkg,0,Control-41
19,20,5,Glonass,33.1,6.5,357.0,49.0,TORGI-GNSS-20180908T154241.048Z.gpkg,0,Control-41
20,21,20,Glonass,26.7,6.5,244.0,35.0,TORGI-GNSS-20180908T154241.048Z.gpkg,0,Control-41
21,22,4,Glonass,27.2,6.5,63.0,28.0,TORGI-GNSS-20180908T154241.048Z.gpkg,0,Control-41
22,23,1,GPS,39.5,-0.32,206.0,59.0,TORGI-GNSS-20180908T154241.048Z.gpkg,0,Control-41
23,24,3,GPS,41.0,-0.32,336.0,60.0,TORGI-GNSS-20180908T154241.048Z.gpkg,0,Control-41
24,25,9,GPS,33.9,-0.32,257.0,20.0,TORGI-GNSS-20180908T154241.048Z.gpkg,0,Control-41
25,26,11,GPS,32.8,-0.32,205.0,30.0,TORGI-GNSS-20180908T154241.048Z.gpkg,0,Control-41
26,27,18,GPS,27.1,-0.32,177.0,37.0,TORGI-GNSS-20180908T154241.048Z.gpkg,0,Control-41
27,28,22,GPS,36.4,-0.32,35.0,73.0,TORGI-GNSS-20180908T154241.048Z.gpkg,0,Control-41
28,29,23,GPS,35.9,-0.32,271.0,47.0,TORGI-GNSS-20180908T154241.048Z.gpkg,0,Control-41
29,30,26,GPS,26.3,-0.32,106.0,12.0,TORGI-GNSS-20180908T154241.048Z.gpkg,0,Control-41
30,31,31,GPS,29.6,-0.32,50.0,34.0,TORGI-GNSS-20180908T154241.048Z.gpkg,0,Control-41
31,32,14,Glonass,29.0,6.5,47.0,29.0,TORGI-GNSS-20180908T154241.048Z.gpkg,0,Control-41
32,33,16,Glonass,27.6,6.5,167.0,15.0,TORGI-GNSS-20180908T154241.048Z.gpkg,0,Control-41
33,34,15,Glonass,34.8,6.5,97.0,45.0,TORGI-GNSS-20180908T154241.048Z.gpkg,0,Control-41
34,35,5,Glonass,27.0,6.5,357.0,49.0,TORGI-GNSS-20180908T154241.048Z.gpkg,0,Control-41
35,36,20,Glonass,28.3,6.5,244.0,35.0,TORGI-GNSS-20180908T154241.048Z.gpkg,0,Control-41
36,37,4,Glonass,25.4,6.5,63.0,28.0,TORGI-GNSS-20180908T154241.048Z.gpkg,0,Control-41
37,38,1,GPS,38.7,-0.32,206.0,59.0,TORGI-GNSS-20180908T154241.048Z.gpkg,0,Control-41
38,39,3,GPS,38.9,-0.32,336.0,60.0,TORGI-GNSS-20180908T154241.048Z.gpkg,0,Control-41
39,40,9,GPS,31.9,-0.32,257.0,20.0,TORGI-GNSS-20180908T154241.048Z.gpkg,0,Control-41
40,41,11,GPS,31.6,-0.32,205.0,30.0,TORGI-GNSS-20180908T154241.048Z.gpkg,0,Control-41
41,42,14,GPS,26.5,-0.32,0.0,0.0,TORGI-GNSS-20180908T154241.048Z.gpkg,0,Control-41
42,43,17,GPS,24.8,-0.32,288.0,9.0,TORGI-GNSS-20180908T154241.048Z.gpkg,0,Control-41
43,44,18,GPS,28.4,-0.32,177.0,37.0,TORGI-GNSS-20180908T154241.048Z.gpkg,0,Control-41
44,45,22,GPS,33.2,-0.32,35.0,73.0,TORGI-GNSS-20180908T154241.048Z.gpkg,0,Control-41
45,46,23,GPS,35.2,-0.32,271.0,47.0,TORGI-GNSS-20180908T154241.048Z.gpkg,0,Control-41
46,47,26,GPS,29.8,-0.32,106.0,12.0,TORGI-GNSS-20180908T154241.048Z.gpkg,0,Control-41
47,48,31,GPS,34.5,-0.32,50.0,34.0,TORGI-GNSS-20180908T154241.048Z.gpkg,0,Control-41
48,49,3,GPS,38.4,-0.81,336.0,61.0,TORGI-GNSS-20180908T154241.048Z.gpkg,0,Control-41
49,50,22,GPS,32.9,-0.81,37.0,74.0,TORGI-GNSS-20180908T154241.048Z.gpkg,0,Control-41
50,51,31,GPS,37.6,-0.81,49.0,33.0,TORGI-GNSS-20180908T154241.048Z.gpkg,0,Control-41
51,52,14,Glonass,32.0,-1.35,46.0,29.0,TORGI-GNSS-20180908T154241.048Z.gpkg,0,Control-41
52,53,16,Glonass,19.9,-1.35,167.0,16.0,TORGI-GNSS-20180908T154241.048Z.gpkg,0,Control-41
53,54,15,Glonass,32.4,-1.35,97.0,45.0,TORGI-GNSS-20180908T154241.048Z.gpkg,0,Control-41
54,55,5,Glonass,29.7,-1.35,358.0,49.0,TORGI-GNSS-20180908T154241.048Z.gpkg,0,Control-41
55,56,20,Glonass,22.3,-1.35,243.0,35.0,TORGI-GNSS-20180908T154241.048Z.gpkg,0,Control-41
56,57,21,Glonass,22.2,-1.35,307.0,26.0,TORGI-GNSS-20180908T154241.048Z.gpkg,0,Control-41
57,58,4,Glonass,29.3,-1.35,64.0,28.0,TORGI-GNSS-20180908T154241.048Z.gpkg,0,Control-41
58,59,1,GPS,35.2,0.9,205.0,59.0,TORGI-GNSS-20180908T154241.048Z.gpkg,0,Control-41
59,60,3,GPS,40.7,0.9,336.0,61.0,TORGI-GNSS-20180908T154241.048Z.gpkg,0,Control-41
60,61,11,GPS,29.4,0.9,203.0,30.0,TORGI-GNSS-20180908T154241.048Z.gpkg,0,Control-41
61,62,14,GPS,30.8,0.9,53.0,16.0,TORGI-GNSS-20180908T154241.048Z.gpkg,0,Control-41
62,63,18,GPS,32.2,0.9,177.0,36.0,TORGI-GNSS-20180908T154241.048Z.gpkg,0,Control-41
63,64,22,GPS,36.8,0.9,37.0,74.0,TORGI-GNSS-20180908T154241.048Z.gpkg,0,Control-41
64,65,23,GPS,29.9,0.9,272.0,47.0,TORGI-GNSS-20180908T154241.048Z.gpkg,0,Control-41
65,66,26,GPS,28.9,0.9,105.0,13.0,TORGI-GNSS-20180908T154241.048Z.gpkg,0,Control-41
66,67,31,GPS,38.9,0.9,49.0,33.0,TORGI-GNSS-20180908T154241.048Z.gpkg,0,Control-41
67,68,14,Glonass,33.1,-2.97,46.0,29.0,TORGI-GNSS-20180908T154241.048Z.gpkg,0,Control-41
68,69,16,Glonass,20.3,-2.97,167.0,16.0,TORGI-GNSS-20180908T154241.048Z.gpkg,0,Control-41
69,70,15,Glonass,31.5,-2.97,97.0,45.0,TORGI-GNSS-20180908T154241.048Z.gpkg,0,Control-41
70,71,5,Glonass,33.0,-2.97,358.0,49.0,TORGI-GNSS-20180908T154241.048Z.gpkg,0,Control-41
71,72,20,Glonass,26.0,-2.97,243.0,35.0,TORGI-GNSS-20180908T154241.048Z.gpkg,0,Control-41
72,73,21,Glonass,21.0,-2.97,307.0,26.0,TORGI-GNSS-20180908T154241.048Z.gpkg,0,Control-41
73,74,4,Glonass,26.4,-2.97,64.0,28.0,TORGI-GNSS-20180908T154241.048Z.gpkg,0,Control-41
74,75,1,GPS,36.3,2.17,205.0,59.0,TORGI-GNSS-20180908T154241.048Z.gpkg,0,Control-41
75,76,3,GPS,41.3,2.17,336.0,61.0,TORGI-GNSS-20180908T154241.048Z.gpkg,0,Control-41
76,77,9,GPS,32.0,2.17,257.0,21.0,TORGI-GNSS-20180908T154241.048Z.gpkg,0,Control-41
77,78,11,GPS,29.2,2.17,203.0,30.0,TORGI-GNSS-20180908T154241.048Z.gpkg,0,Control-41
78,79,14,GPS,31.6,2.17,53.0,16.0,TORGI-GNSS-20180908T154241.048Z.gpkg,0,Control-41
79,80,17,GPS,22.9,2.17,288.0,9.0,TORGI-GNSS-20180908T154241.048Z.gpkg,0,Control-41
80,81,18,GPS,29.3,2.17,177.0,36.0,TORGI-GNSS-20180908T154241.048Z.gpkg,0,Control-41
81,82,22,GPS,37.6,2.17,37.0,74.0,TORGI-GNSS-20180908T154241.048Z.gpkg,0,Control-41
82,83,23,GPS,33.8,2.17,272.0,47.0,TORGI-GNSS-20180908T154241.048Z.gpkg,0,Control-41
83,84,26,GPS,29.9,2.17,105.0,13.0,TORGI-GNSS-20180908T154241.048Z.gpkg,0,Control-41
84,85,31,GPS,39.1,2.17,49.0,33.0,TORGI-GNSS-20180908T154241.048Z.gpkg,0,Control-41
85,86,14,Glonass,33.7,-4.14,46.0,29.0,TORGI-GNSS-20180908T154241.048Z.gpkg,0,Control-41
86,87,16,Glonass,23.0,-4.14,167.0,16.0,TORGI-GNSS-20180908T154241.048Z.gpkg,0,Control-41
87,88,15,Glonass,32.8,-4.14,97.0,45.0,TORGI-GNSS-20180908T154241.048Z.gpkg,0,Control-41
88,89,5,Glonass,30.2,-4.14,358.0,49.0,TORGI-GNSS-20180908T154241.048Z.gpkg,0,Control-41
89,90,20,Glonass,19.4,-4.14,243.0,35.0,TORGI-GNSS-20180908T154241.048Z.gpkg,0,Control-41
90,91,21,Glonass,26.0,-4.14,307.0,26.0,TORGI-GNSS-20180908T154241.048Z.gpkg,0,Control-41
91,92,4,Glonass,27.8,-4.14,64.0,28.0,TORGI-GNSS-20180908T154241.048Z.gpkg,0,Control-41
92,93,1,GPS,35.0,1.34,205.0,59.0,TORGI-GNSS-20180908T154241.048Z.gpkg,0,Control-41
93,94,3,GPS,41.6,1.34,336.0,61.0,TORGI-GNSS-20180908T154241.048Z.gpkg,0,Control-41
94,95,9,GPS,26.6,1.34,257.0,21.0,TORGI-GNSS-20180908T154241.048Z.gpkg,0,Control-41
95,96,11,GPS,33.0,1.34,203.0,30.0,TORGI-GNSS-20180908T154241.048Z.gpkg,0,Control-41
96,97,14,GPS,32.0,1.34,53.0,16.0,TORGI-GNSS-20180908T154241.048Z.gpkg,0,Control-41
97,98,18,GPS,24.3,1.34,177.0,36.0,TORGI-GNSS-20180908T154241.048Z.gpkg,0,Control-41
98,99,22,GPS,37.3,1.34,37.0,74.0,TORGI-GNSS-20180908T154241.048Z.gpkg,0,Control-41
99,100,23,GPS,31.1,1.34,272.0,47.0,TORGI-GNSS-20180908T154241.048Z.gpkg,0,Control-41
100,101,26,GPS,30.4,1.34,105.0,13.0,TORGI-GNSS-20180908T154241.048Z.gpkg,0,Control-41
101,102,31,GPS,39.6,1.34,49.0,33.0,TORGI-GNSS-20180908T154241.048Z.gpkg,0,Control-41
102,103,14,Glonass,32.6,-4.05,46.0,29.0,TORGI-GNSS-20180908T154241.048Z.gpkg,0,Control-41
103,104,16,Glonass,26.5,-4.05,167.0,16.0,TORGI-GNSS-20180908T154241.048Z.gpkg,0,Control-41
104,105,15,Glonass,32.0,-4.05,97.0,45.0,TORGI-GNSS-20180908T154241.048Z.gpkg,0,Control-41
105,106,5,Glonass,31.4,-4.05,358.0,49.0,TORGI-GNSS-20180908T154241.048Z.gpkg,0,Control-41
106,107,20,Glonass,19.4,-4.05,243.0,35.0,TORGI-GNSS-20180908T154241.048Z.gpkg,0,Control-41
107,108,21,Glonass,26.6,-4.05,307.0,26.0,TORGI-GNSS-20180908T154241.048Z.gpkg,0,Control-41
108,109,4,Glonass,27.2,-4.05,64.0,28.0,TORGI-GNSS-20180908T154241.048Z.gpkg,0,Control-41
109,110,1,GPS,34.1,1.34,205.0,59.0,TORGI-GNSS-20180908T154241.048Z.gpkg,0,Control-41
110,111,3,GPS,41.0,1.34,336.0,61.0,TORGI-GNSS-20180908T154241.048Z.gpkg,0,Control-41
111,112,11,GPS,33.1,1.34,203.0,30.0,TORGI-GNSS-20180908T154241.048Z.gpkg,0,Control-41
112,113,14,GPS,32.1,1.34,53.0,16.0,TORGI-GNSS-20180908T154241.048Z.gpkg,0,Control-41
113,114,17,GPS,24.9,1.34,288.0,9.0,TORGI-GNSS-20180908T154241.048Z.gpkg,0,Control-41
114,115,18,GPS,22.7,1.34,177.0,36.0,TORGI-GNSS-20180908T154241.048Z.gpkg,0,Control-41
115,116,22,GPS,37.8,1.34,37.0,74.0,TORGI-GNSS-20180908T154241.048Z.gpkg,0,Control-41
116,117,23,GPS,30.4,1.34,272.0,47.0,TORGI-GNSS-20180908T154241.048Z.gpkg,0,Control-41
117,118,26,GPS,26.6,1.34,105.0,13.0,TORGI-GNSS-20180908T154241.048Z.gpkg,0,Control-41
118,119,31,GPS,40.4,1.34,49.0,33.0,TORGI-GNSS-20180908T154241.048Z.gpkg,0,Control-41
119,120,14,Glonass,32.5,-4.12,46.0,29.0,TORGI-GNSS-20180908T154241.048Z.gpkg,0,Control-41
120,121,16,Glonass,25.0,-4.12,167.0,16.0,TORGI-GNSS-20180908T154241.048Z.gpkg,0,Control-41
121,122,15,Glonass,30.8,-4.12,97.0,45.0,TORGI-GNSS-20180908T154241.048Z.gpkg,0,Control-41
122,123,5,Glonass,34.2,-4.12,358.0,49.0,TORGI-GNSS-20180908T154241.048Z.gpkg,0,Control-41
123,124,20,Glonass,19.2,-4.12,243.0,35.0,TORGI-GNSS-20180908T154241.048Z.gpkg,0,Control-41
124,125,21,Glonass,24.9,-4.12,307.0,26.0,TORGI-GNSS-20180908T154241.048Z.gpkg,0,Control-41
125,126,4,Glonass,26.0,-4.12,64.0,28.0,TORGI-GNSS-20180908T154241.048Z.gpkg,0,Control-41
126,127,1,GPS,36.0,1.34,205.0,59.0,TORGI-GNSS-20180908T154241.048Z.gpkg,0,Control-41
127,128,3,GPS,39.1,1.34,336.0,61.0,TORGI-GNSS-20180908T154241.048Z.gpkg,0,Control-41
128,129,11,GPS,34.7,1.34,203.0,30.0,TORGI-GNSS-20180908T154241.048Z.gpkg,0,Control-41
129,130,14,GPS,29.8,1.34,53.0,16.0,TORGI-GNSS-20180908T154241.048Z.gpkg,0,Control-41
130,131,17,GPS,23.8,1.34,288.0,9.0,TORGI-GNSS-20180908T154241.048Z.gpkg,0,Control-41
131,132,18,GPS,19.3,1.34,177.0,36.0,TORGI-GNSS-20180908T154241.048Z.gpkg,0,Control-41
132,133,22,GPS,36.4,1.34,37.0,74.0,TORGI-GNSS-20180908T154241.048Z.gpkg,0,Control-41
133,134,23,GPS,26.5,1.34,272.0,47.0,TORGI-GNSS-20180908T154241.048Z.gpkg,0,Control-41
134,135,26,GPS,26.5,1.34,105.0,13.0,TORGI-GNSS-20180908T154241.048Z.gpkg,0,Control-41
135,136,31,GPS,40.9,1.34,49.0,33.0,TORGI-GNSS-20180908T154241.048Z.gpkg,0,Control-41
136,137,7,Glonass,30.6,0.0,314.0,14.0,TORGI-GNSS-20180908T154241.048Z.gpkg,0,Control-41
137,138,3,GPS,38.3,0.0,132.0,61.0,TORGI-GNSS-20180908T154241.048Z.gpkg,0,Control-41
138,139,6,GPS,23.6,0.0,292.0,27.0,TORGI-GNSS-20180908T154241.048Z.gpkg,0,Control-41
139,140,7,GPS,34.3,0.0,223.0,36.0,TORGI-GNSS-20180908T154241.048Z.gpkg,0,Control-41
140,141,9,GPS,39.4,0.0,312.0,52.0,TORGI-GNSS-20180908T154241.048Z.gpkg,0,Control-41
141,142,16,GPS,34.7,0.0,82.0,31.0,TORGI-GNSS-20180908T154241.048Z.gpkg,0,Control-41
142,143,23,GPS,34.7,0.0,8.0,63.0,TORGI-GNSS-20180908T154241.048Z.gpkg,0,Control-41
143,144,16,Glonass,28.4,-4.34,106.0,75.0,TORGI-GNSS-20180908T154241.048Z.gpkg,0,Control-41
144,145,15,Glonass,24.9,-4.34,29.0,20.0,TORGI-GNSS-20180908T154241.048Z.gpkg,0,Control-41
145,146,5,Glonass,26.4,-4.34,92.0,39.0,TORGI-GNSS-20180908T154241.048Z.gpkg,0,Control-41
146,147,7,Glonass,29.1,-4.34,314.0,14.0,TORGI-GNSS-20180908T154241.048Z.gpkg,0,Control-41
147,148,3,GPS,38.1,0.7,133.0,61.0,TORGI-GNSS-20180908T154241.048Z.gpkg,0,Control-41
148,149,6,GPS,37.1,0.7,291.0,28.0,TORGI-GNSS-20180908T154241.048Z.gpkg,0,Control-41
149,150,7,GPS,34.6,0.7,224.0,37.0,TORGI-GNSS-20180908T154241.048Z.gpkg,0,Control-41
150,151,9,GPS,42.0,0.7,312.0,52.0,TORGI-GNSS-20180908T154241.048Z.gpkg,0,Control-41
151,152,16,GPS,37.4,0.7,82.0,31.0,TORGI-GNSS-20180908T154241.048Z.gpkg,0,Control-41
152,153,22,GPS,28.0,0.7,139.0,37.0,TORGI-GNSS-20180908T154241.048Z.gpkg,0,Control-41
153,154,23,GPS,40.1,0.7,8.0,63.0,TORGI-GNSS-20180908T154241.048Z.gpkg,0,Control-41
154,155,26,GPS,29.5,0.7,53.0,20.0,TORGI-GNSS-20180908T154241.048Z.gpkg,0,Control-41
155,156,9,Glonass,18.1,-4.56,192.0,28.0,TORGI-GNSS-20180908T154241.048Z.gpkg,0,Control-41
156,157,16,Glonass,28.1,-4.56,106.0,75.0,TORGI-GNSS-20180908T154241.048Z.gpkg,0,Control-41
157,158,15,Glonass,25.9,-4.56,29.0,20.0,TORGI-GNSS-20180908T154241.048Z.gpkg,0,Control-41
158,159,5,Glonass,30.4,-4.56,92.0,39.0,TORGI-GNSS-20180908T154241.048Z.gpkg,0,Control-41
159,160,7,Glonass,28.7,-4.56,314.0,14.0,TORGI-GNSS-20180908T154241.048Z.gpkg,0,Control-41
160,161,3,GPS,38.4,0.01,133.0,61.0,TORGI-GNSS-20180908T154241.048Z.gpkg,0,Control-41
161,162,6,GPS,38.9,0.01,291.0,28.0,TORGI-GNSS-20180908T154241.048Z.gpkg,0,Control-41
162,163,7,GPS,37.0,0.01,224.0,37.0,TORGI-GNSS-20180908T154241.048Z.gpkg,0,Control-41
163,164,9,GPS,43.6,0.01,312.0,52.0,TORGI-GNSS-20180908T154241.048Z.gpkg,0,Control-41
164,165,16,GPS,37.4,0.01,82.0,31.0,TORGI-GNSS-20180908T154241.048Z.gpkg,0,Control-41
165,166,22,GPS,23.8,0.01,139.0,37.0,TORGI-GNSS-20180908T154241.048Z.gpkg,0,Control-41
166,167,23,GPS,40.4,0.01,8.0,63.0,TORGI-GNSS-20180908T154241.048Z.gpkg,0,Control-41
167,168,26,GPS,28.6,0.01,53.0,20.0,TORGI-GNSS-20180908T154241.048Z.gpkg,0,Control-41
168,169,9,Glonass,19.9,-4.7,192.0,28.0,TORGI-GNSS-20180908T154241.048Z.gpkg,0,Control-41
169,170,16,Glonass,29.5,-4.7,106.0,75.0,TORGI-GNSS-20180908T154241.048Z.gpkg,0,Control-41
170,171,15,Glonass,26.4,-4.7,29.0,20.0,TORGI-GNSS-20180908T154241.048Z.gpkg,0,Control-41
171,172,5,Glonass,28.7,-4.7,92.0,39.0,TORGI-GNSS-20180908T154241.048Z.gpkg,0,Control-41
172,173,7,Glonass,25.3,-4.7,314.0,14.0,TORGI-GNSS-20180908T154241.048Z.gpkg,0,Control-41
173,174,3,GPS,38.1,0.01,133.0,61.0,TORGI-GNSS-20180908T154241.048Z.gpkg,0,Control-41
174,175,6,GPS,39.4,0.01,291.0,28.0,TORGI-GNSS-20180908T154241.048Z.gpkg,0,Control-41
175,176,7,GPS,35.9,0.01,224.0,37.0,TORGI-GNSS-20180908T154241.048Z.gpkg,0,Control-41
176,177,9,GPS,42.4,0.01,312.0,52.0,TORGI-GNSS-20180908T154241.048Z.gpkg,0,Control-41
177,178,16,GPS,39.8,0.01,82.0,31.0,TORGI-GNSS-20180908T154241.048Z.gpkg,0,Control-41
178,179,22,GPS,31.4,0.01,139.0,37.0,TORGI-GNSS-20180908T154241.048Z.gpkg,0,Control-41
179,180,23,GPS,37.2,0.01,8.0,63.0,TORGI-GNSS-20180908T154241.048Z.gpkg,0,Control-41
180,181,26,GPS,24.5,0.01,53.0,20.0,TORGI-GNSS-20180908T154241.048Z.gpkg,0,Control-41
181,182,9,Glonass,24.3,-4.46,192.0,28.0,TORGI-GNSS-20180908T154241.048Z.gpkg,0,Control-41
182,183,16,Glonass,30.8,-4.46,106.0,75.0,TORGI-GNSS-20180908T154241.048Z.gpkg,0,Control-41
183,184,15,Glonass,22.1,-4.46,29.0,20.0,TORGI-GNSS-20180908T154241.048Z.gpkg,0,Control-41
184,185,5,Glonass,35.3,-4.46,92.0,39.0,TORGI-GNSS-20180908T154241.048Z.gpkg,0,Control-41
185,186,7,Glonass,21.5,-4.46,314.0,14.0,TORGI-GNSS-20180908T154241.048Z.gpkg,0,Control-41
186,187,3,GPS,39.7,0.01,133.0,61.0,TORGI-GNSS-20180908T154241.048Z.gpkg,0,Control-41
187,188,6,GPS,36.5,0.01,291.0,28.0,TORGI-GNSS-20180908T154241.048Z.gpkg,0,Control-41
188,189,7,GPS,34.5,0.01,224.0,37.0,TORGI-GNSS-20180908T154241.048Z.gpkg,0,Control-41
189,190,9,GPS,43.1,0.01,312.0,52.0,TORGI-GNSS-20180908T154241.048Z.gpkg,0,Control-41
190,191,16,GPS,39.4,0.01,82.0,31.0,TORGI-GNSS-20180908T154241.048Z.gpkg,0,Control-41
191,192,22,GPS,31.2,0.01,139.0,37.0,TORGI-GNSS-20180908T154241.048Z.gpkg,0,Control-41
192,193,23,GPS,37.0,0.01,8.0,63.0,TORGI-GNSS-20180908T154241.048Z.gpkg,0,Control-41
193,194,26,GPS,30.1,0.01,53.0,20.0,TORGI-GNSS-20180908T154241.048Z.gpkg,0,Control-41
194,195,22,Glonass,27.8,-4.52,300.0,9.0,TORGI-GNSS-20180908T154241.048Z.gpkg,0,Control-41
195,196,9,Glonass,26.6,-4.52,192.0,28.0,TORGI-GNSS-20180908T154241.048Z.gpkg,0,Control-41
196,197,16,Glonass,31.8,-4.52,106.0,75.0,TORGI-GNSS-20180908T154241.048Z.gpkg,0,Control-41
197,198,15,Glonass,27.7,-4.52,29.0,20.0,TORGI-GNSS-20180908T154241.048Z.gpkg,0,Control-41
198,199,5,Glonass,35.8,-4.52,92.0,39.0,TORGI-GNSS-20180908T154241.048Z.gpkg,0,Control-41
199,200,7,Glonass,26.5,-4.52,314.0,14.0,TORGI-GNSS-20180908T154241.048Z.gpkg,0,Control-41
200,201,3,GPS,42.4,0.23,133.0,61.0,TORGI-GNSS-20180908T154241.048Z.gpkg,0,Control-41
201,202,6,GPS,38.1,0.23,291.0,28.0,TORGI-GNSS-20180908T154241.048Z.gpkg,0,Control-41
202,203,7,GPS,37.7,0.23,224.0,37.0,TORGI-GNSS-20180908T154241.048Z.gpkg,0,Control-41
203,204,9,GPS,43.3,0.23,312.0,52.0,TORGI-GNSS-20180908T154241.048Z.gpkg,0,Control-41
204,205,16,GPS,38.6,0.23,82.0,31.0,TORGI-GNSS-20180908T154241.048Z.gpkg,0,Control-41
205,206,22,GPS,34.7,0.23,139.0,37.0,TORGI-GNSS-20180908T154241.048Z.gpkg,0,Control-41
206,207,23,GPS,36.5,0.23,8.0,63.0,TORGI-GNSS-20180908T154241.048Z.gpkg,0,Control-41
207,208,26,GPS,33.7,0.23,53.0,20.0,TORGI-GNSS-20180908T154241.048Z.gpkg,0,Control-41
208,209,22,Glonass,30.0,9.24,300.0,9.0,TORGI-GNSS-20180908T154241.048Z.gpkg,0,Control-41
209,210,9,Glonass,29.9,9.24,192.0,28.0,TORGI-GNSS-20180908T154241.048Z.gpkg,0,Control-41
210,211,16,Glonass,30.9,9.24,106.0,75.0,TORGI-GNSS-20180908T154241.048Z.gpkg,0,Control-41
211,212,15,Glonass,26.0,9.24,29.0,20.0,TORGI-GNSS-20180908T154241.048Z.gpkg,0,Control-41
212,213,5,Glonass,35.3,9.24,92.0,39.0,TORGI-GNSS-20180908T154241.048Z.gpkg,0,Control-41
213,214,7,Glonass,27.5,9.24,314.0,14.0,TORGI-GNSS-20180908T154241.048Z.gpkg,0,Control-41
214,215,3,GPS,42.3,0.01,133.0,61.0,TORGI-GNSS-20180908T154241.048Z.gpkg,0,Control-41
215,216,6,GPS,38.7,0.01,291.0,28.0,TORGI-GNSS-20180908T154241.048Z.gpkg,0,Control-41
216,217,7,GPS,37.3,0.01,224.0,37.0,TORGI-GNSS-20180908T154241.048Z.gpkg,0,Control-41
217,218,9,GPS,43.8,0.01,312.0,52.0,TORGI-GNSS-20180908T154241.048Z.gpkg,0,Control-41
218,219,16,GPS,39.6,0.01,82.0,31.0,TORGI-GNSS-20180908T154241.048Z.gpkg,0,Control-41
219,220,22,GPS,33.6,0.01,139.0,37.0,TORGI-GNSS-20180908T154241.048Z.gpkg,0,Control-41
220,221,23,GPS,38.0,0.01,8.0,63.0,TORGI-GNSS-20180908T154241.048Z.gpkg,0,Control-41
221,222,26,GPS,34.8,0.01,53.0,20.0,TORGI-GNSS-20180908T154241.048Z.gpkg,0,Control-41
222,223,22,Glonass,29.6,9.35,300.0,9.0,TORGI-GNSS-20180908T154241.048Z.gpkg,0,Control-41
223,224,9,Glonass,29.8,9.35,192.0,28.0,TORGI-GNSS-20180908T154241.048Z.gpkg,0,Control-41
224,225,16,Glonass,29.7,9.35,106.0,75.0,TORGI-GNSS-20180908T154241.048Z.gpkg,0,Control-41
225,226,15,Glonass,21.9,9.35,29.0,20.0,TORGI-GNSS-20180908T154241.048Z.gpkg,0,Control-41
226,227,5,Glonass,36.2,9.35,92.0,39.0,TORGI-GNSS-20180908T154241.048Z.gpkg,0,Control-41
227,228,7,Glonass,28.8,9.35,314.0,14.0,TORGI-GNSS-20180908T154241.048Z.gpkg,0,Control-41
228,229,3,GPS,42.4,0.01,133.0,61.0,TORGI-GNSS-20180908T154241.048Z.gpkg,0,Control-41
229,230,6,GPS,38.0,0.01,291.0,28.0,TORGI-GNSS-20180908T154241.048Z.gpkg,0,Control-41
230,231,7,GPS,36.7,0.01,224.0,37.0,TORGI-GNSS-20180908T154241.048Z.gpkg,0,Control-41
231,232,9,GPS,44.3,0.01,312.0,52.0,TORGI-GNSS-20180908T154241.048Z.gpkg,0,Control-41
232,233,16,GPS,39.6,0.01,82.0,31.0,TORGI-GNSS-20180908T154241.048Z.gpkg,0,Control-41
233,234,22,GPS,33.6,0.01,139.0,37.0,TORGI-GNSS-20180908T154241.048Z.gpkg,0,Control-41
234,235,23,GPS,40.0,0.01,8.0,63.0,TORGI-GNSS-20180908T154241.048Z.gpkg,0,Control-41
235,236,26,GPS,32.6,0.01,53.0,20.0,TORGI-GNSS-20180908T154241.048Z.gpkg,0,Control-41
236,237,22,Glonass,29.1,9.57,300.0,9.0,TORGI-GNSS-20180908T154241.048Z.gpkg,0,Control-41
237,238,9,Glonass,24.2,9.57,192.0,28.0,TORGI-GNSS-20180908T154241.048Z.gpkg,0,Control-41
238,239,16,Glonass,27.7,9.57,106.0,75.0,TORGI-GNSS-20180908T154241.048Z.gpkg,0,Control-41
239,240,15,Glonass,24.8,9.57,29.0,20.0,TORGI-GNSS-20180908T154241.048Z.gpkg,0,Control-41
240,241,5,Glonass,37.1,9.57,92.0,39.0,TORGI-GNSS-20180908T154241.048Z.gpkg,0,Control-41
241,242,7,Glonass,29.7,9.57,314.0,14.0,TORGI-GNSS-20180908T154241.048Z.gpkg,0,Control-41
242,243,3,GPS,40.4,0.01,133.0,61.0,TORGI-GNSS-20180908T154241.048Z.gpkg,0,Control-41
243,244,6,GPS,36.5,0.01,291.0,28.0,TORGI-GNSS-20180908T154241.048Z.gpkg,0,Control-41
244,245,7,GPS,34.2,0.01,224.0,37.0,TORGI-GNSS-20180908T154241.048Z.gpkg,0,Control-41
245,246,9,GPS,43.5,0.01,312.0,52.0,TORGI-GNSS-20180908T154241.048Z.gpkg,0,Control-41
246,247,16,GPS,38.0,0.01,82.0,31.0,TORGI-GNSS-20180908T154241.048Z.gpkg,0,Control-41
247,248,22,GPS,31.1,0.01,139.0,37.0,TORGI-GNSS-20180908T154241.048Z.gpkg,0,Control-41
248,249,23,GPS,38.8,0.01,8.0,63.0,TORGI-GNSS-20180908T154241.048Z.gpkg,0,Control-41
249,250,26,GPS,31.3,0.01,53.0,20.0,TORGI-GNSS-20180908T154241.048Z.gpkg,0,Control-41
250,251,22,Glonass,23.6,10.38,300.0,9.0,TORGI-GNSS-20180908T154241.048Z.gpkg,0,Control-41
251,252,9,Glonass,31.5,10.38,192.0,28.0,TORGI-GNSS-20180908T154241.048Z.gpkg,0,Control-41
252,253,16,Glonass,28.9,10.38,106.0,75.0,TORGI-GNSS-20180908T154241.048Z.gpkg,0,Control-41
253,254,15,Glonass,22.0,10.38,29.0,20.0,TORGI-GNSS-20180908T154241.048Z.gpkg,0,Control-41
254,255,5,Glonass,38.5,10.38,92.0,39.0,TORGI-GNSS-20180908T154241.048Z.gpkg,0,Control-41
255,256,7,Glonass,28.8,10.38,314.0,14.0,TORGI-GNSS-20180908T154241.048Z.gpkg,0,Control-41
256,257,3,GPS,42.0,0.23,133.0,61.0,TORGI-GNSS-20180908T154241.048Z.gpkg,0,Control-41
257,258,6,GPS,36.2,0.23,291.0,28.0,TORGI-GNSS-20180908T154241.048Z.gpkg,0,Control-41
258,259,7,GPS,29.7,0.23,224.0,37.0,TORGI-GNSS-20180908T154241.048Z.gpkg,0,Control-41
259,260,9,GPS,42.2,0.23,312.0,52.0,TORGI-GNSS-20180908T154241.048Z.gpkg,0,Control-41
260,261,16,GPS,36.3,0.23,82.0,31.0,TORGI-GNSS-20180908T154241.048Z.gpkg,0,Control-41
261,262,22,GPS,33.1,0.23,139.0,37.0,TORGI-GNSS-20180908T154241.048Z.gpkg,0,Control-41
262,263,23,GPS,39.6,0.23,8.0,63.0,TORGI-GNSS-20180908T154241.048Z.gpkg,0,Control-41
263,264,26,GPS,31.8,0.23,53.0,20.0,TORGI-GNSS-20180908T154241.048Z.gpkg,0,Control-41
264,265,22,Glonass,30.8,10.16,300.0,9.0,TORGI-GNSS-20180908T154241.048Z.gpkg,0,Control-41
265,266,9,Glonass,27.6,10.16,192.0,28.0,TORGI-GNSS-20180908T154241.048Z.gpkg,0,Control-41
266,267,16,Glonass,27.4,10.16,106.0,75.0,TORGI-GNSS-20180908T154241.048Z.gpkg,0,Control-41
267,268,15,Glonass,18.2,10.16,29.0,20.0,TORGI-GNSS-20180908T154241.048Z.gpkg,0,Control-41
268,269,5,Glonass,34.8,10.16,92.0,39.0,TORGI-GNSS-20180908T154241.048Z.gpkg,0,Control-41
269,270,7,Glonass,30.6,10.16,314.0,14.0,TORGI-GNSS-20180908T154241.048Z.gpkg,0,Control-41
270,271,3,GPS,42.0,0.23,133.0,61.0,TORGI-GNSS-20180908T154241.048Z.gpkg,0,Control-41
271,272,6,GPS,37.1,0.23,291.0,28.0,TORGI-GNSS-20180908T154241.048Z.gpkg,0,Control-41
272,273,7,GPS,32.0,0.23,224.0,37.0,TORGI-GNSS-20180908T154241.048Z.gpkg,0,Control-41
273,274,9,GPS,42.2,0.23,312.0,52.0,TORGI-GNSS-20180908T154241.048Z.gpkg,0,Control-41
274,275,16,GPS,39.9,0.23,82.0,31.0,TORGI-GNSS-20180908T154241.048Z.gpkg,0,Control-41
275,276,22,GPS,34.1,0.23,139.0,37.0,TORGI-GNSS-20180908T154241.048Z.gpkg,0,Control-41
276,277,23,GPS,40.0,0.23,8.0,63.0,TORGI-GNSS-20180908T154241.048Z.gpkg,0,Control-41
277,278,26,GPS,28.7,0.23,53.0,20.0,TORGI-GNSS-20180908T154241.048Z.gpkg,0,Control-41
278,279,22,Glonass,33.3,10.16,300.0,9.0,TORGI-GNSS-20180908T154241.048Z.gpkg,0,Control-41
279,280,9,Glonass,29.4,10.16,192.0,28.0,TORGI-GNSS-20180908T154241.048Z.gpkg,0,Control-41
280,281,16,Glonass,29.0,10.16,106.0,75.0,TORGI-GNSS-20180908T154241.048Z.gpkg,0,Control-41
281,282,15,Glonass,18.2,10.16,29.0,20.0,TORGI-GNSS-20180908T154241.048Z.gpkg,0,Control-41
282,283,5,Glonass,33.9,10.16,92.0,39.0,TORGI-GNSS-20180908T154241.048Z.gpkg,0,Control-41
283,284,7,Glonass,31.7,10.16,314.0,14.0,TORGI-GNSS-20180908T154241.048Z.gpkg,0,Control-41
284,285,3,GPS,41.8,0.23,133.0,61.0,TORGI-GNSS-20180908T154241.048Z.gpkg,0,Control-41
285,286,6,GPS,38.0,0.23,291.0,28.0,TORGI-GNSS-20180908T154241.048Z.gpkg,0,Control-41
286,287,7,GPS,35.2,0.23,224.0,37.0,TORGI-GNSS-20180908T154241.048Z.gpkg,0,Control-41
287,288,9,GPS,40.6,0.23,312.0,52.0,TORGI-GNSS-20180908T154241.048Z.gpkg,0,Control-41
288,289,16,GPS,39.6,0.23,82.0,31.0,TORGI-GNSS-20180908T154241.048Z.gpkg,0,Control-41
289,290,22,GPS,34.9,0.23,139.0,37.0,TORGI-GNSS-20180908T154241.048Z.gpkg,0,Control-41
290,291,23,GPS,39.5,0.23,8.0,63.0,TORGI-GNSS-20180908T154241.048Z.gpkg,0,Control-41
291,292,26,GPS,32.1,0.23,53.0,20.0,TORGI-GNSS-20180908T154241.048Z.gpkg,0,Control-41
292,293,9,Glonass,28.3,10.16,192.0,28.0,TORGI-GNSS-20180908T154241.048Z.gpkg,0,Control-41
293,294,16,Glonass,30.1,10.16,106.0,75.0,TORGI-GNSS-20180908T154241.048Z.gpkg,0,Control-41
294,295,15,Glonass,27.1,10.16,29.0,20.0,TORGI-GNSS-20180908T154241.048Z.gpkg,0,Control-41
295,296,5,Glonass,33.3,10.16,92.0,39.0,TORGI-GNSS-20180908T154241.048Z.gpkg,0,Control-41
296,297,1,GPS,26.7,0.23,182.0,8.0,TORGI-GNSS-20180908T154241.048Z.gpkg,0,Control-41
297,298,3,GPS,38.6,0.23,133.0,61.0,TORGI-GNSS-20180908T154241.048Z.gpkg,0,Control-41
298,299,6,GPS,36.8,0.23,291.0,28.0,TORGI-GNSS-20180908T154241.048Z.gpkg,0,Control-41
299,300,7,GPS,34.2,0.23,224.0,37.0,TORGI-GNSS-20180908T154241.048Z.gpkg,0,Control-41
300,301,9,GPS,41.8,0.23,312.0,52.0,TORGI-GNSS-20180908T154241.048Z.gpkg,0,Control-41
301,302,16,GPS,39.7,0.23,82.0,31.0,TORGI-GNSS-20180908T154241.048Z.gpkg,0,Control-41
302,303,22,GPS,32.2,0.23,139.0,37.0,TORGI-GNSS-20180908T154241.048Z.gpkg,0,Control-41
303,304,23,GPS,37.4,0.23,8.0,63.0,TORGI-GNSS-20180908T154241.048Z.gpkg,0,Control-41
304,305,26,GPS,35.5,0.23,53.0,20.0,TORGI-GNSS-20180908T154241.048Z.gpkg,0,Control-41
305,306,9,GPS,32.9,0.0,314.0,52.0,TORGI-GNSS-20180908T154241.048Z.gpkg,0,Control-41
306,307,22,GPS,30.0,0.0,139.0,37.0,TORGI-GNSS-20180908T154241.048Z.gpkg,0,Control-41
