,id,svid,constellation,cn0,agc,azimuth_deg,elevation_deg,fileName,CONUS,fileId
0,1,21,Glonass,24.4,-7.52,285.0,7.0,TORGI-GNSS-20180829T161209.661Z.gpkg,0,Control-55
1,2,6,GPS,22.8,-8.84,1.0,59.0,TORGI-GNSS-20180829T161209.661Z.gpkg,0,Control-55
2,3,21,Glonass,24.4,-7.42,285.0,7.0,TORGI-GNSS-20180829T161209.661Z.gpkg,0,Control-55
3,4,6,GPS,22.8,-8.63,1.0,59.0,TORGI-GNSS-20180829T161209.661Z.gpkg,0,Control-55
4,5,21,Glonass,24.4,-7.57,285.0,7.0,TORGI-GNSS-20180829T161209.661Z.gpkg,0,Control-55
5,6,2,GPS,23.4,-8.61,274.0,45.0,TORGI-GNSS-20180829T161209.661Z.gpkg,0,Control-55
6,7,6,GPS,22.8,-8.61,1.0,59.0,TORGI-GNSS-20180829T161209.661Z.gpkg,0,Control-55
7,8,24,GPS,23.8,-8.61,264.0,13.0,TORGI-GNSS-20180829T161209.661Z.gpkg,0,Control-55
8,9,21,Glonass,24.4,-7.71,285.0,7.0,TORGI-GNSS-20180829T161209.661Z.gpkg,0,Control-55
9,10,2,GPS,23.4,-8.42,274.0,45.0,TORGI-GNSS-20180829T161209.661Z.gpkg,0,Control-55
10,11,6,GPS,22.8,-8.42,1.0,59.0,TORGI-GNSS-20180829T161209.661Z.gpkg,0,Control-55
11,12,24,GPS,23.8,-8.42,264.0,13.0,TORGI-GNSS-20180829T161209.661Z.gpkg,0,Control-55
12,13,21,Glonass,24.4,-7.76,285.0,7.0,TORGI-GNSS-20180829T161209.661Z.gpkg,0,Control-55
13,14,2,GPS,23.4,-8.56,274.0,45.0,TORGI-GNSS-20180829T161209.661Z.gpkg,0,Control-55
14,15,6,GPS,22.8,-8.56,1.0,59.0,TORGI-GNSS-20180829T161209.661Z.gpkg,0,Control-55
15,16,24,GPS,23.8,-8.56,264.0,13.0,TORGI-GNSS-20180829T161209.661Z.gpkg,0,Control-55
16,17,21,Glonass,24.4,-7.7,285.0,7.0,TORGI-GNSS-20180829T161209.661Z.gpkg,0,Control-55
17,18,2,GPS,24.0,-8.7,274.0,45.0,TORGI-GNSS-20180829T161209.661Z.gpkg,0,Control-55
18,19,6,GPS,22.8,-8.7,1.0,59.0,TORGI-GNSS-20180829T161209.661Z.gpkg,0,Control-55
19,20,24,GPS,23.8,-8.7,264.0,13.0,TORGI-GNSS-20180829T161209.661Z.gpkg,0,Control-55
20,21,21,Glonass,23.5,-7.76,285.0,7.0,TORGI-GNSS-20180829T161209.661Z.gpkg,0,Control-55
21,22,2,GPS,24.6,-8.79,274.0,45.0,TORGI-GNSS-20180829T161209.661Z.gpkg,0,Control-55
22,23,6,GPS,22.8,-8.79,1.0,59.0,TORGI-GNSS-20180829T161209.661Z.gpkg,0,Control-55
23,24,24,GPS,22.8,-8.79,264.0,13.0,TORGI-GNSS-20180829T161209.661Z.gpkg,0,Control-55
24,25,21,Glonass,22.5,-7.75,285.0,7.0,TORGI-GNSS-20180829T161209.661Z.gpkg,0,Control-55
25,26,2,GPS,24.6,-8.68,274.0,45.0,TORGI-GNSS-20180829T161209.661Z.gpkg,0,Control-55
26,27,6,GPS,23.4,-8.68,1.0,59.0,TORGI-GNSS-20180829T161209.661Z.gpkg,0,Control-55
27,28,24,GPS,22.8,-8.68,264.0,13.0,TORGI-GNSS-20180829T161209.661Z.gpkg,0,Control-55
28,29,93,Glonass,26.4,-7.57,0.0,0.0,TORGI-GNSS-20180829T161209.661Z.gpkg,0,Control-55
29,30,101,Glonass,27.1,-7.57,0.0,0.0,TORGI-GNSS-20180829T161209.661Z.gpkg,0,Control-55
30,31,1,GPS,24.4,-8.61,0.0,0.0,TORGI-GNSS-20180829T161209.661Z.gpkg,0,Control-55
31,32,3,GPS,23.5,-8.61,0.0,0.0,TORGI-GNSS-20180829T161209.661Z.gpkg,0,Control-55
32,33,7,GPS,23.6,-8.61,0.0,0.0,TORGI-GNSS-20180829T161209.661Z.gpkg,0,Control-55
33,34,8,GPS,23.6,-8.61,0.0,0.0,TORGI-GNSS-20180829T161209.661Z.gpkg,0,Control-55
34,35,9,GPS,23.3,-8.61,0.0,0.0,TORGI-GNSS-20180829T161209.661Z.gpkg,0,Control-55
35,36,14,GPS,22.6,-8.61,0.0,0.0,TORGI-GNSS-20180829T161209.661Z.gpkg,0,Control-55
36,37,15,GPS,24.8,-8.61,0.0,0.0,TORGI-GNSS-20180829T161209.661Z.gpkg,0,Control-55
37,38,16,GPS,23.7,-8.61,0.0,0.0,TORGI-GNSS-20180829T161209.661Z.gpkg,0,Control-55
38,39,17,GPS,28.2,-8.61,0.0,0.0,TORGI-GNSS-20180829T161209.661Z.gpkg,0,Control-55
39,40,18,GPS,22.9,-8.61,0.0,0.0,TORGI-GNSS-20180829T161209.661Z.gpkg,0,Control-55
40,41,19,GPS,24.2,-8.61,0.0,0.0,TORGI-GNSS-20180829T161209.661Z.gpkg,0,Control-55
41,42,24,GPS,23.2,-8.61,0.0,0.0,TORGI-GNSS-20180829T161209.661Z.gpkg,0,Control-55
42,43,26,GPS,23.3,-8.61,0.0,0.0,TORGI-GNSS-20180829T161209.661Z.gpkg,0,Control-55
43,44,93,Glonass,26.5,-7.2,0.0,0.0,TORGI-GNSS-20180829T161209.661Z.gpkg,0,Control-55
44,45,101,Glonass,26.1,-7.2,0.0,0.0,TORGI-GNSS-20180829T161209.661Z.gpkg,0,Control-55
45,46,1,GPS,24.4,-8.66,0.0,0.0,TORGI-GNSS-20180829T161209.661Z.gpkg,0,Control-55
46,47,3,GPS,23.5,-8.66,0.0,0.0,TORGI-GNSS-20180829T161209.661Z.gpkg,0,Control-55
47,48,7,GPS,23.6,-8.66,0.0,0.0,TORGI-GNSS-20180829T161209.661Z.gpkg,0,Control-55
48,49,8,GPS,23.6,-8.66,0.0,0.0,TORGI-GNSS-20180829T161209.661Z.gpkg,0,Control-55
49,50,9,GPS,23.3,-8.66,0.0,0.0,TORGI-GNSS-20180829T161209.661Z.gpkg,0,Control-55
50,51,14,GPS,22.6,-8.66,0.0,0.0,TORGI-GNSS-20180829T161209.661Z.gpkg,0,Control-55
51,52,15,GPS,24.8,-8.66,0.0,0.0,TORGI-GNSS-20180829T161209.661Z.gpkg,0,Control-55
52,53,16,GPS,23.7,-8.66,0.0,0.0,TORGI-GNSS-20180829T161209.661Z.gpkg,0,Control-55
53,54,17,GPS,28.1,-8.66,0.0,0.0,TORGI-GNSS-20180829T161209.661Z.gpkg,0,Control-55
54,55,18,GPS,22.9,-8.66,0.0,0.0,TORGI-GNSS-20180829T161209.661Z.gpkg,0,Control-55
55,56,19,GPS,23.6,-8.66,0.0,0.0,TORGI-GNSS-20180829T161209.661Z.gpkg,0,Control-55
56,57,24,GPS,23.2,-8.66,0.0,0.0,TORGI-GNSS-20180829T161209.661Z.gpkg,0,Control-55
57,58,26,GPS,23.3,-8.66,0.0,0.0,TORGI-GNSS-20180829T161209.661Z.gpkg,0,Control-55
58,59,93,Glonass,26.3,-7.75,0.0,0.0,TORGI-GNSS-20180829T161209.661Z.gpkg,0,Control-55
59,60,101,Glonass,26.0,-7.75,0.0,0.0,TORGI-GNSS-20180829T161209.661Z.gpkg,0,Control-55
60,61,1,GPS,24.4,-8.66,0.0,0.0,TORGI-GNSS-20180829T161209.661Z.gpkg,0,Control-55
61,62,3,GPS,23.5,-8.66,0.0,0.0,TORGI-GNSS-20180829T161209.661Z.gpkg,0,Control-55
62,63,7,GPS,23.6,-8.66,0.0,0.0,TORGI-GNSS-20180829T161209.661Z.gpkg,0,Control-55
63,64,8,GPS,23.6,-8.66,0.0,0.0,TORGI-GNSS-20180829T161209.661Z.gpkg,0,Control-55
64,65,9,GPS,23.3,-8.66,0.0,0.0,TORGI-GNSS-20180829T161209.661Z.gpkg,0,Control-55
65,66,14,GPS,22.6,-8.66,0.0,0.0,TORGI-GNSS-20180829T161209.661Z.gpkg,0,Control-55
66,67,15,GPS,24.8,-8.66,0.0,0.0,TORGI-GNSS-20180829T161209.661Z.gpkg,0,Control-55
67,68,16,GPS,23.7,-8.66,0.0,0.0,TORGI-GNSS-20180829T161209.661Z.gpkg,0,Control-55
68,69,17,GPS,28.3,-8.66,0.0,0.0,TORGI-GNSS-20180829T161209.661Z.gpkg,0,Control-55
69,70,18,GPS,22.9,-8.66,0.0,0.0,TORGI-GNSS-20180829T161209.661Z.gpkg,0,Control-55
70,71,19,GPS,21.5,-8.66,0.0,0.0,TORGI-GNSS-20180829T161209.661Z.gpkg,0,Control-55
71,72,24,GPS,23.2,-8.66,0.0,0.0,TORGI-GNSS-20180829T161209.661Z.gpkg,0,Control-55
72,73,26,GPS,23.0,-8.66,0.0,0.0,TORGI-GNSS-20180829T161209.661Z.gpkg,0,Control-55
73,74,93,Glonass,26.9,-8.0,0.0,0.0,TORGI-GNSS-20180829T161209.661Z.gpkg,0,Control-55
74,75,101,Glonass,25.3,-8.0,0.0,0.0,TORGI-GNSS-20180829T161209.661Z.gpkg,0,Control-55
75,76,1,GPS,24.4,-8.73,0.0,0.0,TORGI-GNSS-20180829T161209.661Z.gpkg,0,Control-55
76,77,3,GPS,23.5,-8.73,0.0,0.0,TORGI-GNSS-20180829T161209.661Z.gpkg,0,Control-55
77,78,7,GPS,23.6,-8.73,0.0,0.0,TORGI-GNSS-20180829T161209.661Z.gpkg,0,Control-55
78,79,8,GPS,23.6,-8.73,0.0,0.0,TORGI-GNSS-20180829T161209.661Z.gpkg,0,Control-55
79,80,9,GPS,23.3,-8.73,0.0,0.0,TORGI-GNSS-20180829T161209.661Z.gpkg,0,Control-55
80,81,14,GPS,22.6,-8.73,0.0,0.0,TORGI-GNSS-20180829T161209.661Z.gpkg,0,Control-55
81,82,15,GPS,24.8,-8.73,0.0,0.0,TORGI-GNSS-20180829T161209.661Z.gpkg,0,Control-55
82,83,16,GPS,23.7,-8.73,0.0,0.0,TORGI-GNSS-20180829T161209.661Z.gpkg,0,Control-55
83,84,17,GPS,28.0,-8.73,0.0,0.0,TORGI-GNSS-20180829T161209.661Z.gpkg,0,Control-55
84,85,18,GPS,22.9,-8.73,0.0,0.0,TORGI-GNSS-20180829T161209.661Z.gpkg,0,Control-55
85,86,19,GPS,22.7,-8.73,0.0,0.0,TORGI-GNSS-20180829T161209.661Z.gpkg,0,Control-55
86,87,24,GPS,23.2,-8.73,0.0,0.0,TORGI-GNSS-20180829T161209.661Z.gpkg,0,Control-55
87,88,26,GPS,23.0,-8.73,0.0,0.0,TORGI-GNSS-20180829T161209.661Z.gpkg,0,Control-55
