,id,svid,constellation,cn0,agc,azimuth_deg,elevation_deg,fileName,CONUS,fileId
0,1,23,Glonass,27.0,0.0,2.0,49.0,TORGI-GNSS-20180907T080516.075Z.gpkg,0,Control-71
1,2,8,Glonass,29.7,0.0,101.0,50.0,TORGI-GNSS-20180907T080516.075Z.gpkg,0,Control-71
2,3,15,GPS,40.3,0.0,109.0,19.0,TORGI-GNSS-20180907T080516.075Z.gpkg,0,Control-71
3,4,16,GPS,31.4,0.0,313.0,28.0,TORGI-GNSS-20180907T080516.075Z.gpkg,0,Control-71
4,5,20,GPS,31.3,0.0,196.0,49.0,TORGI-GNSS-20180907T080516.075Z.gpkg,0,Control-71
5,6,21,GPS,37.3,0.0,319.0,65.0,TORGI-GNSS-20180907T080516.075Z.gpkg,0,Control-71
6,7,26,GPS,37.1,0.0,286.0,47.0,TORGI-GNSS-20180907T080516.075Z.gpkg,0,Control-71
7,8,29,GPS,41.0,0.0,88.0,51.0,TORGI-GNSS-20180907T080516.075Z.gpkg,0,Control-71
8,9,9,Beidou,31.4,0.0,105.0,30.0,TORGI-GNSS-20180907T080516.075Z.gpkg,0,Control-71
9,10,11,Beidou,32.2,0.0,314.0,43.0,TORGI-GNSS-20180907T080516.075Z.gpkg,0,Control-71
10,11,16,Beidou,33.5,0.0,82.0,30.0,TORGI-GNSS-20180907T080516.075Z.gpkg,0,Control-71
11,12,14,Glonass,24.7,5.31,300.0,26.0,TORGI-GNSS-20180907T080516.075Z.gpkg,0,Control-71
12,13,22,Glonass,27.5,5.31,73.0,23.0,TORGI-GNSS-20180907T080516.075Z.gpkg,0,Control-71
13,14,24,Glonass,26.3,5.31,306.0,25.0,TORGI-GNSS-20180907T080516.075Z.gpkg,0,Control-71
14,15,23,Glonass,24.8,5.31,2.0,49.0,TORGI-GNSS-20180907T080516.075Z.gpkg,0,Control-71
15,16,7,Glonass,21.2,5.31,39.0,26.0,TORGI-GNSS-20180907T080516.075Z.gpkg,0,Control-71
16,17,8,Glonass,28.6,5.31,101.0,50.0,TORGI-GNSS-20180907T080516.075Z.gpkg,0,Control-71
17,18,15,GPS,38.5,2.04,109.0,19.0,TORGI-GNSS-20180907T080516.075Z.gpkg,0,Control-71
18,19,16,GPS,32.4,2.04,313.0,28.0,TORGI-GNSS-20180907T080516.075Z.gpkg,0,Control-71
19,20,20,GPS,33.0,2.04,196.0,49.0,TORGI-GNSS-20180907T080516.075Z.gpkg,0,Control-71
20,21,21,GPS,36.2,2.04,319.0,65.0,TORGI-GNSS-20180907T080516.075Z.gpkg,0,Control-71
21,22,26,GPS,37.9,2.04,286.0,47.0,TORGI-GNSS-20180907T080516.075Z.gpkg,0,Control-71
22,23,29,GPS,41.8,2.04,88.0,51.0,TORGI-GNSS-20180907T080516.075Z.gpkg,0,Control-71
23,24,9,Beidou,32.6,1.78,105.0,30.0,TORGI-GNSS-20180907T080516.075Z.gpkg,0,Control-71
24,25,11,Beidou,31.5,1.78,314.0,43.0,TORGI-GNSS-20180907T080516.075Z.gpkg,0,Control-71
25,26,16,Beidou,32.3,1.78,82.0,30.0,TORGI-GNSS-20180907T080516.075Z.gpkg,0,Control-71
26,27,22,Beidou,34.8,1.78,0.0,0.0,TORGI-GNSS-20180907T080516.075Z.gpkg,0,Control-71
27,28,14,Glonass,24.1,5.86,300.0,26.0,TORGI-GNSS-20180907T080516.075Z.gpkg,0,Control-71
28,29,22,Glonass,24.2,5.86,73.0,23.0,TORGI-GNSS-20180907T080516.075Z.gpkg,0,Control-71
29,30,13,Glonass,24.0,5.86,243.0,28.0,TORGI-GNSS-20180907T080516.075Z.gpkg,0,Control-71
30,31,15,Glonass,23.2,5.86,334.0,5.0,TORGI-GNSS-20180907T080516.075Z.gpkg,0,Control-71
31,32,24,Glonass,24.2,5.86,306.0,25.0,TORGI-GNSS-20180907T080516.075Z.gpkg,0,Control-71
32,33,23,Glonass,28.4,5.86,2.0,49.0,TORGI-GNSS-20180907T080516.075Z.gpkg,0,Control-71
33,34,7,Glonass,29.9,5.86,39.0,26.0,TORGI-GNSS-20180907T080516.075Z.gpkg,0,Control-71
34,35,8,Glonass,28.4,5.86,101.0,50.0,TORGI-GNSS-20180907T080516.075Z.gpkg,0,Control-71
35,36,5,GPS,26.0,2.68,37.0,7.0,TORGI-GNSS-20180907T080516.075Z.gpkg,0,Control-71
36,37,10,GPS,23.1,2.68,201.0,22.0,TORGI-GNSS-20180907T080516.075Z.gpkg,0,Control-71
37,38,13,GPS,27.0,2.68,71.0,7.0,TORGI-GNSS-20180907T080516.075Z.gpkg,0,Control-71
38,39,15,GPS,36.3,2.68,109.0,19.0,TORGI-GNSS-20180907T080516.075Z.gpkg,0,Control-71
39,40,16,GPS,31.4,2.68,313.0,28.0,TORGI-GNSS-20180907T080516.075Z.gpkg,0,Control-71
40,41,20,GPS,33.1,2.68,196.0,49.0,TORGI-GNSS-20180907T080516.075Z.gpkg,0,Control-71
41,42,21,GPS,37.0,2.68,319.0,65.0,TORGI-GNSS-20180907T080516.075Z.gpkg,0,Control-71
42,43,25,GPS,26.4,2.68,167.0,18.0,TORGI-GNSS-20180907T080516.075Z.gpkg,0,Control-71
43,44,26,GPS,36.5,2.68,286.0,47.0,TORGI-GNSS-20180907T080516.075Z.gpkg,0,Control-71
44,45,29,GPS,36.7,2.68,88.0,51.0,TORGI-GNSS-20180907T080516.075Z.gpkg,0,Control-71
