,id,svid,constellation,cn0,agc,azimuth_deg,elevation_deg,fileName,CONUS,fileId
0,1,10,Glonass,35.1,0.78,0.0,0.0,TORGI-GNSS-20180905T045102.194Z.gpkg,0,Control-25
1,2,9,Glonass,38.3,0.78,0.0,0.0,TORGI-GNSS-20180905T045102.194Z.gpkg,0,Control-25
2,3,16,Glonass,12.2,0.78,0.0,0.0,TORGI-GNSS-20180905T045102.194Z.gpkg,0,Control-25
3,4,20,Glonass,28.3,0.78,0.0,0.0,TORGI-GNSS-20180905T045102.194Z.gpkg,0,Control-25
4,5,19,Glonass,21.1,0.78,0.0,0.0,TORGI-GNSS-20180905T045102.194Z.gpkg,0,Control-25
5,6,21,Glonass,36.1,0.78,0.0,0.0,TORGI-GNSS-20180905T045102.194Z.gpkg,0,Control-25
6,7,3,Glonass,15.8,0.78,0.0,0.0,TORGI-GNSS-20180905T045102.194Z.gpkg,0,Control-25
7,8,4,Glonass,15.8,0.78,0.0,0.0,TORGI-GNSS-20180905T045102.194Z.gpkg,0,Control-25
8,9,2,GPS,36.5,1.22,0.0,0.0,TORGI-GNSS-20180905T045102.194Z.gpkg,0,Control-25
9,10,5,GPS,23.8,1.22,0.0,0.0,TORGI-GNSS-20180905T045102.194Z.gpkg,0,Control-25
10,11,12,GPS,31.2,1.22,0.0,0.0,TORGI-GNSS-20180905T045102.194Z.gpkg,0,Control-25
11,12,21,GPS,17.6,1.22,0.0,0.0,TORGI-GNSS-20180905T045102.194Z.gpkg,0,Control-25
12,13,25,GPS,42.0,1.22,0.0,0.0,TORGI-GNSS-20180905T045102.194Z.gpkg,0,Control-25
13,14,29,GPS,38.6,1.22,0.0,0.0,TORGI-GNSS-20180905T045102.194Z.gpkg,0,Control-25
14,15,31,GPS,40.6,1.22,0.0,0.0,TORGI-GNSS-20180905T045102.194Z.gpkg,0,Control-25
15,16,10,Glonass,32.9,0.47,0.0,0.0,TORGI-GNSS-20180905T045102.194Z.gpkg,0,Control-25
16,17,9,Glonass,38.0,0.47,0.0,0.0,TORGI-GNSS-20180905T045102.194Z.gpkg,0,Control-25
17,18,16,Glonass,12.4,0.47,0.0,0.0,TORGI-GNSS-20180905T045102.194Z.gpkg,0,Control-25
18,19,20,Glonass,28.5,0.47,0.0,0.0,TORGI-GNSS-20180905T045102.194Z.gpkg,0,Control-25
19,20,19,Glonass,19.4,0.47,0.0,0.0,TORGI-GNSS-20180905T045102.194Z.gpkg,0,Control-25
20,21,21,Glonass,35.1,0.47,0.0,0.0,TORGI-GNSS-20180905T045102.194Z.gpkg,0,Control-25
21,22,3,Glonass,15.8,0.47,0.0,0.0,TORGI-GNSS-20180905T045102.194Z.gpkg,0,Control-25
22,23,4,Glonass,15.8,0.47,0.0,0.0,TORGI-GNSS-20180905T045102.194Z.gpkg,0,Control-25
23,24,2,GPS,35.0,0.76,0.0,0.0,TORGI-GNSS-20180905T045102.194Z.gpkg,0,Control-25
24,25,5,GPS,22.1,0.76,0.0,0.0,TORGI-GNSS-20180905T045102.194Z.gpkg,0,Control-25
25,26,12,GPS,30.8,0.76,0.0,0.0,TORGI-GNSS-20180905T045102.194Z.gpkg,0,Control-25
26,27,21,GPS,16.9,0.76,0.0,0.0,TORGI-GNSS-20180905T045102.194Z.gpkg,0,Control-25
27,28,25,GPS,40.5,0.76,0.0,0.0,TORGI-GNSS-20180905T045102.194Z.gpkg,0,Control-25
28,29,29,GPS,38.4,0.76,0.0,0.0,TORGI-GNSS-20180905T045102.194Z.gpkg,0,Control-25
29,30,31,GPS,36.0,0.76,0.0,0.0,TORGI-GNSS-20180905T045102.194Z.gpkg,0,Control-25
30,31,10,Glonass,33.1,-0.38,0.0,0.0,TORGI-GNSS-20180905T045102.194Z.gpkg,0,Control-25
31,32,9,Glonass,38.2,-0.38,0.0,0.0,TORGI-GNSS-20180905T045102.194Z.gpkg,0,Control-25
32,33,16,Glonass,12.5,-0.38,0.0,0.0,TORGI-GNSS-20180905T045102.194Z.gpkg,0,Control-25
33,34,20,Glonass,32.3,-0.38,0.0,0.0,TORGI-GNSS-20180905T045102.194Z.gpkg,0,Control-25
34,35,19,Glonass,31.2,-0.38,0.0,0.0,TORGI-GNSS-20180905T045102.194Z.gpkg,0,Control-25
35,36,21,Glonass,33.4,-0.38,0.0,0.0,TORGI-GNSS-20180905T045102.194Z.gpkg,0,Control-25
36,37,3,Glonass,15.2,-0.38,0.0,0.0,TORGI-GNSS-20180905T045102.194Z.gpkg,0,Control-25
37,38,4,Glonass,16.2,-0.38,0.0,0.0,TORGI-GNSS-20180905T045102.194Z.gpkg,0,Control-25
38,39,2,GPS,38.6,-0.35,0.0,0.0,TORGI-GNSS-20180905T045102.194Z.gpkg,0,Control-25
39,40,5,GPS,25.2,-0.35,0.0,0.0,TORGI-GNSS-20180905T045102.194Z.gpkg,0,Control-25
40,41,12,GPS,31.0,-0.35,0.0,0.0,TORGI-GNSS-20180905T045102.194Z.gpkg,0,Control-25
41,42,21,GPS,16.7,-0.35,0.0,0.0,TORGI-GNSS-20180905T045102.194Z.gpkg,0,Control-25
42,43,25,GPS,38.1,-0.35,0.0,0.0,TORGI-GNSS-20180905T045102.194Z.gpkg,0,Control-25
43,44,29,GPS,42.5,-0.35,0.0,0.0,TORGI-GNSS-20180905T045102.194Z.gpkg,0,Control-25
44,45,31,GPS,42.8,-0.35,0.0,0.0,TORGI-GNSS-20180905T045102.194Z.gpkg,0,Control-25
45,46,10,Glonass,27.2,0.17,0.0,0.0,TORGI-GNSS-20180905T045102.194Z.gpkg,0,Control-25
46,47,9,Glonass,35.9,0.17,0.0,0.0,TORGI-GNSS-20180905T045102.194Z.gpkg,0,Control-25
47,48,16,Glonass,12.8,0.17,0.0,0.0,TORGI-GNSS-20180905T045102.194Z.gpkg,0,Control-25
48,49,20,Glonass,31.4,0.17,0.0,0.0,TORGI-GNSS-20180905T045102.194Z.gpkg,0,Control-25
49,50,19,Glonass,30.2,0.17,0.0,0.0,TORGI-GNSS-20180905T045102.194Z.gpkg,0,Control-25
50,51,21,Glonass,34.3,0.17,0.0,0.0,TORGI-GNSS-20180905T045102.194Z.gpkg,0,Control-25
51,52,3,Glonass,14.3,0.17,0.0,0.0,TORGI-GNSS-20180905T045102.194Z.gpkg,0,Control-25
52,53,4,Glonass,16.7,0.17,0.0,0.0,TORGI-GNSS-20180905T045102.194Z.gpkg,0,Control-25
53,54,2,GPS,37.6,0.1,0.0,0.0,TORGI-GNSS-20180905T045102.194Z.gpkg,0,Control-25
54,55,5,GPS,23.9,0.1,0.0,0.0,TORGI-GNSS-20180905T045102.194Z.gpkg,0,Control-25
55,56,12,GPS,32.0,0.1,0.0,0.0,TORGI-GNSS-20180905T045102.194Z.gpkg,0,Control-25
56,57,21,GPS,16.8,0.1,0.0,0.0,TORGI-GNSS-20180905T045102.194Z.gpkg,0,Control-25
57,58,24,GPS,23.7,0.1,0.0,0.0,TORGI-GNSS-20180905T045102.194Z.gpkg,0,Control-25
58,59,25,GPS,37.2,0.1,0.0,0.0,TORGI-GNSS-20180905T045102.194Z.gpkg,0,Control-25
59,60,29,GPS,41.8,0.1,0.0,0.0,TORGI-GNSS-20180905T045102.194Z.gpkg,0,Control-25
60,61,31,GPS,40.7,0.1,0.0,0.0,TORGI-GNSS-20180905T045102.194Z.gpkg,0,Control-25
61,62,10,Glonass,24.6,0.15,0.0,0.0,TORGI-GNSS-20180905T045102.194Z.gpkg,0,Control-25
62,63,9,Glonass,34.3,0.15,0.0,0.0,TORGI-GNSS-20180905T045102.194Z.gpkg,0,Control-25
63,64,16,Glonass,12.8,0.15,0.0,0.0,TORGI-GNSS-20180905T045102.194Z.gpkg,0,Control-25
64,65,20,Glonass,29.2,0.15,0.0,0.0,TORGI-GNSS-20180905T045102.194Z.gpkg,0,Control-25
65,66,19,Glonass,26.8,0.15,0.0,0.0,TORGI-GNSS-20180905T045102.194Z.gpkg,0,Control-25
66,67,21,Glonass,32.6,0.15,0.0,0.0,TORGI-GNSS-20180905T045102.194Z.gpkg,0,Control-25
67,68,3,Glonass,14.4,0.15,0.0,0.0,TORGI-GNSS-20180905T045102.194Z.gpkg,0,Control-25
68,69,4,Glonass,16.7,0.15,0.0,0.0,TORGI-GNSS-20180905T045102.194Z.gpkg,0,Control-25
69,70,2,GPS,36.6,0.0,0.0,0.0,TORGI-GNSS-20180905T045102.194Z.gpkg,0,Control-25
70,71,5,GPS,18.5,0.0,0.0,0.0,TORGI-GNSS-20180905T045102.194Z.gpkg,0,Control-25
71,72,12,GPS,29.4,0.0,0.0,0.0,TORGI-GNSS-20180905T045102.194Z.gpkg,0,Control-25
72,73,21,GPS,16.6,0.0,0.0,0.0,TORGI-GNSS-20180905T045102.194Z.gpkg,0,Control-25
73,74,25,GPS,35.8,0.0,0.0,0.0,TORGI-GNSS-20180905T045102.194Z.gpkg,0,Control-25
74,75,29,GPS,38.9,0.0,0.0,0.0,TORGI-GNSS-20180905T045102.194Z.gpkg,0,Control-25
75,76,31,GPS,37.8,0.0,0.0,0.0,TORGI-GNSS-20180905T045102.194Z.gpkg,0,Control-25
