,id,svid,constellation,cn0,agc,azimuth_deg,elevation_deg,fileName,CONUS,fileId
0,1,10,Glonass,22.7,0.0,298.0,26.0,TORGI-GNSS-20180911T075415.602Z.gpkg,0,Control-84
1,2,9,Glonass,23.8,0.0,241.0,27.0,TORGI-GNSS-20180911T075415.602Z.gpkg,0,Control-84
2,3,10,GPS,25.5,0.0,202.0,23.0,TORGI-GNSS-20180911T075415.602Z.gpkg,0,Control-84
3,4,16,GPS,20.2,0.0,312.0,29.0,TORGI-GNSS-20180911T075415.602Z.gpkg,0,Control-84
4,5,26,GPS,28.3,0.0,284.0,48.0,TORGI-GNSS-20180911T075415.602Z.gpkg,0,Control-84
5,6,27,GPS,21.6,0.0,0.0,0.0,TORGI-GNSS-20180911T075415.602Z.gpkg,0,Control-84
6,7,31,GPS,32.0,0.0,234.0,4.0,TORGI-GNSS-20180911T075415.602Z.gpkg,0,Control-84
7,8,10,Glonass,28.1,-0.69,298.0,26.0,TORGI-GNSS-20180911T075415.602Z.gpkg,0,Control-84
8,9,18,Glonass,20.0,-0.69,0.0,0.0,TORGI-GNSS-20180911T075415.602Z.gpkg,0,Control-84
9,10,9,Glonass,22.0,-0.69,241.0,27.0,TORGI-GNSS-20180911T075415.602Z.gpkg,0,Control-84
10,11,3,Glonass,18.5,-0.69,36.0,23.0,TORGI-GNSS-20180911T075415.602Z.gpkg,0,Control-84
11,12,10,GPS,22.6,0.13,202.0,23.0,TORGI-GNSS-20180911T075415.602Z.gpkg,0,Control-84
12,13,20,GPS,20.9,0.13,198.0,51.0,TORGI-GNSS-20180911T075415.602Z.gpkg,0,Control-84
13,14,26,GPS,24.6,0.13,284.0,48.0,TORGI-GNSS-20180911T075415.602Z.gpkg,0,Control-84
14,15,29,GPS,21.5,0.13,91.0,49.0,TORGI-GNSS-20180911T075415.602Z.gpkg,0,Control-84
15,16,31,GPS,31.4,0.13,234.0,4.0,TORGI-GNSS-20180911T075415.602Z.gpkg,0,Control-84
16,17,10,Glonass,26.5,-0.39,298.0,26.0,TORGI-GNSS-20180911T075415.602Z.gpkg,0,Control-84
17,18,18,Glonass,20.2,-0.39,78.0,17.0,TORGI-GNSS-20180911T075415.602Z.gpkg,0,Control-84
18,19,9,Glonass,20.8,-0.39,241.0,27.0,TORGI-GNSS-20180911T075415.602Z.gpkg,0,Control-84
19,20,3,Glonass,18.5,-0.39,36.0,23.0,TORGI-GNSS-20180911T075415.602Z.gpkg,0,Control-84
20,21,10,GPS,19.9,0.28,202.0,23.0,TORGI-GNSS-20180911T075415.602Z.gpkg,0,Control-84
21,22,16,GPS,16.7,0.28,312.0,29.0,TORGI-GNSS-20180911T075415.602Z.gpkg,0,Control-84
22,23,20,GPS,20.5,0.28,198.0,51.0,TORGI-GNSS-20180911T075415.602Z.gpkg,0,Control-84
23,24,25,GPS,19.0,0.28,167.0,17.0,TORGI-GNSS-20180911T075415.602Z.gpkg,0,Control-84
24,25,26,GPS,23.7,0.28,284.0,48.0,TORGI-GNSS-20180911T075415.602Z.gpkg,0,Control-84
25,26,27,GPS,20.1,0.28,0.0,0.0,TORGI-GNSS-20180911T075415.602Z.gpkg,0,Control-84
26,27,29,GPS,22.4,0.28,91.0,49.0,TORGI-GNSS-20180911T075415.602Z.gpkg,0,Control-84
27,28,31,GPS,26.9,0.28,234.0,4.0,TORGI-GNSS-20180911T075415.602Z.gpkg,0,Control-84
28,29,10,Glonass,19.7,-0.67,298.0,26.0,TORGI-GNSS-20180911T075415.602Z.gpkg,0,Control-84
29,30,18,Glonass,19.6,-0.67,78.0,17.0,TORGI-GNSS-20180911T075415.602Z.gpkg,0,Control-84
30,31,9,Glonass,20.8,-0.67,241.0,27.0,TORGI-GNSS-20180911T075415.602Z.gpkg,0,Control-84
31,32,3,Glonass,18.5,-0.67,36.0,23.0,TORGI-GNSS-20180911T075415.602Z.gpkg,0,Control-84
32,33,10,GPS,18.0,0.2,202.0,23.0,TORGI-GNSS-20180911T075415.602Z.gpkg,0,Control-84
33,34,15,GPS,16.6,0.2,108.0,20.0,TORGI-GNSS-20180911T075415.602Z.gpkg,0,Control-84
34,35,16,GPS,19.5,0.2,312.0,29.0,TORGI-GNSS-20180911T075415.602Z.gpkg,0,Control-84
35,36,20,GPS,19.3,0.2,198.0,51.0,TORGI-GNSS-20180911T075415.602Z.gpkg,0,Control-84
36,37,21,GPS,15.7,0.2,323.0,66.0,TORGI-GNSS-20180911T075415.602Z.gpkg,0,Control-84
37,38,25,GPS,19.4,0.2,167.0,17.0,TORGI-GNSS-20180911T075415.602Z.gpkg,0,Control-84
38,39,26,GPS,28.2,0.2,284.0,48.0,TORGI-GNSS-20180911T075415.602Z.gpkg,0,Control-84
39,40,27,GPS,19.8,0.2,0.0,0.0,TORGI-GNSS-20180911T075415.602Z.gpkg,0,Control-84
40,41,29,GPS,20.0,0.2,91.0,49.0,TORGI-GNSS-20180911T075415.602Z.gpkg,0,Control-84
41,42,31,GPS,29.2,0.2,234.0,4.0,TORGI-GNSS-20180911T075415.602Z.gpkg,0,Control-84
42,43,10,Glonass,19.4,-0.71,298.0,26.0,TORGI-GNSS-20180911T075415.602Z.gpkg,0,Control-84
43,44,18,Glonass,25.3,-0.71,78.0,17.0,TORGI-GNSS-20180911T075415.602Z.gpkg,0,Control-84
44,45,9,Glonass,23.8,-0.71,241.0,27.0,TORGI-GNSS-20180911T075415.602Z.gpkg,0,Control-84
45,46,3,Glonass,18.5,-0.71,36.0,23.0,TORGI-GNSS-20180911T075415.602Z.gpkg,0,Control-84
46,47,10,GPS,19.6,0.08,202.0,23.0,TORGI-GNSS-20180911T075415.602Z.gpkg,0,Control-84
47,48,15,GPS,17.8,0.08,108.0,20.0,TORGI-GNSS-20180911T075415.602Z.gpkg,0,Control-84
48,49,16,GPS,19.8,0.08,312.0,29.0,TORGI-GNSS-20180911T075415.602Z.gpkg,0,Control-84
49,50,20,GPS,18.2,0.08,198.0,51.0,TORGI-GNSS-20180911T075415.602Z.gpkg,0,Control-84
50,51,21,GPS,15.8,0.08,323.0,66.0,TORGI-GNSS-20180911T075415.602Z.gpkg,0,Control-84
51,52,25,GPS,19.1,0.08,167.0,17.0,TORGI-GNSS-20180911T075415.602Z.gpkg,0,Control-84
52,53,26,GPS,28.2,0.08,284.0,48.0,TORGI-GNSS-20180911T075415.602Z.gpkg,0,Control-84
53,54,27,GPS,19.1,0.08,0.0,0.0,TORGI-GNSS-20180911T075415.602Z.gpkg,0,Control-84
54,55,29,GPS,20.6,0.08,91.0,49.0,TORGI-GNSS-20180911T075415.602Z.gpkg,0,Control-84
55,56,31,GPS,27.3,0.08,234.0,4.0,TORGI-GNSS-20180911T075415.602Z.gpkg,0,Control-84
56,57,10,Glonass,18.6,-0.78,298.0,26.0,TORGI-GNSS-20180911T075415.602Z.gpkg,0,Control-84
57,58,18,Glonass,19.0,-0.78,78.0,17.0,TORGI-GNSS-20180911T075415.602Z.gpkg,0,Control-84
58,59,9,Glonass,26.3,-0.78,241.0,27.0,TORGI-GNSS-20180911T075415.602Z.gpkg,0,Control-84
59,60,3,Glonass,15.3,-0.78,36.0,23.0,TORGI-GNSS-20180911T075415.602Z.gpkg,0,Control-84
60,61,5,GPS,15.9,0.08,37.0,5.0,TORGI-GNSS-20180911T075415.602Z.gpkg,0,Control-84
61,62,10,GPS,23.5,0.08,202.0,23.0,TORGI-GNSS-20180911T075415.602Z.gpkg,0,Control-84
62,63,13,GPS,15.1,0.08,70.0,7.0,TORGI-GNSS-20180911T075415.602Z.gpkg,0,Control-84
63,64,15,GPS,18.8,0.08,108.0,20.0,TORGI-GNSS-20180911T075415.602Z.gpkg,0,Control-84
64,65,16,GPS,21.2,0.08,312.0,29.0,TORGI-GNSS-20180911T075415.602Z.gpkg,0,Control-84
65,66,20,GPS,18.5,0.08,198.0,51.0,TORGI-GNSS-20180911T075415.602Z.gpkg,0,Control-84
66,67,21,GPS,16.4,0.08,323.0,66.0,TORGI-GNSS-20180911T075415.602Z.gpkg,0,Control-84
67,68,25,GPS,19.2,0.08,167.0,17.0,TORGI-GNSS-20180911T075415.602Z.gpkg,0,Control-84
68,69,26,GPS,23.3,0.08,284.0,48.0,TORGI-GNSS-20180911T075415.602Z.gpkg,0,Control-84
69,70,27,GPS,18.8,0.08,0.0,0.0,TORGI-GNSS-20180911T075415.602Z.gpkg,0,Control-84
70,71,29,GPS,23.7,0.08,91.0,49.0,TORGI-GNSS-20180911T075415.602Z.gpkg,0,Control-84
71,72,31,GPS,27.8,0.08,234.0,4.0,TORGI-GNSS-20180911T075415.602Z.gpkg,0,Control-84
72,73,16,Beidou,15.6,0.41,82.0,31.0,TORGI-GNSS-20180911T075415.602Z.gpkg,0,Control-84
73,74,10,Glonass,19.0,-0.66,298.0,26.0,TORGI-GNSS-20180911T075415.602Z.gpkg,0,Control-84
74,75,18,Glonass,19.0,-0.66,78.0,17.0,TORGI-GNSS-20180911T075415.602Z.gpkg,0,Control-84
75,76,9,Glonass,24.3,-0.66,241.0,27.0,TORGI-GNSS-20180911T075415.602Z.gpkg,0,Control-84
76,77,3,Glonass,14.4,-0.66,36.0,23.0,TORGI-GNSS-20180911T075415.602Z.gpkg,0,Control-84
77,78,5,GPS,15.2,0.18,37.0,5.0,TORGI-GNSS-20180911T075415.602Z.gpkg,0,Control-84
78,79,10,GPS,24.0,0.18,202.0,23.0,TORGI-GNSS-20180911T075415.602Z.gpkg,0,Control-84
79,80,13,GPS,14.9,0.18,70.0,7.0,TORGI-GNSS-20180911T075415.602Z.gpkg,0,Control-84
80,81,15,GPS,18.7,0.18,108.0,20.0,TORGI-GNSS-20180911T075415.602Z.gpkg,0,Control-84
81,82,16,GPS,19.5,0.18,312.0,29.0,TORGI-GNSS-20180911T075415.602Z.gpkg,0,Control-84
82,83,20,GPS,19.2,0.18,198.0,51.0,TORGI-GNSS-20180911T075415.602Z.gpkg,0,Control-84
83,84,21,GPS,16.8,0.18,323.0,66.0,TORGI-GNSS-20180911T075415.602Z.gpkg,0,Control-84
84,85,25,GPS,18.6,0.18,167.0,17.0,TORGI-GNSS-20180911T075415.602Z.gpkg,0,Control-84
85,86,26,GPS,22.7,0.18,284.0,48.0,TORGI-GNSS-20180911T075415.602Z.gpkg,0,Control-84
86,87,27,GPS,18.6,0.18,0.0,0.0,TORGI-GNSS-20180911T075415.602Z.gpkg,0,Control-84
87,88,29,GPS,18.5,0.18,91.0,49.0,TORGI-GNSS-20180911T075415.602Z.gpkg,0,Control-84
88,89,31,GPS,33.8,0.18,234.0,4.0,TORGI-GNSS-20180911T075415.602Z.gpkg,0,Control-84
89,90,16,Beidou,15.6,0.48,82.0,31.0,TORGI-GNSS-20180911T075415.602Z.gpkg,0,Control-84
90,91,10,Glonass,19.0,-0.66,298.0,26.0,TORGI-GNSS-20180911T075415.602Z.gpkg,0,Control-84
91,92,18,Glonass,17.0,-0.66,78.0,17.0,TORGI-GNSS-20180911T075415.602Z.gpkg,0,Control-84
92,93,9,Glonass,19.9,-0.66,241.0,27.0,TORGI-GNSS-20180911T075415.602Z.gpkg,0,Control-84
93,94,3,Glonass,14.4,-0.66,36.0,23.0,TORGI-GNSS-20180911T075415.602Z.gpkg,0,Control-84
94,95,5,GPS,15.0,0.23,37.0,5.0,TORGI-GNSS-20180911T075415.602Z.gpkg,0,Control-84
95,96,10,GPS,25.0,0.23,202.0,23.0,TORGI-GNSS-20180911T075415.602Z.gpkg,0,Control-84
96,97,13,GPS,14.6,0.23,70.0,7.0,TORGI-GNSS-20180911T075415.602Z.gpkg,0,Control-84
97,98,15,GPS,18.2,0.23,108.0,20.0,TORGI-GNSS-20180911T075415.602Z.gpkg,0,Control-84
98,99,16,GPS,19.1,0.23,312.0,29.0,TORGI-GNSS-20180911T075415.602Z.gpkg,0,Control-84
99,100,20,GPS,16.7,0.23,198.0,51.0,TORGI-GNSS-20180911T075415.602Z.gpkg,0,Control-84
100,101,21,GPS,16.2,0.23,323.0,66.0,TORGI-GNSS-20180911T075415.602Z.gpkg,0,Control-84
101,102,25,GPS,18.1,0.23,167.0,17.0,TORGI-GNSS-20180911T075415.602Z.gpkg,0,Control-84
102,103,26,GPS,23.6,0.23,284.0,48.0,TORGI-GNSS-20180911T075415.602Z.gpkg,0,Control-84
103,104,27,GPS,18.1,0.23,0.0,0.0,TORGI-GNSS-20180911T075415.602Z.gpkg,0,Control-84
104,105,29,GPS,21.4,0.23,91.0,49.0,TORGI-GNSS-20180911T075415.602Z.gpkg,0,Control-84
105,106,31,GPS,32.4,0.23,234.0,4.0,TORGI-GNSS-20180911T075415.602Z.gpkg,0,Control-84
106,107,10,Glonass,15.3,-0.63,298.0,26.0,TORGI-GNSS-20180911T075415.602Z.gpkg,0,Control-84
107,108,18,Glonass,19.2,-0.63,78.0,17.0,TORGI-GNSS-20180911T075415.602Z.gpkg,0,Control-84
108,109,9,Glonass,23.6,-0.63,241.0,27.0,TORGI-GNSS-20180911T075415.602Z.gpkg,0,Control-84
109,110,3,Glonass,13.4,-0.63,36.0,23.0,TORGI-GNSS-20180911T075415.602Z.gpkg,0,Control-84
110,111,5,GPS,15.2,0.2,37.0,5.0,TORGI-GNSS-20180911T075415.602Z.gpkg,0,Control-84
111,112,10,GPS,24.2,0.2,202.0,23.0,TORGI-GNSS-20180911T075415.602Z.gpkg,0,Control-84
112,113,13,GPS,14.6,0.2,70.0,7.0,TORGI-GNSS-20180911T075415.602Z.gpkg,0,Control-84
113,114,15,GPS,18.1,0.2,108.0,20.0,TORGI-GNSS-20180911T075415.602Z.gpkg,0,Control-84
114,115,16,GPS,19.1,0.2,312.0,29.0,TORGI-GNSS-20180911T075415.602Z.gpkg,0,Control-84
115,116,20,GPS,18.0,0.2,198.0,51.0,TORGI-GNSS-20180911T075415.602Z.gpkg,0,Control-84
116,117,21,GPS,16.2,0.2,323.0,66.0,TORGI-GNSS-20180911T075415.602Z.gpkg,0,Control-84
117,118,25,GPS,17.8,0.2,167.0,17.0,TORGI-GNSS-20180911T075415.602Z.gpkg,0,Control-84
118,119,26,GPS,21.5,0.2,284.0,48.0,TORGI-GNSS-20180911T075415.602Z.gpkg,0,Control-84
119,120,27,GPS,17.7,0.2,0.0,0.0,TORGI-GNSS-20180911T075415.602Z.gpkg,0,Control-84
120,121,29,GPS,19.6,0.2,91.0,49.0,TORGI-GNSS-20180911T075415.602Z.gpkg,0,Control-84
121,122,31,GPS,33.3,0.2,234.0,4.0,TORGI-GNSS-20180911T075415.602Z.gpkg,0,Control-84
122,123,16,Beidou,14.0,0.55,82.0,31.0,TORGI-GNSS-20180911T075415.602Z.gpkg,0,Control-84
123,124,10,Glonass,17.1,-0.73,298.0,26.0,TORGI-GNSS-20180911T075415.602Z.gpkg,0,Control-84
124,125,18,Glonass,19.0,-0.73,78.0,17.0,TORGI-GNSS-20180911T075415.602Z.gpkg,0,Control-84
125,126,9,Glonass,17.8,-0.73,241.0,27.0,TORGI-GNSS-20180911T075415.602Z.gpkg,0,Control-84
126,127,5,Glonass,14.5,-0.73,164.0,26.0,TORGI-GNSS-20180911T075415.602Z.gpkg,0,Control-84
127,128,3,Glonass,14.3,-0.73,36.0,23.0,TORGI-GNSS-20180911T075415.602Z.gpkg,0,Control-84
128,129,4,Glonass,12.0,-0.73,102.0,51.0,TORGI-GNSS-20180911T075415.602Z.gpkg,0,Control-84
129,130,5,GPS,15.8,0.15,37.0,5.0,TORGI-GNSS-20180911T075415.602Z.gpkg,0,Control-84
130,131,10,GPS,16.7,0.15,202.0,23.0,TORGI-GNSS-20180911T075415.602Z.gpkg,0,Control-84
131,132,13,GPS,14.3,0.15,70.0,7.0,TORGI-GNSS-20180911T075415.602Z.gpkg,0,Control-84
132,133,15,GPS,18.1,0.15,108.0,20.0,TORGI-GNSS-20180911T075415.602Z.gpkg,0,Control-84
133,134,16,GPS,16.6,0.15,312.0,29.0,TORGI-GNSS-20180911T075415.602Z.gpkg,0,Control-84
134,135,20,GPS,16.1,0.15,198.0,51.0,TORGI-GNSS-20180911T075415.602Z.gpkg,0,Control-84
135,136,21,GPS,16.1,0.15,323.0,66.0,TORGI-GNSS-20180911T075415.602Z.gpkg,0,Control-84
136,137,25,GPS,17.6,0.15,167.0,17.0,TORGI-GNSS-20180911T075415.602Z.gpkg,0,Control-84
137,138,26,GPS,22.1,0.15,284.0,48.0,TORGI-GNSS-20180911T075415.602Z.gpkg,0,Control-84
138,139,27,GPS,17.4,0.15,0.0,0.0,TORGI-GNSS-20180911T075415.602Z.gpkg,0,Control-84
139,140,29,GPS,17.9,0.15,91.0,49.0,TORGI-GNSS-20180911T075415.602Z.gpkg,0,Control-84
140,141,31,GPS,24.9,0.15,234.0,4.0,TORGI-GNSS-20180911T075415.602Z.gpkg,0,Control-84
141,142,16,Beidou,14.0,0.53,82.0,31.0,TORGI-GNSS-20180911T075415.602Z.gpkg,0,Control-84
