,id,svid,constellation,cn0,agc,azimuth_deg,elevation_deg,fileName,CONUS,fileId
0,1,10,Glonass,27.2,0.17,0.0,0.0,TORGI-GNSS-20180905T045105.269Z.gpkg,0,Control-20
1,2,9,Glonass,35.9,0.17,0.0,0.0,TORGI-GNSS-20180905T045105.269Z.gpkg,0,Control-20
2,3,16,Glonass,12.8,0.17,0.0,0.0,TORGI-GNSS-20180905T045105.269Z.gpkg,0,Control-20
3,4,20,Glonass,31.4,0.17,0.0,0.0,TORGI-GNSS-20180905T045105.269Z.gpkg,0,Control-20
4,5,19,Glonass,30.2,0.17,0.0,0.0,TORGI-GNSS-20180905T045105.269Z.gpkg,0,Control-20
5,6,21,Glonass,34.3,0.17,0.0,0.0,TORGI-GNSS-20180905T045105.269Z.gpkg,0,Control-20
6,7,3,Glonass,14.3,0.17,0.0,0.0,TORGI-GNSS-20180905T045105.269Z.gpkg,0,Control-20
7,8,4,Glonass,16.7,0.17,0.0,0.0,TORGI-GNSS-20180905T045105.269Z.gpkg,0,Control-20
8,9,2,GPS,37.6,0.1,0.0,0.0,TORGI-GNSS-20180905T045105.269Z.gpkg,0,Control-20
9,10,5,GPS,23.9,0.1,0.0,0.0,TORGI-GNSS-20180905T045105.269Z.gpkg,0,Control-20
10,11,12,GPS,32.0,0.1,0.0,0.0,TORGI-GNSS-20180905T045105.269Z.gpkg,0,Control-20
11,12,21,GPS,16.8,0.1,0.0,0.0,TORGI-GNSS-20180905T045105.269Z.gpkg,0,Control-20
12,13,24,GPS,23.7,0.1,0.0,0.0,TORGI-GNSS-20180905T045105.269Z.gpkg,0,Control-20
13,14,25,GPS,37.2,0.1,0.0,0.0,TORGI-GNSS-20180905T045105.269Z.gpkg,0,Control-20
14,15,29,GPS,41.8,0.1,0.0,0.0,TORGI-GNSS-20180905T045105.269Z.gpkg,0,Control-20
15,16,31,GPS,40.7,0.1,0.0,0.0,TORGI-GNSS-20180905T045105.269Z.gpkg,0,Control-20
16,17,10,Glonass,24.6,0.15,0.0,0.0,TORGI-GNSS-20180905T045105.269Z.gpkg,0,Control-20
17,18,9,Glonass,34.3,0.15,0.0,0.0,TORGI-GNSS-20180905T045105.269Z.gpkg,0,Control-20
18,19,16,Glonass,12.8,0.15,0.0,0.0,TORGI-GNSS-20180905T045105.269Z.gpkg,0,Control-20
19,20,20,Glonass,29.2,0.15,0.0,0.0,TORGI-GNSS-20180905T045105.269Z.gpkg,0,Control-20
20,21,19,Glonass,26.8,0.15,0.0,0.0,TORGI-GNSS-20180905T045105.269Z.gpkg,0,Control-20
21,22,21,Glonass,32.6,0.15,0.0,0.0,TORGI-GNSS-20180905T045105.269Z.gpkg,0,Control-20
22,23,3,Glonass,14.4,0.15,0.0,0.0,TORGI-GNSS-20180905T045105.269Z.gpkg,0,Control-20
23,24,4,Glonass,16.7,0.15,0.0,0.0,TORGI-GNSS-20180905T045105.269Z.gpkg,0,Control-20
24,25,2,GPS,36.6,0.0,0.0,0.0,TORGI-GNSS-20180905T045105.269Z.gpkg,0,Control-20
25,26,5,GPS,18.5,0.0,0.0,0.0,TORGI-GNSS-20180905T045105.269Z.gpkg,0,Control-20
26,27,12,GPS,29.4,0.0,0.0,0.0,TORGI-GNSS-20180905T045105.269Z.gpkg,0,Control-20
27,28,21,GPS,16.6,0.0,0.0,0.0,TORGI-GNSS-20180905T045105.269Z.gpkg,0,Control-20
28,29,25,GPS,35.8,0.0,0.0,0.0,TORGI-GNSS-20180905T045105.269Z.gpkg,0,Control-20
29,30,29,GPS,38.9,0.0,0.0,0.0,TORGI-GNSS-20180905T045105.269Z.gpkg,0,Control-20
30,31,31,GPS,37.8,0.0,0.0,0.0,TORGI-GNSS-20180905T045105.269Z.gpkg,0,Control-20
